"Number","Part No.","Part description","Free text","Vendor part no.","Group number","Group name","Quantity","Lot","Total","Tax","Total including tax","Unit cost","Currency","Total (in currency)","Tax (in currency)","Total including tax (in currency)","Unit cost (in currency)","Status","Product status","Created by","Created","Expected date","Arrival date","Order ID","Order date","Invoice ID","Invoice date","Due date","Shipped on","Delay","Vendor number","Vendor name","PO free text","B.W.E. Job ID","PO Emailed","Attention","NOTES","ACCOUNT","Notes","BWE added value cost","Buy Price","Supplier 1","S1 Buy price","Vender Part Number","Supplier 2","S2 Buy Price","Vender 2 Part Number","Sell Price"
"PO00505","A0001407","20MM PLATE STAINLESS STEEL 316 #1","1 X 2438MM X 1219MM X 20MM PLATE",,,,2.972,"L02199",2684,268.4,2952.4,903.09555854643,"AUD",2684,268.4,2952.4,903.09555854643,"Ordered","Planned","Admin","04/08/2026","11/08/2026",,,"04/08/2026",,,"11/08/2026",,,"V00245","MIDWAY METALS",,"JET","Y","DERRYN F",,"Y",,,,,,,,,,
"PO00505","A00141","FREIGHT INWARD",,,"AG00011","FREIGHT INWARD",1,"L02200",0,0,0,0,"AUD",0,0,0,0,"Ordered","Planned","Admin","04/08/2026","11/08/2026",,,"04/08/2026",,,"11/08/2026",,,"V00245","MIDWAY METALS",,"JET","Y","DERRYN F",,"Y",,,,,,,,,,
"PO00504",1,"BWEGProduction","WHITH T-SHIRT RAGS - (BAG)",,"AG00004","Blue Water Engineering",1,"L02196",1,,1,1,"$",1,,1,1,"Ordered","Planned","Admin","31/07/2026","04/08/2026",,,"31/07/2026",,,,,1,"V00193","PR CLEANING RAGS",,"RAGS",,"DERRYN F",,"Y",,,,,,,,,,
"PO00503","A0002126","150mm x 12mm MILD STEEL FLAT BAR","10 X 6 METER LENGTHS",,,,60,"L02191",1679.4,167.94,1847.34,27.99,"$",1679.4,167.94,1847.34,27.99,"Ordered","Planned","Admin","30/07/2026","04/08/2026",,,"30/07/2026",,,"05/08/2026",,1,"V00087","VULCAN ENGINEERING STEELS",,"FLAT","Y","DERRYN F",,,,,,,,,,,,
"PO00503","A0002127","25mm X 6mm MILD STEEL FLAT BAR","10 X 6 METER LENGTHS",,,,60,"L02192",147.7,14.77,162.47,2.4616666666667,"$",147.7,14.77,162.47,2.4616666666667,"Ordered","Planned","Admin","30/07/2026","04/08/2026",,,"30/07/2026",,,"05/08/2026",,1,"V00087","VULCAN ENGINEERING STEELS",,"FLAT","Y","DERRYN F",,,,,,,,,,,,
"PO00503","FREIGHT","FREIGHT",,,,,1,"L02193",113,11.3,124.3,113,"$",113,11.3,124.3,113,"Ordered","Planned","Admin","30/07/2026","04/08/2026",,,"30/07/2026",,,"05/08/2026",,1,"V00087","VULCAN ENGINEERING STEELS",,"FLAT","Y","DERRYN F",,,,,,,,,,,,
"PO00502",1,"BWEGProduction","""P"" - E-POLISHED",,"AG00004","Blue Water Engineering",1,"L02189",1,0.1,1.1,1,"AUD",1,0.1,1.1,1,"Ordered","Planned","Admin","30/07/2026","30/07/2026",,,"30/07/2026",,,,,6,"V00279","SOUTHERN STAINLESS",,"EPOLISH","Y","DERRYN F",,"Y",,,,,,,,,,
"PO00502",23292,"""YOT BLUE"" MIRROR POLISHED SIGN - 700MM OD.","E-POLISHED",,,,1,"L02188",1,0.1,1.1,1,"AUD",1,0.1,1.1,1,"Ordered","Planned","Admin","30/07/2026","30/07/2026",,,"30/07/2026",,,,,6,"V00279","SOUTHERN STAINLESS",,"EPOLISH","Y","DERRYN F",,"Y",,,,,,,,,,
"PO00501","A0002122","STAINLESS STEEL SHEET","3X1250X2500 GRADE 4003",,,,2,"L02182",2,0.2,2.2,1,"$",2,0.2,2.2,1,"New PO","Requested","David C","27/07/2026","27/07/2026",,,,,,,,9,"V00245","MIDWAY METALS",,"STOCK","Y","DERRYN F",,"Y",,,,,,,,,,
"PO00501","FREIGHT","FREIGHT",,,,,1,"L02183",1,0.1,1.1,1,"$",1,0.1,1.1,1,"New PO","Requested","David C","27/07/2026","27/07/2026",,,,,,,,9,"V00245","MIDWAY METALS",,"STOCK","Y","DERRYN F",,"Y",,,,,,,,,,
"PO00500","A0001061","POWDER COAT PARTS AS SUPPLIED","65 X 1000",,,,3,"L02180",3,0.3,3.3,1,"$",3,0.3,3.3,1,"New PO","Requested","David C","27/07/2026","27/07/2026",,,,,,,,9,"V00122","GOLD COAST ELECTROPLATING",,"STOCK","Y","JOHN Mc",,,,,,,,,,,,
"PO00500","A0001061","POWDER COAT PARTS AS SUPPLIED","65 X 1200 SPREADERS",,,,4,"L02179",4,0.4,4.4,1,"$",4,0.4,4.4,1,"New PO","Requested","David C","27/07/2026","27/07/2026",,,,,,,,9,"V00122","GOLD COAST ELECTROPLATING",,"STOCK","Y","JOHN Mc",,,,,,,,,,,,
"PO00500","A0001061","POWDER COAT PARTS AS SUPPLIED","65 X 1500 SPREADERS",,,,6,"L02178",6,0.6,6.6,1,"$",6,0.6,6.6,1,"New PO","Requested","David C","27/07/2026","27/07/2026",,,,,,,,9,"V00122","GOLD COAST ELECTROPLATING",,"STOCK","Y","JOHN Mc",,,,,,,,,,,,
"PO00499","A0001054","12MM 316 STAINLESS STEEL","1200X2400",,,,2.88,"L02176",0,0,0,0,"AUD",0,0,0,0,"Ordered","Planned","David C","24/07/2026","27/07/2026",,,"28/07/2026",,,"31/07/2026",,9,"V00313","Dalsteel Metals",,"STOCK","Y","DERRYN F",,,,,,,,,,,,
"PO00499","FREIGHT","FREIGHT",,,,,1,"L02177",0,0,0,0,"AUD",0,0,0,0,"Ordered","Planned","David C","24/07/2026","27/07/2026",,,"28/07/2026",,,"31/07/2026",,9,"V00313","Dalsteel Metals",,"STOCK","Y","DERRYN F",,,,,,,,,,,,
"PO00498","A0000943","ELECTROPOLISH - SOUTHERN STAINLESS","HIVAC PAD MOUNTS",,,,39,"L02175",39,3.9,42.9,1,"$",39,3.9,42.9,1,"New PO","Requested","David C","23/07/2026","30/07/2026",,,,,,,,6,"V00279","SOUTHERN STAINLESS",,"STOCK","Y","JOHN Mc",,"Y",,,,,,,,,,
"PO00498","A0000943","ELECTROPOLISH - SOUTHERN STAINLESS","SIGN TOKO",,,,1,"L02181",1,0.1,1.1,1,"$",1,0.1,1.1,1,"New PO","Requested","David C","23/07/2026","03/08/2026",,,,,,,,2,"V00279","SOUTHERN STAINLESS",,"STOCK","Y","JOHN Mc",,"Y",,,,,,,,,,
"PO00497","A011111111","MATERIAL AS DESCRIBED","1/2 INCH ROUND FREE MACHINING BRASS X 3.6M LONG",,,,2,"L02172",144,14.4,158.4,72,"$",144,14.4,158.4,72,"New PO","Requested","David C","22/07/2026","22/07/2026",,,,,,,,14,"V00224","BRASS & COPPER PTY LTD","BWE TO ORGANISE TRANSPORT","STOCK","Y","STEPHEN P",,,,,,,,,,,,
"PO00497","A011111111","MATERIAL AS DESCRIBED","3/16 INCH ROUND BRASS 3.6M LONG",,,,1,"L02173",19.2,1.92,21.12,19.2,"$",19.2,1.92,21.12,19.2,"New PO","Requested","David C","22/07/2026","22/07/2026",,,,,,,,14,"V00224","BRASS & COPPER PTY LTD","BWE TO ORGANISE TRANSPORT","STOCK","Y","STEPHEN P",,,,,,,,,,,,
"PO00497","A011111111","MATERIAL AS DESCRIBED","3/8 INCH ROUND COPPER 3.6M LONG",,,,1,"L02174",29.5,2.95,32.45,29.5,"$",29.5,2.95,32.45,29.5,"New PO","Requested","David C","22/07/2026","22/07/2026",,,,,,,,14,"V00224","BRASS & COPPER PTY LTD","BWE TO ORGANISE TRANSPORT","STOCK","Y","STEPHEN P",,,,,,,,,,,,
"PO00497","A011111111","MATERIAL AS DESCRIBED","50.8 X 31.75 BRASS FLAT BAR 3.6M LONG",,,,1,"L02171",1139.5,113.95,1253.45,1139.5,"$",1139.5,113.95,1253.45,1139.5,"New PO","Requested","David C","22/07/2026","22/07/2026",,,,,,,,14,"V00224","BRASS & COPPER PTY LTD","BWE TO ORGANISE TRANSPORT","STOCK","Y","STEPHEN P",,,,,,,,,,,,
"PO00496","A0001061","POWDER COAT PARTS AS SUPPLIED","NOY_GNG_005 - Trigger Tube",,,,10,"L02164",10,1,11,1,"$",10,1,11,1,"New PO","Requested","David C","20/07/2026","20/07/2026",,,,,,,,16,"V00183","BUNDALL POWDER COATING",,"NATIONAL ENGINEERING","Y","DERRYN F",,"Y",,,,,,,,,,
"PO00496","A0001061","POWDER COAT PARTS AS SUPPLIED","NOY_GNG_006 - Barrel Tube",,,,10,"L02165",10,1,11,1,"$",10,1,11,1,"New PO","Requested","David C","20/07/2026","20/07/2026",,,,,,,,16,"V00183","BUNDALL POWDER COATING",,"NATIONAL ENGINEERING","Y","DERRYN F",,"Y",,,,,,,,,,
"PO00496","A0001061","POWDER COAT PARTS AS SUPPLIED","NOY_GNG_007 - Barrel End Plate",,,,10,"L02166",10,1,11,1,"$",10,1,11,1,"New PO","Requested","David C","20/07/2026","20/07/2026",,,,,,,,16,"V00183","BUNDALL POWDER COATING",,"NATIONAL ENGINEERING","Y","DERRYN F",,"Y",,,,,,,,,,
"PO00496","A0001061","POWDER COAT PARTS AS SUPPLIED","NOY_GNG_012 - Handle V2",,,,10,"L02167",10,1,11,1,"$",10,1,11,1,"New PO","Requested","David C","20/07/2026","20/07/2026",,,,,,,,16,"V00183","BUNDALL POWDER COATING",,"NATIONAL ENGINEERING","Y","DERRYN F",,"Y",,,,,,,,,,
"PO00496","A0001061","POWDER COAT PARTS AS SUPPLIED","NOY_GNG_014 - Barrel Baffel Plate",,,,10,"L02168",10,1,11,1,"$",10,1,11,1,"New PO","Requested","David C","20/07/2026","20/07/2026",,,,,,,,16,"V00183","BUNDALL POWDER COATING",,"NATIONAL ENGINEERING","Y","DERRYN F",,"Y",,,,,,,,,,
"PO00496","A0001061","POWDER COAT PARTS AS SUPPLIED","NOY_GNG_015 - Handle Clamp",,,,10,"L02169",10,1,11,1,"$",10,1,11,1,"New PO","Requested","David C","20/07/2026","20/07/2026",,,,,,,,16,"V00183","BUNDALL POWDER COATING",,"NATIONAL ENGINEERING","Y","DERRYN F",,"Y",,,,,,,,,,
"PO00496","A0001061","POWDER COAT PARTS AS SUPPLIED","NOY_GNG_015~01 - Handle Long Clamp",,,,10,"L02170",10,1,11,1,"$",10,1,11,1,"New PO","Requested","David C","20/07/2026","20/07/2026",,,,,,,,16,"V00183","BUNDALL POWDER COATING",,"NATIONAL ENGINEERING","Y","DERRYN F",,"Y",,,,,,,,,,
"PO00495",1,"BWEGProduction","DELIVERY SURCHARGE",,"AG00004","Blue Water Engineering",1,"L02161",20,2,22,20,"AUD",20,2,22,20,"Received","Received","Admin","17/07/2026","22/07/2026","28/07/2026",,"17/07/2026",,,"22/07/2026",,6,9340011,"BLUESCOPE DISTRIBUTION",,"Stock","Y","DERRYN F",,,,,,,,,,,,
"PO00495",1,"BWEGProduction","SMALL ORDER SERVICE FEE",,"AG00004","Blue Water Engineering",1,"L02160",50,5,55,50,"AUD",50,5,55,50,"Received","Received","Admin","17/07/2026","22/07/2026","28/07/2026",,"17/07/2026",,,"22/07/2026",,6,9340011,"BLUESCOPE DISTRIBUTION",,"Stock","Y","DERRYN F",,,,,,,,,,,,
"PO00495","A0001649","PTC-38-3-MSBL-6350","6 X FULL LENGHTS",,,,38.1,"L02158",354.33,35.43,389.76,9.3,"AUD",354.33,35.43,389.76,9.3,"Received","Received","Admin","17/07/2026","22/07/2026","28/07/2026",,"17/07/2026",,,"22/07/2026",,6,9340011,"BLUESCOPE DISTRIBUTION",,"Stock","Y","DERRYN F",,,,,,,,,,,,
"PO00495","A00141","FREIGHT INWARD",,,"AG00011","FREIGHT INWARD",1,"L02159",150,15,165,150,"AUD",150,15,165,150,"Received","Received","Admin","17/07/2026","22/07/2026","28/07/2026",,"17/07/2026",,,"22/07/2026",,6,9340011,"BLUESCOPE DISTRIBUTION",,"Stock","Y","DERRYN F",,,,,,,,,,,,
"PO00494",1,"BWEGProduction","25 MM OPAL ACRYLIC AS DRAWING  ATTACHED",,"AG00004","Blue Water Engineering",1,"L02157",378.4,37.84,416.24,378.4,"$",378.4,37.84,416.24,378.4,"Ordered","Planned","Admin","17/07/2026","24/07/2026",,,"17/07/2026",,,"28/07/2026",,12,"V00249","BELOVED ORANGE",,"YOT","Y","DERRYN F",,,,,,,,,,,,
"PO00493","A0001061","POWDER COAT PARTS AS SUPPLIED","PALLET RACK MAIN FRAME",,,,1,"L02151",1,0.1,1.1,1,"$",1,0.1,1.1,1,"New PO","Requested","David C","16/07/2026","16/07/2026",,,,,,,,20,"V00183","BUNDALL POWDER COATING",,"STOCK","Y","JOHN Mc",,"Y",,,,,,,,,,
"PO00493","A0001061","POWDER COAT PARTS AS SUPPLIED","SET DOWN LEGS",,,,2,"L02152",2,0.2,2.2,1,"$",2,0.2,2.2,1,"New PO","Requested","David C","16/07/2026","16/07/2026",,,,,,,,20,"V00183","BUNDALL POWDER COATING",,"STOCK","Y","JOHN Mc",,"Y",,,,,,,,,,
"PO00492","Round Bar Ø20 6060 T5 AL","Round Bar Ø20 6060 T5 AL","2 x full lengths",,"AG00009.17","Material Raw Round Bar Aluminium",8,"L02150",77.44,7.74,85.18,9.68,"AUD",77.44,7.74,85.18,9.68,"Ordered","Planned","Admin","15/07/2026","15/07/2026",,,"15/07/2026",,,"16/07/2026",,21,"V00114","ACTION ALUMINIUM",,"noy","Y","DERRYN F",,"N",,,,,,,,,,
"PO00491","RB31025I   MIDWAY","25.40MM DIA T431 Q&T ROUND BAR CG/h8","10 x 4 meter full lengths",,,,40,"L02149",1280,128,1408,32,"AUD",1280,128,1408,32,"Received","Received","Admin","15/07/2026","24/07/2026","31/07/2026",,"15/07/2026",,,"24/07/2026",,7,"V00245","MIDWAY METALS",,"GEM","Y","DERRYN F",,"Y",,,,,,,,,,
"PO00490",1,"BWEGProduction","NON RETURN VALVE - ANNODISED BLACK",,"AG00004","Blue Water Engineering",40,"L02147",40,4,44,1,"AUD",40,4,44,1,"Ordered","Planned","Admin","15/07/2026","27/07/2026",,,"15/07/2026",,,"27/07/2026",,9,"V00206","SPECIALISED ANODISING SERVICE",,"ANO","Y","DERRYN F",,,,,,,,,,,,
"PO00490",1,"BWEGProduction","WATER JET PARTS - ANNODISED BLACK",,"AG00004","Blue Water Engineering",6,"L02148",6,0.6,6.6,1,"AUD",6,0.6,6.6,1,"Ordered","Planned","Admin","15/07/2026","27/07/2026",,,"15/07/2026",,,"27/07/2026",,9,"V00206","SPECIALISED ANODISING SERVICE",,"ANO","Y","DERRYN F",,,,,,,,,,,,
"PO00490","A0001630","Reusable cartridge - annodised and laser etch logo. (same size primer size hole as the black plastic","SHOT GUN ADAPTORS - ANNODISED ORANGE",,,,55,"L02146",55,5.5,60.5,1,"AUD",55,5.5,60.5,1,"Ordered","Planned","Admin","15/07/2026","27/07/2026",,,"15/07/2026",,,"27/07/2026",,9,"V00206","SPECIALISED ANODISING SERVICE",,"ANO","Y","DERRYN F",,,,,,,,,,,,
"PO00489","A0000982","Corflute 2440 x 1220 x 3 mm Thick White",,,,,20,"L02143",307,30.7,337.7,15.35,"AUD",307,30.7,337.7,15.35,"Ordered","Planned","Admin","14/07/2026","28/07/2026",,,"14/07/2026",,,"28/07/2026",,8,"V00061","BFS PLASTICS PTY LTD",,"STOCK","Y","DERRYN F",,"N",,,,,,,,,,
"PO00489","A00141","FREIGHT INWARD","includes $11.25 fuel levy",,"AG00011","FREIGHT INWARD",1,"L02144",75,7.5,82.5,75,"AUD",75,7.5,82.5,75,"Ordered","Planned","Admin","14/07/2026","28/07/2026",,,"14/07/2026",,,"28/07/2026",,8,"V00061","BFS PLASTICS PTY LTD",,"STOCK","Y","DERRYN F",,"N",,,,,,,,,,
"PO00488","A0000526","BMGARSUPD20 SUPER BLAST GARNET D 80# TONNE",,"BMGARSUPD20","AG00004.3","Water Jet Cutting",4,"L02142",2380,238,2618,595,"AUD",2380,238,2618,595,"Ordered","Planned","Admin","14/07/2026","14/07/2026",,,"14/07/2026",,,"17/07/2026",,22,"V00198","INDUSTRIAL MINERALS",,"JET","Y","DERRYN F",,,,,595.00,"INDUSTRIAL MINERALS",,,,,,
"PO00487","VLPH-006","Hydraulic hose and 90deg fitting 450mm",,,"AG00005.1","Hydraulic",12,"L02136",677.75,67.78,745.53,56.479166666667,"$",677.75,67.78,745.53,56.479166666667,"Received","Received","David C","13/07/2026","13/07/2026","30/07/2026",,,1,"30/07/2026","30/07/2026",,17,"V00171","TAIPAN PTY LTD",,"STOCK","Y","JOHN Mc",,,,,"$23",,,,"'-","'-",,
"PO00487","VLPH-007","Hydraulic hose and 90deg fitting 800mm",,,"AG00005.1","Hydraulic",4,"L02135",119.2,11.92,131.12,29.8,"$",119.2,11.92,131.12,29.8,"Received","Received","David C","13/07/2026","13/07/2026","30/07/2026",,,1,"30/07/2026","30/07/2026",,17,"V00171","TAIPAN PTY LTD",,"STOCK","Y","JOHN Mc",,,,,"$29.80",,,,"'-","'-",,
"PO00486","FREIGHT","FREIGHT",,,,,1,"L02134",1,0.1,1.1,1,"AUD",1,0.1,1.1,1,"New PO","Requested","David C","13/07/2026","03/08/2026",,,,,,,,2,"V00202","HYDRAULICS NETWORK",,"STOCK","Y","JOHN Mc",,,,,,,,,,,,
"PO00486","VLPH-009","Dual inline pilot check valve",,"VRDE380-19P","AG00005.1","Hydraulic",5,"L02137",404.25,40.43,444.68,80.85,"AUD",404.25,40.43,444.68,80.85,"New PO","Requested","David C","13/07/2026","03/08/2026",,,,,,,,2,"V00202","HYDRAULICS NETWORK",,"STOCK","Y","JOHN Mc",,,,,0,,,,"'-","'-",,
"PO00486","VLPH-013","Hyd Power Pack W 1.4L Tank 2500psi 0.75cc Vertical Mount Kit",,"08DA131ZV0752S","AG00005.1","Hydraulic",2,"L02133",1751,175.1,1926.1,875.5,"AUD",1751,175.1,1926.1,875.5,"New PO","Requested","David C","13/07/2026","03/08/2026",,,,,,,,2,"V00202","HYDRAULICS NETWORK",,"STOCK","Y","JOHN Mc",,,,,917.40,,,,"'-","'-",,
"PO00485","A0000727","FORKLIFT GAS","15KG + 2  RETURN",,,,2,"L02130",42,,42,21,"AUD",42,,42,21,"Ordered","Planned","Admin","10/07/2026","14/07/2026",,,"10/07/2026",,,"14/07/2026",,22,"V00328","SUPAGAS",,"GAS","Y","DERRYN F","FORKLIFT GAS = $1.50 PER MONTH RENT / ARGON = $8 / SUPASHIELD","N",,,,,,,,,,
"PO00485","A0002105","OXYGEN ""G""","NEW",,,,1,"L02131",1,,1,1,"AUD",1,,1,1,"Ordered","Planned","Admin","10/07/2026","14/07/2026",,,"10/07/2026",,,"14/07/2026",,22,"V00328","SUPAGAS",,"GAS","Y","DERRYN F","FORKLIFT GAS = $1.50 PER MONTH RENT / ARGON = $8 / SUPASHIELD","N",,,,,,,,,,
"PO00485","A0002106","ACETYLENE ""G""","NEW",,,,1,"L02132",1,,1,1,"AUD",1,,1,1,"Ordered","Planned","Admin","10/07/2026","14/07/2026",,,"10/07/2026",,,"14/07/2026",,22,"V00328","SUPAGAS",,"GAS","Y","DERRYN F","FORKLIFT GAS = $1.50 PER MONTH RENT / ARGON = $8 / SUPASHIELD","N",,,,,,,,,,
"PO00484","A00120","Hi-Vac Vulcanized Rubber Plate",,,"AG00004.1","Vaclift",20,"L02128",2600,260,2860,130,"$",2600,260,2860,130,"New PO","Requested","David C","10/07/2026","31/07/2026",,,,,,,,5,"CU0001","ALLIED RUBBER",,"STOCK","Y","JOHN Mc",,,,,,,,,,,,
"PO00484","FREIGHT","FREIGHT",,,,,1,"L02129",1,0.1,1.1,1,"$",1,0.1,1.1,1,"New PO","Requested","David C","10/07/2026","31/07/2026",,,,,,,,5,"CU0001","ALLIED RUBBER",,"STOCK","Y","JOHN Mc",,,,,,,,,,,,
"PO00483","A0001061","POWDER COAT PARTS AS SUPPLIED","ATK_W_0001 - 1.5L Air Tank Weldment",,,,19,"L02127",19,1.9,20.9,1,"$",19,1.9,20.9,1,"New PO","Requested","David C","10/07/2026","10/07/2026",,,,,,,,26,"V00183","BUNDALL POWDER COATING",,"STOCK","Y","JOHN Mc",,"Y",,,,,,,,,,
"PO00483","A0001061","POWDER COAT PARTS AS SUPPLIED","BA_AS_0560_001 -  Boom Arm 560mm L Assembly",,,,2,"L02124",2,0.2,2.2,1,"$",2,0.2,2.2,1,"New PO","Requested","David C","10/07/2026","10/07/2026",,,,,,,,26,"V00183","BUNDALL POWDER COATING",,"STOCK","Y","JOHN Mc",,"Y",,,,,,,,,,
"PO00483","A0001061","POWDER COAT PARTS AS SUPPLIED","CVL1000NT_01MF_001_REV A - Main Frame 0-1000kg Weldment",,,,2,"L02123",2,0.2,2.2,1,"$",2,0.2,2.2,1,"New PO","Requested","David C","10/07/2026","10/07/2026",,,,,,,,26,"V00183","BUNDALL POWDER COATING",,"STOCK","Y","JOHN Mc",,"Y",,,,,,,,,,
"PO00483","A0001061","POWDER COAT PARTS AS SUPPLIED","FLTT_002 - Tyne Lock M20",,,,10,"L02126",10,1,11,1,"$",10,1,11,1,"New PO","Requested","David C","10/07/2026","10/07/2026",,,,,,,,26,"V00183","BUNDALL POWDER COATING",,"STOCK","Y","JOHN Mc",,"Y",,,,,,,,,,
"PO00483","A0001061","POWDER COAT PARTS AS SUPPLIED","FVL SET DOWN LEGS",,,,2,"L02125",2,0.2,2.2,1,"$",2,0.2,2.2,1,"New PO","Requested","David C","10/07/2026","10/07/2026",,,,,,,,26,"V00183","BUNDALL POWDER COATING",,"STOCK","Y","JOHN Mc",,"Y",,,,,,,,,,
"PO00483","A0001061","POWDER COAT PARTS AS SUPPLIED","FVL1000NT_01MF_001 - Main Frame 0-1000kg Weldment",,,,1,"L02122",1,0.1,1.1,1,"$",1,0.1,1.1,1,"New PO","Requested","David C","10/07/2026","10/07/2026",,,,,,,,26,"V00183","BUNDALL POWDER COATING",,"STOCK","Y","JOHN Mc",,"Y",,,,,,,,,,
"PO00482",1,"BWEGProduction","FOLD AS DRAWING PROVIDED",,"AG00004","Blue Water Engineering",1,"L02121",100,10,110,100,"AUD",100,10,110,100,"Ordered","Planned","Admin","10/07/2026","15/07/2026",,,"10/07/2026",,,"15/07/2026",,21,"V00150","NOEL K SHEETMETAL",,"FOLDING","Y","DERRYN F",,,,,,,,,,,,
"PO00481","4mm Plate Stainless Steel 304 2B","4mm Plate Stainless Steel 304 2B","2438 X 1219 X 4MM - 2 PLATES",,"AG00009.12","Material Raw Sheet & Plate Stainless Steel",5.94,"L02101",1000,100,1100,168.35016835017,"AUD",1000,100,1100,168.35016835017,"Ordered","Planned","Admin","09/07/2026","14/07/2026",,,"09/07/2026",,,"14/07/2026",,22,"V00245","MIDWAY METALS",,"VAC","Y","DERRYN F",,"Y",,,,,,,,,,
"PO00481","A0001345","5MM PLATE 4003 N1 STAINLESS STEEL","2500 X 1250 X 5MM - 3 PLATES",,,,9.37,"L02102",1320,132,1452,140.87513340448,"AUD",1320,132,1452,140.87513340448,"Ordered","Planned","Admin","09/07/2026","14/07/2026",,,"09/07/2026",,,"14/07/2026",,22,"V00245","MIDWAY METALS",,"VAC","Y","DERRYN F",,"Y",,,,,,,,,,
"PO00480",1,"BWEGProduction","DELIVERY SURCHARGE",,"AG00004","Blue Water Engineering",1,"L02100",20,2,22,20,"AUD",20,2,22,20,"Received","Received","Admin","08/07/2026","13/07/2026","13/07/2026",,"08/07/2026",,,"13/07/2026",,0,9340011,"BLUESCOPE DISTRIBUTION",,"NQ","Y","DERRYN F",,,,,,,,,,,,
"PO00480",1,"BWEGProduction","SMALL ORDER SERVICE FEE",,"AG00004","Blue Water Engineering",1,"L02099",50,5,55,50,"AUD",50,5,55,50,"Received","Received","Admin","08/07/2026","13/07/2026","13/07/2026",,"08/07/2026",,,"13/07/2026",,0,9340011,"BLUESCOPE DISTRIBUTION",,"NQ","Y","DERRYN F",,,,,,,,,,,,
"PO00480","A0001649","PTC-38-3-MSBL-6350","6 X FULL LENGHTS",,,,19.5,"L02097",180.38,18.04,198.42,9.2502564102564,"AUD",180.38,18.04,198.42,9.2502564102564,"Received","Received","Admin","08/07/2026","13/07/2026","13/07/2026",,"08/07/2026",,,"13/07/2026",,0,9340011,"BLUESCOPE DISTRIBUTION",,"NQ","Y","DERRYN F",,,,,,,,,,,,
"PO00480","A00141","FREIGHT INWARD",,,"AG00011","FREIGHT INWARD",1,"L02098",150,15,165,150,"AUD",150,15,165,150,"Received","Received","Admin","08/07/2026","13/07/2026","13/07/2026",,"08/07/2026",,,"13/07/2026",,0,9340011,"BLUESCOPE DISTRIBUTION",,"NQ","Y","DERRYN F",,,,,,,,,,,,
"PO00479",1,"BWEGProduction","Cut to size – 40mm 6061 aluminium – 400mm x 380mm.",,"AG00004","Blue Water Engineering",1,"L02096",282.27,28.23,310.5,282.27,"AUD",282.27,28.23,310.5,282.27,"Ordered","Planned","Admin","08/07/2026","15/07/2026",,,"08/07/2026",,,"15/07/2026",,21,"V00114","ACTION ALUMINIUM",,"STOCK","Y","DERRYN F",,"N",,,,,,,,,,
"PO00478","A0002099","ISOPROPYL ALCHOHOL 2L",,"T3037","AG00004","Blue Water Engineering",1,"L02118",35.5,3.55,39.05,35.5,"AUD",35.5,3.55,39.05,35.5,"New PO","Requested","David C","07/07/2026","07/08/2026",,,,,,,,,"V00042","ALTRONICS",,"STOCK",,"JOHN Mc",,,,,,,,,,,,
"PO00478","A0002100","CONTACT CLEANER LUBRICANT AEROSOL 175G",,"T3061A","AG00004","Blue Water Engineering",1,"L02119",14.75,1.48,16.23,14.75,"AUD",14.75,1.48,16.23,14.75,"New PO","Requested","David C","07/07/2026","07/08/2026",,,,,,,,,"V00042","ALTRONICS",,"STOCK",,"JOHN Mc",,,,,,,,,,,,
"PO00478","VLPE-024","3pin plug XLR female chassis (control box)charger",,"PO850","AG00005.3","Electrical",12,"L02108",83.76,8.38,92.14,6.98,"AUD",83.76,8.38,92.14,6.98,"New PO","Requested","David C","07/07/2026","07/08/2026",,,,,,,,,"V00042","ALTRONICS",,"STOCK",,"JOHN Mc",,,,,"$5.66","Altronics",,"P0850","Electus","'-","PS1054",
"PO00478","VLPE-030","Buzzer (small) for pendant",,"S6109","AG00005.3","Electrical",12,"L02115",25.8,2.58,28.38,2.15,"AUD",25.8,2.58,28.38,2.15,"New PO","Requested","David C","07/07/2026","07/08/2026",,,,,,,,,"V00042","ALTRONICS",,"STOCK",,"JOHN Mc",,,,,"$3.95","altronics",,"S6109","electus","'-","AB-3462",
"PO00478","VLPE-083","resistor 10K ohm for battery indicator",,"R7582","AG00005.3","Electrical",4,"L02107",5.2,0.52,5.72,1.3,"AUD",5.2,0.52,5.72,1.3,"New PO","Requested","David C","07/07/2026","07/08/2026",,,,,,,,,"V00042","ALTRONICS",,"STOCK",,"JOHN Mc",,,,,,,,,"'-","'-",,
"PO00478","VLPE-086","10 Way 5.08mm Vert. PCB Mount Boxed Pluggable Skt",,"P2580","AG00004.1","Vaclift",12,"L02116",10.56,1.06,11.62,0.88,"AUD",10.56,1.06,11.62,0.88,"New PO","Requested","David C","07/07/2026","07/08/2026",,,,,,,,,"V00042","ALTRONICS",,"STOCK",,"JOHN Mc",,,,,,,,,,,,
"PO00478","VLPE-087","Socket PCB 12way vertical dinkle 5.08",,"S2582","AG00005.3","Electrical",12,"L02114",12.36,1.24,13.6,1.03,"AUD",12.36,1.24,13.6,1.03,"New PO","Requested","David C","07/07/2026","07/08/2026",,,,,,,,,"V00042","ALTRONICS",,"STOCK",,"JOHN Mc",,,,,".96c","Alltronics",,,"'-","'-",,
"PO00478","VLPE-088","crimp pins to suit P5472-P5482",,"P5470A","AG00005.3","Electrical",100,"L02103",1.67,0.17,1.84,0.0167,"AUD",1.67,0.17,1.84,0.0167,"New PO","Requested","David C","07/07/2026","07/08/2026",,,,,,,,,"V00042","ALTRONICS",,"STOCK",,"JOHN Mc",,,,,"$1.46 x100",,,,"'-","'-",,
"PO00478","VLPE-093","10 Way 5.08mm Pluggable Terminal Plug",,"P2520","AG00004.1","Vaclift",12,"L02117",29.16,2.92,32.08,2.43,"AUD",29.16,2.92,32.08,2.43,"New PO","Requested","David C","07/07/2026","07/08/2026",,,,,,,,,"V00042","ALTRONICS",,"STOCK",,"JOHN Mc",,,,,,,,,,,,
"PO00478","VLPE-094","Housing 2.54 4 way beige line",,"P5474","AG00005.3","Electrical",20,"L02095",10,1,11,0.5,"AUD",10,1,11,0.5,"New PO","Requested","David C","07/07/2026","28/07/2026",,,,,,,,8,"V00042","ALTRONICS",,"STOCK",,"JOHN Mc",,,,,".70c",,,,"www.altronics.com.au","'-",,
"PO00478","VLPE-096","Switch push mom DPDT 3A (test board)",,"S1392","AG00005.3","Electrical",10,"L02111",47.9,4.79,52.69,4.79,"AUD",47.9,4.79,52.69,4.79,"New PO","Requested","David C","07/07/2026","07/08/2026",,,,,,,,,"V00042","ALTRONICS",,"STOCK",,"JOHN Mc",,,,,"$5.68",,,,"www.altronics.com.au","'-",,
"PO00478","VLPE-097","Spacer Metal tapped M3x20mm PCB mount",,"H1251","AG00005.3","Electrical",1,"L02112",0.39,0.04,0.43,0.39,"AUD",0.39,0.04,0.43,0.39,"New PO","Requested","David C","07/07/2026","07/08/2026",,,,,,,,,"V00042","ALTRONICS",,"STOCK",,"JOHN Mc",,,,,,"Altronics",0.04,,"'-","'-",,
"PO00478","VLPE-110","Relay 12VDC 25A SPDT for actuator board",,"S4333","AG00005.3","Electrical",20,"L02104",23.4,2.34,25.74,1.17,"AUD",23.4,2.34,25.74,1.17,"New PO","Requested","David C","07/07/2026","07/08/2026",,,,,,,,,"V00042","ALTRONICS",,"STOCK",,"JOHN Mc",,,,,"$3.25",,,,"'-","'-",,
"PO00478","VLPE-111","Header male 2.54 3way beige",,"P5493","AG00005.3","Electrical",20,"L02105",14.4,1.44,15.84,0.72,"AUD",14.4,1.44,15.84,0.72,"New PO","Requested","David C","07/07/2026","07/08/2026",,,,,,,,,"V00042","ALTRONICS",,"STOCK",,"JOHN Mc",,,,,".70c",,,,"www.techbrands.com","'-",,
"PO00478","VLPE-163","300x300mm single sided PCB board blank",,"H0755","AG00005.3","Electrical",3,"L02106",87.72,8.77,96.49,29.24,"AUD",87.72,8.77,96.49,29.24,"New PO","Requested","David C","07/07/2026","07/08/2026",,,,,,,,,"V00042","ALTRONICS",,"STOCK",,"JOHN Mc",,,,,,,,,,,,
"PO00478","VLPE-193","0.8MM 1KG ROLL 60/40 LEADED SOLDER",,"T1105",,,1,"L02109",163,16.3,179.3,163,"AUD",163,16.3,179.3,163,"New PO","Requested","David C","07/07/2026","07/08/2026",,,,,,,,,"V00042","ALTRONICS",,"STOCK",,"JOHN Mc",,,,,,,,,,,,
"PO00478","VLPE-194","PCB DRILL SET 0.3-1.2MM PK10",,"T2329",,,1,"L02110",19.95,2,21.95,19.95,"AUD",19.95,2,21.95,19.95,"New PO","Requested","David C","07/07/2026","07/08/2026",,,,,,,,,"V00042","ALTRONICS",,"STOCK",,"JOHN Mc",,,,,,,,,,,,
"PO00478","VLPE-195","3.6V 1200MAh ER14250 LITHIUM BATTERY",,"S4975","AG00004.1","Vaclift",1,"L02113",9.15,0.92,10.07,9.15,"AUD",9.15,0.92,10.07,9.15,"New PO","Requested","David C","07/07/2026","07/08/2026",,,,,,,,,"V00042","ALTRONICS",,"STOCK",,"JOHN Mc",,,,,,,,,,,,
"PO00478","VLPE-196","100uf 25V PCB ELECTROLTIC CAPACITOR",,"R5124","AG00004.1","Vaclift",20,"L02120",11,1.1,12.1,0.55,"AUD",11,1.1,12.1,0.55,"New PO","Requested","David C","07/07/2026","07/08/2026",,,,,,,,,"V00042","ALTRONICS",,"STOCK",,"JOHN Mc",,,,,,,,,,,,
"PO00477",1,"BWEGProduction","201 X 50 X 3 - 3MM MILD STEEL - 2 X HOLES. FOLD AS SAMPLE.",,"AG00004","Blue Water Engineering",100,"L02092",100,10,110,1,"AUD",100,10,110,1,"New PO","Requested","Admin","07/07/2026","07/07/2026",,,,,,,,29,"V00145","CUSTOM TRUCK BODIES AND TRAILERS",,"FOLD","Y","DERRYN F",,,,,,,,,,,,
"PO00477",1,"BWEGProduction","205 X 45 X 4 - 4MM MILD STEEL - 3 X HOLES. FOLD AS SAMPLE.",,"AG00004","Blue Water Engineering",200,"L02093",200,20,220,1,"AUD",200,20,220,1,"New PO","Requested","Admin","07/07/2026","07/07/2026",,,,,,,,29,"V00145","CUSTOM TRUCK BODIES AND TRAILERS",,"FOLD","Y","DERRYN F",,,,,,,,,,,,
"PO00476",1,"BWEGProduction","240 X 80 X 16MM MILD STEEL",,"AG00004","Blue Water Engineering",48,"L02091",401.28,40.13,441.41,8.36,"AUD",401.28,40.13,441.41,8.36,"Ordered","Planned","Admin","07/07/2026","17/07/2026",,,"07/07/2026",,,"17/07/2026",,19,"V00338","ABSOLUTE LASER CUTTING",,"CUT","Y","DERRYN F",,"N",,,,,,,,,,
"PO00476",1,"BWEGProduction","245 X 80 X 16MM MILD STEEL",,"AG00004","Blue Water Engineering",48,"L02090",410.88,41.09,451.97,8.56,"AUD",410.88,41.09,451.97,8.56,"Ordered","Planned","Admin","07/07/2026","17/07/2026",,,"07/07/2026",,,"17/07/2026",,19,"V00338","ABSOLUTE LASER CUTTING",,"CUT","Y","DERRYN F",,"N",,,,,,,,,,
"PO00475","A0000218","GFDSS12540 - ALPHA 125X22.2MM 40G ZIRCONIA FLAP DISC","(FULL BOX)",,"AG000011","WORKSHOP GENERAL SUPPLIES",20,"L02086",1,0.1,1.1,0.05,"AUD",1,0.1,1.1,0.05,"Ordered","Planned","Admin","06/07/2026","13/07/2026",,,"06/07/2026",,,,,23,"V00128","BUILD IT FASTENERS",,"STOCK","Y","JOHN Mc",,,,,,,,,,,,
"PO00475","A00034","M6 Grease Nipple Straight",,,,,20,"L02085",20,2,22,1,"AUD",20,2,22,1,"Ordered","Planned","Admin","06/07/2026","13/07/2026",,,"06/07/2026",,,,,23,"V00128","BUILD IT FASTENERS",,"STOCK","Y","JOHN Mc",,,,,,,,,,,,
"PO00475","M16 SHCS 45mm L Grade 8.8ZP","M16 SHCS 45mm L Grade 8.8ZP",,,"AG00007","Fastener",10,"L02089",22.5,2.25,24.75,2.25,"AUD",22.5,2.25,24.75,2.25,"Ordered","Planned","Admin","06/07/2026","13/07/2026",,,"06/07/2026",,,,,23,"V00128","BUILD IT FASTENERS",,"STOCK","Y","JOHN Mc",,,,,,,,,,,,
"PO00475","M5 Pan Head Screw 12mm L ZP","M5 Pan Head Screw 12mm L ZP","(FULL BOX)",,"AG00004.1","Vaclift",1,"L02088",1,0.1,1.1,1,"AUD",1,0.1,1.1,1,"Ordered","Planned","Admin","06/07/2026","13/07/2026",,,"06/07/2026",,,,,23,"V00128","BUILD IT FASTENERS",,"STOCK","Y","JOHN Mc",,,,,,,,,,,,
"PO00475","M6 FLAT WASHER ZP","M6 FLAT WASHER ZP","ENGINEERING WASHER (FULL BOX)",,,,1,"L02084",0.02,0,0.02,0.02,"AUD",0.02,0,0.02,0.02,"Ordered","Planned","Admin","06/07/2026","13/07/2026",,,"06/07/2026",,,,,23,"V00128","BUILD IT FASTENERS",,"STOCK","Y","JOHN Mc",,,,,,,,,,,,
"PO00475","M6 NYLOC NUT ZP","M6 NYLOC NUT ZP","(FULL BOX)",,"AG00007","Fastener",1,"L02087",0.03,0,0.03,0.03,"AUD",0.03,0,0.03,0.03,"Ordered","Planned","Admin","06/07/2026","13/07/2026",,,"06/07/2026",,,,,23,"V00128","BUILD IT FASTENERS",,"STOCK","Y","JOHN Mc",,,,,,,,,,,,
"PO00474","M6 Booker Rod ZP","M6 Booker Rod ZP",,,"AG00009.27","Material Raw Misc",15,"L02083",0.38,0.04,0.42,0.02533333333333,"$",0.38,0.04,0.42,0.02533333333333,"New PO","Requested","David C","02/07/2026","02/07/2026",,,,,,,,34,"V00128","BUILD IT FASTENERS",,"NOY NATIONWIDE ENGINEERING",,"DAVID C",,,,,,,,,,,,
"PO00473","A0000723","Elegoo Rapid PETG filament Orange 1.75mm 1kg (350m)",,"TL6516",,,3500,"L02063",199.5,,199.5,0.057,"$",199.5,,199.5,0.057,"New PO","Requested","David C","02/07/2026","03/07/2026",,,,,,,,33,"V00070","JAYCAR",,"STOCK",,"DAVID C",,,"THIS COLOUR IS A GOOD MATCH FOR ORANGE POWDERCOAT AT BUNDAL POWDERCOATING",,,,,,,,,
"PO00473","A0002088","SUNLU PLA Filament Black 1.75mm 1kg (350m)",,"TL6238",,,1050,"L02064",59.85,,59.85,0.057,"$",59.85,,59.85,0.057,"New PO","Requested","David C","02/07/2026","03/07/2026",,,,,,,,33,"V00070","JAYCAR",,"STOCK",,"DAVID C",,,,,,,,,,,,
"PO00472","M6 Booker Rod ZP","M6 Booker Rod ZP",,,"AG00009.27","Material Raw Misc",12.7,"L02062",0.3175,,0.3175,0.025,"$",0.3175,,0.3175,0.025,"New PO","Requested","David C","02/07/2026","02/07/2026",,,,,,,,34,"V00128","BUILD IT FASTENERS",,,,,,,,,,,,,,,,
"PO00471","A0000216","ZINC PLATING PARTS","TB65 SPREADERS 1000mm L",,"AG00004.1","Vaclift",10,"L02060",2886.7,288.67,3175.37,288.67,"$",2886.7,288.67,3175.37,288.67,"New PO","Requested","David C","01/07/2026","01/07/2026",,,,,,,,35,"V00122","GOLD COAST ELECTROPLATING",,"STOCK","Y","JOHN Mc",,,,,,,,,,,,
"PO00470","A0001111","LASERMAX DUAL LAYER ACRYLIC SAPPHIRE BLUE/WHITE 1200X600 2-PLY 1.6 ADHESIVE BACKED 3M467 FULL SHEET",,"LM922502","AG00009.13","Material Raw Plastics",1,"L02057",104.2,10.42,114.62,104.2,"$",104.2,10.42,114.62,104.2,"New PO","Requested","David C","01/07/2026","15/07/2026",,,,,,,,21,"V00004","ROWMARK",,"STOCK","Y","JOHN Mc",,,,,104.20,"ROWMARK",,,,,,
"PO00470","A0002078","METALGRAPGH PLUS BRUSHED STAINLESS STEEL/RED 1200X600MM 2-PLY 1.6MM ADHESIVE BACKED 3M467 FULL SHEET",,"LP922316","AG00009.13","Material Raw Plastics",1,"L02059",110.2,11.02,121.22,110.2,"$",110.2,11.02,121.22,110.2,"New PO","Requested","David C","01/07/2026","15/07/2026",,,,,,,,21,"V00004","ROWMARK",,"STOCK","Y","JOHN Mc",,,,,90.00,"ROWMARK",,,,,,
"PO00470","FREIGHT","FREIGHT",,,,,1,"L02061",28,2.8,30.8,28,"$",28,2.8,30.8,28,"New PO","Requested","David C","01/07/2026","15/07/2026",,,,,,,,21,"V00004","ROWMARK",,"STOCK","Y","JOHN Mc",,,,,,,,,,,,
"PO00470","Lmm-600","Black 250g Etching Paint",,"LMM-600","AG00001","Paint, Coatings & Plating",1,"L02058",295,29.5,324.5,295,"$",295,29.5,324.5,295,"New PO","Requested","David C","01/07/2026","15/07/2026",,,,,,,,21,"V00004","ROWMARK",,"STOCK","Y","JOHN Mc",,,,,295.00,"ROWMARK",,,,,,
"PO00469",1,"BWEGProduction","ALPL-6-5083-H321-DNV-1980-6100 - ALUMINIUM PLATE 5083 H321. 

QUOTE# 25052167",,"AG00004","Blue Water Engineering",2,"L02053",3546.64,354.66,3901.3,1773.32,"AUD",3546.64,354.66,3901.3,1773.32,"Received","Received","Admin","30/06/2026","03/07/2026","03/07/2026",,"30/06/2026",,,"03/06/2026",,0,9340011,"BLUESCOPE DISTRIBUTION",,"stock","Y","DERRYN F",,,,,,,,,,,,
"PO00469",1,"BWEGProduction","DELIVERY SURCHARGE",,"AG00004","Blue Water Engineering",1,"L02055",30,3,33,30,"AUD",30,3,33,30,"Received","Received","Admin","30/06/2026","03/07/2026","03/07/2026",,"30/06/2026",,,"03/06/2026",,0,9340011,"BLUESCOPE DISTRIBUTION",,"stock","Y","DERRYN F",,,,,,,,,,,,
"PO00469","A00141","FREIGHT INWARD",,,"AG00011","FREIGHT INWARD",1,"L02054",120,12,132,120,"AUD",120,12,132,120,"Received","Received","Admin","30/06/2026","03/07/2026","03/07/2026",,"30/06/2026",,,"03/06/2026",,0,9340011,"BLUESCOPE DISTRIBUTION",,"stock","Y","DERRYN F",,,,,,,,,,,,
"PO00468",1,"BWEGProduction","FOLD PANNEL AS SAMPLE PROVIDED - 1.5MM STAINLESS STEEL.",,"AG00004","Blue Water Engineering",1,"L02052",1,0.1,1.1,1,"AUD",1,0.1,1.1,1,"Received","Received","Admin","29/06/2026","10/07/2026","03/07/2026",,"29/06/2026",,,"10/07/2026",,0,"V00150","NOEL K SHEETMETAL",,"FOLD","Y","DERRYN F",,,,,,,,,,,,
"PO00466","A0000791","8mm Mild Steel Plate Grade 250","2400 X 1200 SHEET X 1",,"AG00009.15","Material Raw RHS Steel",2.88,"L02049",256.83,25.68,282.51,89.177083333333,"$",256.83,25.68,282.51,89.177083333333,"Received","Received","Admin","29/06/2026","01/07/2026","01/07/2026",,"29/06/2026",,,"01/07/2026",,0,"151193+","SELECTION STEEL",,"STOCK","Y","DERRYN F",,"N",,,,,,,,,,
"PO00466","A0001970","6MM PLATE MILD STEEL GR250","2400 X 1200 SHEETS X 6",,"AG00009.10","Material Raw Sheet & Plate Aluminium",17.28,"L02048",1146.06,114.61,1260.67,66.322916666667,"$",1146.06,114.61,1260.67,66.322916666667,"Received","Received","Admin","29/06/2026","01/07/2026","01/07/2026",,"29/06/2026",,,"01/07/2026",,0,"151193+","SELECTION STEEL",,"STOCK","Y","DERRYN F",,"N",,,,,,,,,,
"PO00466","A0002075","3MM SHEET CORTEN","2400 X 1200 SHEET X 1",,,,2.88,"L02047",119.72,11.97,131.69,41.569444444444,"$",119.72,11.97,131.69,41.569444444444,"Received","Received","Admin","29/06/2026","01/07/2026","01/07/2026",,"29/06/2026",,,"01/07/2026",,0,"151193+","SELECTION STEEL",,"STOCK","Y","DERRYN F",,"N",,,,,,,,,,
"PO00465","A0000727","FORKLIFT GAS","15KG + 4  RETURN",,,,4,"L02046",84,,84,21,"AUD",84,,84,21,"Received","Received","Admin","29/06/2026","30/06/2026","06/07/2026",,"29/06/2026",,,"30/06/2026",,6,"V00328","SUPAGAS",,"GAS","Y","DERRYN F","FORKLIFT GAS = $1.50 PER MONTH RENT / ARGON = $8 / SUPASHIELD","N",,,,,,,,,,
"PO00464","Round Bar Ø20 6060 T5 AL","Round Bar Ø20 6060 T5 AL",,,"AG00009.17","Material Raw Round Bar Aluminium",4,"L02045",38.72,3.87,42.59,9.68,"AUD",38.72,3.87,42.59,9.68,"Received","Received","David C","26/06/2026","03/07/2026","30/06/2026",,,1,"30/06/2026","30/07/2026",,0,"V00114","ACTION ALUMINIUM",,"NOISE GUN","Y","DAVID C",,"N",,,,,,,,,,
"PO00464","Round Tube Ø76 x 1.6 6060 T5 AL","Round Tube Ø76 x 1.6 6060 T5 AL",,,"AG00009.02","Material Raw CHS Steel",6,"L02044",68.16,6.82,74.98,11.36,"AUD",68.16,6.82,74.98,11.36,"Received","Received","David C","26/06/2026","03/07/2026","30/06/2026",,,1,"30/06/2026","30/07/2026",,0,"V00114","ACTION ALUMINIUM",,"NOISE GUN","Y","DAVID C",,"N",,,,,,,,,,
"PO00463","A0002074","PRESS PARRTS AS DRAWN","PRESS 2X PARTS AS PER SUPPLIED DRAWINGS",,"AG00004","Blue Water Engineering",2,"L02043",2,0.2,2.2,1,"$",2,0.2,2.2,1,"New PO","Requested","David C","26/06/2026","26/06/2026",,,,,,,,40,"V00145","CUSTOM TRUCK BODIES AND TRAILERS",,"WAGNERS POLE VIBRATOR","Y","DERRYN F",,,,,,,,,,,,
"PO00462","A0001015","CONT PALLET SHRINK 1220+1220MMX37M 150UM",,58021,"AG00066","PACKAGING",1,"L02042",145,14.5,159.5,145,"$",145,14.5,159.5,145,"Received","Received","David C","26/06/2026","30/06/2026","29/06/2026",1,"26/06/2026",1,"29/06/2026","29/06/2026","29/06/2026",0,"V00113","ABL DISTRIBUTION",,"STOCK",,"STEPHEN P",,,,,,,,,,,,
"PO00461","A0002073","20MM 4140 CG ROUND BAR","1 X FULL LENGTH",,,,1,"L02040",1,0.1,1.1,1,"$",1,0.1,1.1,1,"Ordered","Planned","Admin","25/06/2026","01/07/2026",,,"25/06/2026",,,"30/06/2026",,35,"V00087","VULCAN ENGINEERING STEELS",,"stock","Y","DERRYN F",,,,,,,,,,,,
"PO00461","A00141","FREIGHT INWARD",,,"AG00011","FREIGHT INWARD",1,"L02041",1,0.1,1.1,1,"$",1,0.1,1.1,1,"Ordered","Planned","Admin","25/06/2026","01/07/2026",,,"25/06/2026",,,"30/06/2026",,35,"V00087","VULCAN ENGINEERING STEELS",,"stock","Y","DERRYN F",,,,,,,,,,,,
"PO00460","A0000717","SCOTCH -BRITE MULTI-FINISHING WHEEL 2S-150MM X 50MM X 25MM MEDIUM",,,,,2,"L02035",173.7,17.37,191.07,86.85,"AUD",173.7,17.37,191.07,86.85,"Ordered","Planned","Admin","25/06/2026","29/06/2026",,,"25/06/2026",,,"30/06/2026",,37,"V00196","PACIFIC COATINGS",,"STOCK","Y","DERRYN F",,,,,,,,,,,,
"PO00460","A0000906","Cutting wax black",,,,,2,"L02033",2,0.2,2.2,1,"AUD",2,0.2,2.2,1,"Ordered","Planned","Admin","25/06/2026","29/06/2026",,,"25/06/2026",,,"30/06/2026",,37,"V00196","PACIFIC COATINGS",,"STOCK","Y","DERRYN F",,,,,,,,,,,,
"PO00460","A0000908","Scotch Brite Pad Green","OR BROWN",,,,10,"L02036",10,1,11,1,"AUD",10,1,11,1,"Ordered","Planned","Admin","25/06/2026","29/06/2026",,,"25/06/2026",,,"30/06/2026",,37,"V00196","PACIFIC COATINGS",,"STOCK","Y","DERRYN F",,,,,,,,,,,,
"PO00460","A0001856","WHITE polishing wax","IF NO WHITE GREEN",,,,6,"L02034",6,0.6,6.6,1,"AUD",6,0.6,6.6,1,"Ordered","Planned","Admin","25/06/2026","29/06/2026",,,"25/06/2026",,,"30/06/2026",,37,"V00196","PACIFIC COATINGS",,"STOCK","Y","DERRYN F",,,,,,,,,,,,
"PO00460","A0002071","THINNER - 20 L DRUM.",,,,,1,"L02037",1,0.1,1.1,1,"AUD",1,0.1,1.1,1,"Ordered","Planned","Admin","25/06/2026","29/06/2026",,,"25/06/2026",,,"30/06/2026",,37,"V00196","PACIFIC COATINGS",,"STOCK","Y","DERRYN F",,,,,,,,,,,,
"PO00460","A0002072","SWANS DOWN POLISHING MOP",,,,,1,"L02038",1,0.1,1.1,1,"AUD",1,0.1,1.1,1,"Ordered","Planned","Admin","25/06/2026","29/06/2026",,,"25/06/2026",,,"30/06/2026",,37,"V00196","PACIFIC COATINGS",,"STOCK","Y","DERRYN F",,,,,,,,,,,,
"PO00459",1,"BWEGProduction","BWE009 - 5MM MILD STEEL",,"AG00004","Blue Water Engineering",60,"L02032",236.6,23.66,260.26,3.9433333333333,"AUD",236.6,23.66,260.26,3.9433333333333,"Ordered","Planned","Admin","24/06/2026","30/06/2026",,,"24/06/2026",,,"30/06/2026",,36,"V00338","ABSOLUTE LASER CUTTING",,"CUT","Y","DERRYN F",,"N",,,,,,,,,,
"PO00458",1,"BWEGProduction","201 X 50 X 3 - 3MM MILD STEEL - 2 X HOLES.",,"AG00004","Blue Water Engineering",100,"L02029",181,18.1,199.1,1.81,"AUD",181,18.1,199.1,1.81,"Ordered","Planned","Admin","23/06/2026","26/06/2026",,,"23/06/2026",,,"26/06/2026",,40,"V00338","ABSOLUTE LASER CUTTING",,"CUTTING","Y","DERRYN F",,"N",,,,,,,,,,
"PO00458",1,"BWEGProduction","205 X 45 X 4 - 4MM MILD STEEL - 3 X HOLES.",,"AG00004","Blue Water Engineering",200,"L02030",389,38.9,427.9,1.945,"AUD",389,38.9,427.9,1.945,"Ordered","Planned","Admin","23/06/2026","26/06/2026",,,"23/06/2026",,,"26/06/2026",,40,"V00338","ABSOLUTE LASER CUTTING",,"CUTTING","Y","DERRYN F",,"N",,,,,,,,,,
"PO00457","SPD_BAR_065_1200_001","Spreader 65mm 1200mm Weldment","ZINCPLATE ALL PARTS",,"AG00004.1","Vaclift",10,,23,2.3,25.3,2.3,"$",23,2.3,25.3,2.3,"New PO","Requested","David C","23/06/2026","24/06/2026",,,,,,,,42,"V00122","GOLD COAST ELECTROPLATING",,"STOCK","Y","JOHN Mc",,,,,,,,,,,,
"PO00456","FVL1000NT_01MF_001","Main Frame 0-1000kg Weldment","POWDER COAT AS DRAWN",,"AG00004.1","Vaclift",1,"L02024",1,0.1,1.1,1,"$",1,0.1,1.1,1,"New PO","Requested","David C","22/06/2026","22/06/2026",,,,,,,,44,"V00183","BUNDALL POWDER COATING",,"STOCK","Y","JOHN Mc",,"Y",,,,,,,,,,
"PO00456","PHV_470_225_W_003","PHV 470x225 Backing Plate Weldment","WIP BLAST ONLY",,"AG00004.1","Vaclift",20,"L02027",20,2,22,1,"$",20,2,22,1,"New PO","Requested","David C","22/06/2026","22/06/2026",,,,,,,,44,"V00183","BUNDALL POWDER COATING",,"STOCK","Y","JOHN Mc",,"Y",,,,,,,,,,
"PO00456","SDL_W_40_345_001","Set Down Leg NT & Tilting, Pad Height 0 - 179mm","POWDER COAT AS DRAWN",,"AG00004.1","Vaclift",2,"L02025",2,0.2,2.2,1,"$",2,0.2,2.2,1,"New PO","Requested","David C","22/06/2026","22/06/2026",,,,,,,,44,"V00183","BUNDALL POWDER COATING",,"STOCK","Y","JOHN Mc",,"Y",,,,,,,,,,
"PO00456","TBSE_150_100_2250_001","Slider Extender Beam Weldment","POWDER COAT AS DRAWN",,"AG00004.1","Vaclift",2,"L02026",2,0.2,2.2,1,"$",2,0.2,2.2,1,"New PO","Requested","David C","22/06/2026","22/06/2026",,,,,,,,44,"V00183","BUNDALL POWDER COATING",,"STOCK","Y","JOHN Mc",,"Y",,,,,,,,,,
"PO00455","FREIGHT","FREIGHT",,,,,1,"L02023",270,0,270,270,"USD",180,0,180,180,"Ordered","Planned","David C","19/06/2026","31/07/2026",,1,"15/06/2026",1,"01/06/2026","15/06/2026",,5,"V00031","Ultipower",,"STOCK",,"JOHN Mc",,"N",,,,,,,,,,
"PO00455","VLPE-022","Battery Charger 110/240 350ma",,"DSS-144035  MB3619","AG00005.3","Electrical",100,"L02022",780,0,780,7.8,"USD",520,0,520,5.2,"Ordered","Planned","David C","19/06/2026","31/07/2026",,1,"15/06/2026",1,"01/06/2026","15/06/2026",,5,"V00031","Ultipower",,"STOCK",,"JOHN Mc",,"N","SUPPLIER DESCRIPTION - 12V 1A SLA Battery Charger",,"$14.49",,,,"www.techbrands.com","'-",,
"PO00454","HA_CVLBNT_W_0690_001","CVLBNT Handle Frame 690mm L Weldment","POWDER COAT AS DRAWN",,"AG00004.1","Vaclift",4,"L02021",4,0.4,4.4,1,"$",4,0.4,4.4,1,"New PO","Requested","David C","18/06/2026","18/06/2026",,,,,,,,48,"V00183","BUNDALL POWDER COATING",,"STOCK","Y","JOHN Mc",,"Y",,,,,,,,,,
"PO00453","TB150_7500_001","Tool Bar 7500 L to Suit Slider Extensions 1500KG WLL","Paint Blaze Blue",,"AG00004.1","Vaclift",1,"L02016",1,0.1,1.1,1,"$",1,0.1,1.1,1,"New PO","Requested","David C","18/06/2026","18/06/2026",,,,,,,,48,"V00145","CUSTOM TRUCK BODIES AND TRAILERS",,"SN704","Y","JOHN Mc",,,,,,,,,,,,
"PO00451","FREIGHT","FREIGHT",,,,,1,"L02012",1,0.1,1.1,1,"$",1,0.1,1.1,1,"Received","Received","David C","17/06/2026","17/06/2026","30/06/2026",1,"23/06/2026",1,"23/06/2026","23/06/2026","30/06/2026",13,"CU0001","ALLIED RUBBER",,"STOCK","Y","JOHN Mc",,,,,,,,,,,,
"PO00451","PHV_470_225_002","PHV Vulcanized Rubber Plate 470x225",,,"AG00004.1","Vaclift",32,"L02011",2620.38,262.04,2882.42,81.886875,"$",2620.38,262.04,2882.42,81.886875,"Received","Received","David C","17/06/2026","17/06/2026","30/06/2026",1,"23/06/2026",1,"23/06/2026","23/06/2026","30/06/2026",13,"CU0001","ALLIED RUBBER",,"STOCK","Y","JOHN Mc",,,,,,,,,,,,
"PO00450","FREIGHT","FREIGHT",,,,,1,"L02008",1,0.1,1.1,1,"AUD",1,0.1,1.1,1,"Ordered","Planned","David C","17/06/2026","24/06/2026",,1,"17/06/2026",1,"17/06/2026","22/06/2026",,42,"V00202","HYDRAULICS NETWORK",,"WAGNERS POLE VIBRATOR","Y","DAVID C",,,,,,,,,,,,
"PO00450","TAG 1.508D","HYD CYLINDER 1.5"" X 8"" STROKE",,"TAG 1.508D","AG00004","Blue Water Engineering",1,"L02007",288,28.8,316.8,288,"AUD",288,28.8,316.8,288,"Ordered","Planned","David C","17/06/2026","24/06/2026",,1,"17/06/2026",1,"17/06/2026","22/06/2026",,42,"V00202","HYDRAULICS NETWORK",,"WAGNERS POLE VIBRATOR","Y","DAVID C",,,,,,,,,,,,
"PO00449",1,"BWEGProduction","STAND FOR FILTER BELLEVUE",,"AG00004","Blue Water Engineering",1,"L02006",425,42.5,467.5,425,"AUD",425,42.5,467.5,425,"Ordered","Planned","Admin","17/06/2026","26/06/2026",,,"17/06/2026",,,,,40,"V00143","BELL FAB",,"fillter frame","Y","DERRYN F",,"Y",,,,,,,,,,
"PO00448",1,"BWEGProduction","STAND FOR BELLEVUE",,"AG00004","Blue Water Engineering",1,"L02004",1180,118,1298,1180,"AUD",1180,118,1298,1180,"Ordered","Planned","Admin","17/06/2026","26/06/2026",,,"17/06/2026",,,,,40,"V00143","BELL FAB",,"FRAME","Y","DERRYN F",,"Y",,,,,,,,,,
"PO00447","SDLM_W_150_001","Set Down Leg Mount to Suit TB150 Weldment",,,"AG00004.1","Vaclift",2,"L02002",2,0.2,2.2,1,"$",2,0.2,2.2,1,"New PO","Requested","David C","16/06/2026","16/06/2026",,,,,,,,50,"V00122","GOLD COAST ELECTROPLATING",,"stock","Y","JOHN Mc",,,,,,,,,,,,
"PO00447","SPD_BAR_065_1000_001","Spreader 65mm 1000mm Weldment",,,"AG00004.1","Vaclift",2,"L02001",2,0.2,2.2,1,"$",2,0.2,2.2,1,"New PO","Requested","David C","16/06/2026","16/06/2026",,,,,,,,50,"V00122","GOLD COAST ELECTROPLATING",,"stock","Y","JOHN Mc",,,,,,,,,,,,
"PO00447","SPD_BAR_065_1500_001","65mm Spreader Bar 1500 L to Suit RHS 100 W",,,"AG00004.1","Vaclift",5,"L01999",5,0.5,5.5,1,"$",5,0.5,5.5,1,"New PO","Requested","David C","16/06/2026","16/06/2026",,,,,,,,50,"V00122","GOLD COAST ELECTROPLATING",,"stock","Y","JOHN Mc",,,,,,,,,,,,
"PO00447","SWSH_100_065_W_001_REV C","Tool Bar Hanger Weldment",,,"AG00004.1","Vaclift",3,"L02003",3,0.3,3.3,1,"$",3,0.3,3.3,1,"New PO","Requested","David C","16/06/2026","16/06/2026",,,,,,,,50,"V00122","GOLD COAST ELECTROPLATING",,"stock","Y","JOHN Mc",,,,,,,,,,,,
"PO00447","TB065_1500_003","Tool Bar 1500 L TO SUIT LOWER SLEW MOUNT 1000 kg W.L.L.",,,"AG00004.1","Vaclift",1,"L02000",1,0.1,1.1,1,"$",1,0.1,1.1,1,"New PO","Requested","David C","16/06/2026","16/06/2026",,,,,,,,50,"V00122","GOLD COAST ELECTROPLATING",,"stock","Y","JOHN Mc",,,,,,,,,,,,
"PO00447","TB065_2280_001_REV A","Tool Bar 2280 L to Suit Frame 570 W RHS 70 L CTS 1000 kg W.L.L.",,,"AG00004.1","Vaclift",9,"L01998",9,0.9,9.9,1,"$",9,0.9,9.9,1,"New PO","Requested","David C","16/06/2026","16/06/2026",,,,,,,,50,"V00122","GOLD COAST ELECTROPLATING",,"stock","Y","JOHN Mc",,,,,,,,,,,,
"PO00446","FREIGHT","FREIGHT",,,,,1,"L01997",18.75,1.88,20.63,18.75,"$",18.75,1.88,20.63,18.75,"Received","Received","David C","15/06/2026","27/07/2026","25/06/2026","SF295563","15/06/2026","SF295563","15/06/2026",,,0,"V00294","Electus Distribution",,"STOCK",,"JOHN Mc",,,,,,,,,,,,
"PO00446","VLPE-026","Buzzer (large) front panel",,"AB3464","AG00005.3","Electrical",10,"L01989",86.7,8.67,95.37,8.67,"$",86.7,8.67,95.37,8.67,"Received","Received","David C","15/06/2026","27/07/2026","25/06/2026","SF295563","15/06/2026","SF295563","15/06/2026",,,0,"V00294","Electus Distribution",,"STOCK",,"JOHN Mc",,,,,"$8.67","Electus",,"AB3464","www.altronics.com.au","'-","S6119A",
"PO00446","VLPE-089","housing 2.54 2 way beige",,"HM3402","AG00005.3","Electrical",30,"L01987",10.8,1.08,11.88,0.36,"$",10.8,1.08,11.88,0.36,"Received","Received","David C","15/06/2026","27/07/2026","25/06/2026","SF295563","15/06/2026","SF295563","15/06/2026",,,0,"V00294","Electus Distribution",,"STOCK",,"JOHN Mc",,,,,".50c",,,,"www.techbrands.com","'-",,
"PO00446","VLPE-090","header 2.54 2 way beige PCB straight",,"HM3412","AG00005.3","Electrical",30,"L01988",3.6,0.36,3.96,0.12,"$",3.6,0.36,3.96,0.12,"Received","Received","David C","15/06/2026","27/07/2026","25/06/2026","SF295563","15/06/2026","SF295563","15/06/2026",,,0,"V00294","Electus Distribution",,"STOCK",,"JOHN Mc",,,,,".12c",,,,"www.techbrands.com","'-",,
"PO00446","VLPE-098","2 WAY 5.08 SOCKET",,"HM3122","AG00005.3","Electrical",12,"L01992",16.8,1.68,18.48,1.4,"$",16.8,1.68,18.48,1.4,"Received","Received","David C","15/06/2026","27/07/2026","25/06/2026","SF295563","15/06/2026","SF295563","15/06/2026",,,0,"V00294","Electus Distribution",,"STOCK",,"JOHN Mc",,,,,,,,,,,,
"PO00446","VLPE-115","Trans TIP 122 NPN 100v 5A (test board)",,"ZT2292","AG00005.3","Electrical",12,"L01996",18.48,1.85,20.33,1.54,"$",18.48,1.85,20.33,1.54,"Received","Received","David C","15/06/2026","27/07/2026","25/06/2026","SF295563","15/06/2026","SF295563","15/06/2026",,,0,"V00294","Electus Distribution",,"STOCK",,"JOHN Mc",,,,,"$1.54",,,,"www.altronics.com.au","'-",,
"PO00446","VLPE-118","Socket PCB 2way VTL (compressor) 5.08 green",,"HM3112","AG00005.3","Electrical",12,"L01991",7.8,0.78,8.58,0.65,"$",7.8,0.78,8.58,0.65,"Received","Received","David C","15/06/2026","27/07/2026","25/06/2026","SF295563","15/06/2026","SF295563","15/06/2026",,,0,"V00294","Electus Distribution",,"STOCK",,"JOHN Mc",,,,,".59c",,,,"www.techbrands.com","'-",,
"PO00446","VLPE-189","M3 NUT",,"HP0426","AG00004.1","Vaclift",200,"L01990",8.13,0.81,8.94,0.04065,"$",8.13,0.81,8.94,0.04065,"Received","Received","David C","15/06/2026","27/07/2026","25/06/2026","SF295563","15/06/2026","SF295563","15/06/2026",,,0,"V00294","Electus Distribution",,"STOCK",,"JOHN Mc",,,,,,,,,,,,
"PO00446","VLPE-190","3MM HEATSHRINK BLACK",,"WH5682","AG00005.3","Electrical",5000,"L01993",6.5,0.65,7.15,0.0013,"$",6.5,0.65,7.15,0.0013,"Received","Received","David C","15/06/2026","27/07/2026","25/06/2026","SF295563","15/06/2026","SF295563","15/06/2026",,,0,"V00294","Electus Distribution",,"STOCK",,"JOHN Mc",,,,,,,,,,,,
"PO00446","VLPE-191","2.5MM HEATSHRINK BLACK",,"WH5681","AG00005.3","Electrical",5000,"L01994",5.9,0.59,6.49,0.00118,"$",5.9,0.59,6.49,0.00118,"Received","Received","David C","15/06/2026","27/07/2026","25/06/2026","SF295563","15/06/2026","SF295563","15/06/2026",,,0,"V00294","Electus Distribution",,"STOCK",,"JOHN Mc",,,,,,,,,,,,
"PO00446","VLPE-192","5MM HEATSHRINK BLACK",,"WH5683","AG00005.3","Electrical",5000,"L01995",6.9,0.69,7.59,0.00138,"$",6.9,0.69,7.59,0.00138,"Received","Received","David C","15/06/2026","27/07/2026","25/06/2026","SF295563","15/06/2026","SF295563","15/06/2026",,,0,"V00294","Electus Distribution",,"STOCK",,"JOHN Mc",,,,,,,,,,,,
"PO00445","TBH_004","TOOLBAR HANGER TB200 HALF","PRESS AS DRAWN, SEE ATTCHED DRAWING",,"AG00004.1","Vaclift",5,"L01985",5,0.5,5.5,1,"$",5,0.5,5.5,1,"New PO","Requested","David C","15/06/2026","15/06/2026",,,,,,,,51,"V00145","CUSTOM TRUCK BODIES AND TRAILERS",,"STOCK",,"DAVID C",,,,,,,,,,,,
"PO00444",1,"BWEGProduction","50mm x 25mm aluminium flat bar. - 2.5 METERS",,"AG00004","Blue Water Engineering",1,"L01984",95.35,9.54,104.89,95.35,"AUD",95.35,9.54,104.89,95.35,"Received","Received","Admin","12/06/2026","17/06/2026","19/06/2026",,"12/06/2026",,,"17/06/2026",,2,"V00114","ACTION ALUMINIUM",,"BWEG","Y","DERRYN F",,"N",,,,,,,,,,
"PO00443",1,"BWEGProduction","PART # BLANK - 4X635X4640 - 4.00MM PLATE G250 635 X 4640 BLANK RECT. LASER",,"AG00004","Blue Water Engineering",1,"L01982",453.36,45.34,498.7,453.36,"AUD",453.36,45.34,498.7,453.36,"Ordered","Planned","Admin","12/06/2026","12/06/2026",,,"12/06/2026",,,"18/06/2026",,54,"V00161","VULCAN PLATE PROCESSING",,"BWEG","Y","DERRYN F",,,,,,,,,,,,
"PO00443","A00141","FREIGHT INWARD",,,"AG00011","FREIGHT INWARD",1,"L01983",81,8.1,89.1,81,"AUD",81,8.1,89.1,81,"Ordered","Planned","Admin","12/06/2026","12/06/2026",,,"12/06/2026",,,"18/06/2026",,54,"V00161","VULCAN PLATE PROCESSING",,"BWEG","Y","DERRYN F",,,,,,,,,,,,
"PO00442",1,"BWEGProduction","FOLD AS DRAWING PROVIDED - SLIGHT BEND AT TOP",,"AG00004","Blue Water Engineering",6,"L01981",174,17.4,191.4,29,"AUD",174,17.4,191.4,29,"Ordered","Planned","Admin","12/06/2026","19/06/2026",,,"12/06/2026",,,"19/06/2026",,47,"V00145","CUSTOM TRUCK BODIES AND TRAILERS",,"FOLD","Y","DERRYN F",,,,,,,,,,,,
"PO00442",1,"BWEGProduction","FOLD AS DRAWING PROVIDED - STRAIGHT AT TOP",,"AG00004","Blue Water Engineering",6,"L01980",150,15,165,25,"AUD",150,15,165,25,"Ordered","Planned","Admin","12/06/2026","19/06/2026",,,"12/06/2026",,,"19/06/2026",,47,"V00145","CUSTOM TRUCK BODIES AND TRAILERS",,"FOLD","Y","DERRYN F",,,,,,,,,,,,
"PO00441","10mm Plate Mild Steel AS 3678 Grade 250","10mm Plate Mild Steel AS 3678 Grade 250","2 X PLATES - 2400 X 1200",,"AG00009.11","Material Raw Sheet & Plate Mild Steel",5.76,"L01979",642.06,64.21,706.27,111.46875,"AUD",642.06,64.21,706.27,111.46875,"Received","Received","Admin","11/06/2026","12/06/2026","19/06/2026",,"11/06/2026",,,"12/06/2026",,7,"151193+","SELECTION STEEL",,"STOCK","Y","DERRYN F",,"N",,,,,,,,,,
"PO00441","5mm Plate Mild Steel AS 3678 Grade 250","5mm Plate Mild Steel AS 3678 Grade 250","1 X PLATE - 2400 X 1200",,"AG00009.11","Material Raw Sheet & Plate Mild Steel",2.88,"L01977",158.91,15.89,174.8,55.177083333333,"AUD",158.91,15.89,174.8,55.177083333333,"Received","Received","Admin","11/06/2026","12/06/2026","19/06/2026",,"11/06/2026",,,"12/06/2026",,7,"151193+","SELECTION STEEL",,"STOCK","Y","DERRYN F",,"N",,,,,,,,,,
"PO00441","8mm Plate Mild Steel AS 3678 Grade 250","8mm Plate Mild Steel AS 3678 Grade 250","1 X PLATE - 2400 X 1200",,"AG00009.11","Material Raw Sheet & Plate Mild Steel",2.88,"L01978",256.83,25.68,282.51,89.177083333333,"AUD",256.83,25.68,282.51,89.177083333333,"Received","Received","Admin","11/06/2026","12/06/2026","19/06/2026",,"11/06/2026",,,"12/06/2026",,7,"151193+","SELECTION STEEL",,"STOCK","Y","DERRYN F",,"N",,,,,,,,,,
"PO00440",1,"BWEGProduction","""FITSEAS"" SIGN - E-POLISHED",,"AG00004","Blue Water Engineering",1,"L01976",1,0.1,1.1,1,"AUD",1,0.1,1.1,1,"Ordered","Planned","Admin","10/06/2026","11/06/2026",,,"10/06/2026",,,"11/06/2026",,55,"V00279","SOUTHERN STAINLESS",,"EPOLISH","Y","DERRYN F",,"Y",,,,,,,,,,
"PO00439","FREIGHT","FREIGHT",,,,,1,"L01971",1,0.1,1.1,1,"$",1,0.1,1.1,1,"Received","Received","David C","08/06/2026","15/06/2026","15/06/2026",1,"10/06/2026",1,"10/06/2026","15/06/2026","15/06/2026",0,"V00064","KCD STUDWELDING",,"STOCK",,"STEPHEN P",,,,,,,,,,,,
"PO00439","M3X16 STUD STAINLESS STEEL","M3X16 STUD STAINLESS STEEL",,,"AG00004","Blue Water Engineering",200,"L01969",1,0.1,1.1,0.005,"$",1,0.1,1.1,0.005,"Received","Received","David C","08/06/2026","15/06/2026","15/06/2026",1,"10/06/2026",1,"10/06/2026","15/06/2026","15/06/2026",0,"V00064","KCD STUDWELDING",,"STOCK",,"STEPHEN P",,,,,,,,,,,,
"PO00439","M3X20 STUD STAINLESS STEEL","M3X20 STUD STAINLESS STEEL",,,"AG00004","Blue Water Engineering",200,"L01968",1,0.1,1.1,0.005,"$",1,0.1,1.1,0.005,"Received","Received","David C","08/06/2026","15/06/2026","15/06/2026",1,"10/06/2026",1,"10/06/2026","15/06/2026","15/06/2026",0,"V00064","KCD STUDWELDING",,"STOCK",,"STEPHEN P",,,,,,,,,,,,
"PO00439","M6X16 STUD STAINLESS STEEL","M6X16 STUD STAINLESS STEEL",,,"AG00004","Blue Water Engineering",200,"L01970",1,0.1,1.1,0.005,"$",1,0.1,1.1,0.005,"Received","Received","David C","08/06/2026","15/06/2026","15/06/2026",1,"10/06/2026",1,"10/06/2026","15/06/2026","15/06/2026",0,"V00064","KCD STUDWELDING",,"STOCK",,"STEPHEN P",,,,,,,,,,,,
"PO00438","A0001900","6MM PLATE BRASS","1 X PLATE - 1800MM X 900MM X 6MM BRASS",,,,1.62,"L01967",1839.1,183.91,2023.01,1135.2469135802,"AUD",1839.1,183.91,2023.01,1135.2469135802,"Received","Received","Admin","08/06/2026","11/06/2026","06/07/2026",,"08/06/2026",,,"12/06/2026",,25,"V00076","PRIMARY METALS & ALLOYS PTY LTD",,"PLATE","Y","DERRYN F",,,,,,,,,,,,
"PO00437","A0001970","6MM PLATE MILD STEEL GR250","6 X 2400MM X 1200MM PLATES",,"AG00009.10","Material Raw Sheet & Plate Aluminium",17.28,"L01966",1080,108,1188,62.5,"AUD",1080,108,1188,62.5,"Received","Received","Admin","04/06/2026","08/06/2026","06/07/2026",,"04/06/2026",,,"08/06/2026",,28,"151193+","SELECTION STEEL",,"6MM",,"DERRYN F",,"N",,,,,,,,,,
"PO00436","PHV_470_225_W_003","PHV 470x225 Backing Plate Weldment","WIP BLAST ONE SIDE",,"AG00004.1","Vaclift",32,,5,0.5,5.5,0.15625,"$",5,0.5,5.5,0.15625,"New PO","Requested","David C","04/06/2026","05/06/2026",,,,,,,,61,"V00183","BUNDALL POWDER COATING",,"STOCK",,"DERRYN F",,"Y",,,,,,,,,,
"PO00435",1,"BWEGProduction","CUT AND FOLD 2400 X 40 X 40 AS DRAWING PROVIDED - 1.6MM 316 SS #8.",,"AG00004","Blue Water Engineering",20,"L01964",20,2,22,1,"AUD",20,2,22,1,"Received","Received","Admin","03/06/2026","16/06/2026","19/06/2026",,"03/06/2026",,,"16/06/2026",,3,"V00150","NOEL K SHEETMETAL",,"CUT AND FOLD","Y","DERRYN F",,,,,,,,,,,,
"PO00434","1.6mm Sheet Stainless Steel 316 No 8","1.6mm Sheet Stainless Steel 316 No 8","2400MM X 1200MM X TWO PLATES - MIRROR FINISH.",,"AG00009.12","Material Raw Sheet & Plate Stainless Steel",5.76,"L01962",604.8,60.48,665.28,105,"$",604.8,60.48,665.28,105,"Ordered","Planned","Admin","03/06/2026","10/06/2026",,,"03/06/2026",,,"05/06/2026",,56,"V00105","TSM - THE STEEL MARKET PTY. LTD",,"stock","Y","DERRYN F",,"Y",,,,,,,,,,
"PO00434","10mm Plate Aluminium 5083","10mm Plate Aluminium 5083","2400MM X 1200MM X TWO PLATES",,"AG00009.10","Material Raw Sheet & Plate Aluminium",5.76,"L01961",1198.08,119.81,1317.89,208,"$",1198.08,119.81,1317.89,208,"Ordered","Planned","Admin","03/06/2026","10/06/2026",,,"03/06/2026",,,"05/06/2026",,56,"V00105","TSM - THE STEEL MARKET PTY. LTD",,"stock","Y","DERRYN F",,"Y",,,,,,,,,,
"PO00434","6mm Plate Aluminium 5083","6mm Plate Aluminium 5083","2400MM X 1200MM X TWO PLATES",,"AG00009.10","Material Raw Sheet & Plate Aluminium",5.76,"L01960",720,72,792,125,"$",720,72,792,125,"Ordered","Planned","Admin","03/06/2026","10/06/2026",,,"03/06/2026",,,"05/06/2026",,56,"V00105","TSM - THE STEEL MARKET PTY. LTD",,"stock","Y","DERRYN F",,"Y",,,,,,,,,,
"PO00434","A0002056","5mm Plate Aluminium 5005","2400MM X 1200MM X THREE PLATES",,"AG00009.10","Material Raw Sheet & Plate Aluminium",8.64,"L01959",907.2,90.72,997.92,105,"$",907.2,90.72,997.92,105,"Ordered","Planned","Admin","03/06/2026","10/06/2026",,,"03/06/2026",,,"05/06/2026",,56,"V00105","TSM - THE STEEL MARKET PTY. LTD",,"stock","Y","DERRYN F",,"Y",,,,,,,,,,
"PO00433","A0000724","M12 X 20mm Cap Screw ZP",,,"AG00004.1","Vaclift",50,"L01956",0,0,0,0,"$",0,0,0,0,"Ordered","Planned","Admin","02/06/2026","09/06/2026",,,"02/06/2026",,,,,57,"V00128","BUILD IT FASTENERS",,"STOCK","Y","JOHN Mc",,,,,,,,,,,,
"PO00433","A0001001","M8 Flat Engineer Washer ZP","1 FULL BOX",,,,1,"L01955",0,0,0,0,"$",0,0,0,0,"Ordered","Planned","Admin","02/06/2026","09/06/2026",,,"02/06/2026",,,,,57,"V00128","BUILD IT FASTENERS",,"STOCK","Y","JOHN Mc",,,,,,,,,,,,
"PO00433","A0001648","M4 X 5 MM SS 316 GRUB SCREW",,,,,200,"L01951",1,0.1,1.1,0.005,"$",1,0.1,1.1,0.005,"Ordered","Planned","Admin","02/06/2026","09/06/2026",,,"02/06/2026",,,,,57,"V00128","BUILD IT FASTENERS",,"STOCK","Y","JOHN Mc",,,,,,,,,,,,
"PO00433","A0002053","M4 X 20 ZP BOLT",,,,,40,"L01952",40,4,44,1,"$",40,4,44,1,"Ordered","Planned","Admin","02/06/2026","09/06/2026",,,"02/06/2026",,,,,57,"V00128","BUILD IT FASTENERS",,"STOCK","Y","JOHN Mc",,,,,,,,,,,,
"PO00433","A0002055","M6 X 20 ZP BOLT",,,,,50,"L01957",0,0,0,0,"$",0,0,0,0,"Ordered","Planned","Admin","02/06/2026","09/06/2026",,,"02/06/2026",,,,,57,"V00128","BUILD IT FASTENERS",,"STOCK","Y","JOHN Mc",,,,,,,,,,,,
"PO00433","Althread M8 Grade 4.6 ZP","Althread M8 Grade 4.6 ZP","FULL LENGTH",,"AG00004.1","Vaclift",3,"L01953",3,0.3,3.3,1,"$",3,0.3,3.3,1,"Ordered","Planned","Admin","02/06/2026","09/06/2026",,,"02/06/2026",,,,,57,"V00128","BUILD IT FASTENERS",,"STOCK","Y","JOHN Mc",,,,,,,,,,,,
"PO00433","M8 NYLOC NUT ZP","M8 NYLOC NUT ZP","1 FULL BOX",,"AG00007","Fastener",1,"L01954",0,0,0,0,"$",0,0,0,0,"Ordered","Planned","Admin","02/06/2026","09/06/2026",,,"02/06/2026",,,,,57,"V00128","BUILD IT FASTENERS",,"STOCK","Y","JOHN Mc",,,,,,,,,,,,
"PO00432","A0000981","MATERIALS AS REQUIRED","ABSOLUTE LASER TO SUPPLY MATERIAL - 164 SHEETS - 3000MM X 1500MM X 1.6MM 5005 GRADE ALUMINIUM.",,,,164,"L01950",22140,,22140,135,"AUD",22140,,22140,135,"Ordered","Planned","Admin","01/06/2026","12/06/2026",,,"01/06/2026",,,"12/06/2026",,54,"V00338","ABSOLUTE LASER CUTTING",,"ABSOLUTE LASER CUTTING","Y","DERRYN F",,"N",,,,,,,,,,
"PO00432","A0002051","70MM DISC WITH 31.79MM TAG AS DRAWING SUPPLIED BY BWEG","1.6MM 5005 GRADE ALUMINIUM. tO BE PACKED IN PLAIN BOXS AS DISCUST.",,,,121000,"L01949",32000,,32000,0.26446280991736,"AUD",32000,,32000,0.26446280991736,"Ordered","Planned","Admin","01/06/2026","12/06/2026",,,"01/06/2026",,,"12/06/2026",,54,"V00338","ABSOLUTE LASER CUTTING",,"ABSOLUTE LASER CUTTING","Y","DERRYN F",,"N",,,,,,,,,,
"PO00431",1,"BWEGProduction","LETTER BOX - WELD ON FRONT HOOD.",,"AG00004","Blue Water Engineering",1,"L01948",1,0.1,1.1,1,"AUD",1,0.1,1.1,1,"Ordered","Planned","Admin","01/06/2026","05/06/2026",,,"01/06/2026",,,"05/06/2026",,61,"V00150","NOEL K SHEETMETAL",,"WELD","Y","DERRYN F",,,,,,,,,,,,
"PO00429","A0001073","30MM ALUMINIUM ROUND BAR MS30","1 X FULL LENGTH - 3.6 meters",,,,3.6,"L01943",118.8,11.88,130.68,33,"AUD",118.8,11.88,130.68,33,"Received","Received","Admin","29/05/2026","03/06/2026","19/06/2026",,"29/05/2026",,,,,16,"V00114","ACTION ALUMINIUM",,"STOCK","Y","DERRYN F",,"N",,,,,,,,,,
"PO00428","A0002050","1"" HEX BAR - MACHINE GRADE ALUMINIUM","1 X FULL LENGTH",,,,1,"L01942",1,0.1,1.1,1,"AUD",1,0.1,1.1,1,"Received","Received","Admin","29/05/2026","09/06/2026","19/06/2026",,"29/05/2026",,,,,10,"V00114","ACTION ALUMINIUM",,"STOCK","Y","DERRYN F",,"N",,,,,,,,,,
"PO00427","VLPE-004","Compressor 12V 8A 35L/min",,"GZ 35-12 A/F35L/m","AG00005.3","Electrical",5,"L01939",681.06,68.11,749.17,136.212,"USD",454.04,45.4,499.44,90.808,"Ordered","Planned","David C","29/05/2026","10/07/2026",,"MS20260602-A012","02/06/2026","MS20260602-A012","02/06/2026","02/06/2026",,26,"V00020","Ningbo Yinzhou Maisi Mechanical & Electrical Co., Ltd",,"STOCK","Y","JOHN Mc",,"N",,,"$88.00","maisigroup.com","$230.00","GZ35 -12V",,"'-",,
"PO00427","VLPE-005","Compressor 12V 8A 55L/min single head brushless",,"GZ 70-12 A/F68L/min","AG00005.3","Electrical",2,"L01940",460.005,46,506.005,230.0025,"USD",306.67,30.67,337.34,153.335,"Ordered","Planned","David C","29/05/2026","10/07/2026",,"MS20260602-A012","02/06/2026","MS20260602-A012","02/06/2026","02/06/2026",,26,"V00020","Ningbo Yinzhou Maisi Mechanical & Electrical Co., Ltd",,"STOCK","Y","JOHN Mc",,"N",,,"$230.00","maisigroup.com",,"gz35-12V- Brushless",,"'-",,
"PO00427","VLPE-068","Compressor 12V 100W 65L/min brushless",,"GZ35-12-B","AG00005.3","Electrical",2,"L01941",936,93.6,1029.6,468,"USD",624,62.4,686.4,312,"Ordered","Planned","David C","29/05/2026","10/07/2026",,"MS20260602-A012","02/06/2026","MS20260602-A012","02/06/2026","02/06/2026",,26,"V00020","Ningbo Yinzhou Maisi Mechanical & Electrical Co., Ltd",,"STOCK","Y","JOHN Mc",,"N",,,"$468.00",,,,"Ningbo Yinzhou Maisi","'-",,
"PO00426","A0002046","8"" PHOSPHORUS BRONZE BAR","350MM LONG",,,,0.35,"L01938",3500,350,3850,10000,"AUD",3500,350,3850,10000,"Ordered","Planned","Admin","28/05/2026","08/06/2026",,,"28/05/2026",,,,,58,"V00181","ALLIED BEARINGS & SEALS",,"JOB","Y","DERRYN F",,,,,,,,,,,,
"PO00425","A0000795","1.95 Galvabond G2 Z275 100mm (coil) (1 tonne)",,,,,1,"L01936",2391.34,239.13,2630.47,2391.34,"AUD",2391.34,239.13,2630.47,2391.34,"Received","Received","Admin","27/05/2026","29/05/2026","28/05/2026",,"27/05/2026",,,,,0,"V00251","VULCAN COIL DIVISION",,"SLATS","Y","DERRYN F",,,,,,,,,,,,
"PO00425","A00141","FREIGHT INWARD",,,"AG00011","FREIGHT INWARD",1,"L01937",95,9.5,104.5,95,"AUD",95,9.5,104.5,95,"Received","Received","Admin","27/05/2026","29/05/2026","28/05/2026",,"27/05/2026",,,,,0,"V00251","VULCAN COIL DIVISION",,"SLATS","Y","DERRYN F",,,,,,,,,,,,
"PO00424","BOMAC ENG RAIL TROLLEY 500KG WLL","RAIL TROLLEY 500KG WLL",,"ATX-4W-ZZ","AG00004.1","Vaclift",1,"L01935",505,50.5,555.5,505,"$",505,50.5,555.5,505,"New PO","Requested","David C","27/05/2026","10/06/2026",,,,,,,,56,"V00330","BOMAC ENGINEERING",,"SN702","Y","JOHN Mc",,"N",,,,,,,,,,
"PO00423","A0000727","FORKLIFT GAS","15KG + 3  RETURN",,,,3,"L01933",63,,63,21,"$",63,,63,21,"Received","Received","Admin","27/05/2026","27/05/2026","10/07/2026",,"27/05/2026",,,,,44,"V00328","SUPAGAS",,"GAS","Y","DERRYN F","FORKLIFT GAS = $1.50 PER MONTH RENT / ARGON = $8 / SUPASHIELD","N",,,,,,,,,,
"PO00423","A0001574","SUPASHIELD","G + 1 RETURN",,,,1,"L01934",31,,31,31,"$",31,,31,31,"Received","Received","Admin","27/05/2026","27/05/2026","10/07/2026",,"27/05/2026",,,,,44,"V00328","SUPAGAS",,"GAS","Y","DERRYN F","FORKLIFT GAS = $1.50 PER MONTH RENT / ARGON = $8 / SUPASHIELD","N",,,,,,,,,,
"PO00422","A0002044","3MM X 60MM FLAT BAR ALUMINIUM",,,,,8,"L01932",40.16,4.02,44.18,5.02,"AUD",40.16,4.02,44.18,5.02,"Received","Received","Admin","26/05/2026","27/05/2026","19/06/2026",,"26/05/2026",,,,,23,"V00114","ACTION ALUMINIUM",,"JET","Y","DERRYN F",,"N",,,,,,,,,,
"PO00421","A0001369","FOXX BLADE PINK SEMI-SYNTHETIC COOLANT (PINK) - 20L DRUM",,,,,1,"L01929",176.76,17.68,194.44,176.76,"AUD",176.76,17.68,194.44,176.76,"Ordered","Planned","Admin","26/05/2026","09/06/2026",,,"26/05/2026",,,,,57,"V00325","ETS",,"COOLENT","Y","DERRYN F",,"N",,,,,,,,,,
"PO00421","A00141","FREIGHT INWARD",,,"AG00011","FREIGHT INWARD",1,"L01930",18,1.8,19.8,18,"AUD",18,1.8,19.8,18,"Ordered","Planned","Admin","26/05/2026","09/06/2026",,,"26/05/2026",,,,,57,"V00325","ETS",,"COOLENT","Y","DERRYN F",,"N",,,,,,,,,,
"PO00420","BA_W_0560_001","BOOM ARM WELDMENT",,,,,1,"L01928",100,10,110,100,"$",100,10,110,100,"Received","Received","David C","26/05/2026","26/05/2026","01/06/2026",1,"01/06/2026",1,"01/06/2026","01/06/2026","01/06/2026",6,"V00183","BUNDALL POWDER COATING",,"SN706",,"JOHN Mc",,"Y",,,,,,,,,,
"PO00420","FVLPR1000NT_01MF_001","FVL PALLET RACK MAIN FRAME 1000KG WLL WELDMENT",,,"AG00004.1","Vaclift",1,"L01926",200,20,220,200,"$",200,20,220,200,"Received","Received","David C","26/05/2026","26/05/2026","01/06/2026",1,"01/06/2026",1,"01/06/2026","01/06/2026","01/06/2026",6,"V00183","BUNDALL POWDER COATING",,"SN706",,"JOHN Mc",,"Y",,,,,,,,,,
"PO00420","SDL_W_40_230_004","Set Down Leg NT & Tilting",,,"AG00004.1","Vaclift",2,"L01927",50,5,55,25,"$",50,5,55,25,"Received","Received","David C","26/05/2026","26/05/2026","01/06/2026",1,"01/06/2026",1,"01/06/2026","01/06/2026","01/06/2026",6,"V00183","BUNDALL POWDER COATING",,"SN706",,"JOHN Mc",,"Y",,,,,,,,,,
"PO00419","A0001649","PTC-38-3-MSBL-6350","6 X FULL LENGHTS",,,,38.1,"L01923",354.33,35.43,389.76,9.3,"AUD",354.33,35.43,389.76,9.3,"Received","Received","Admin","26/05/2026","01/06/2026","01/06/2026",,"26/05/2026",,,,,0,9340011,"BLUESCOPE DISTRIBUTION",,"NQ","Y","DERRYN F",,,,,,,,,,,,
"PO00419","A00141","FREIGHT INWARD","INCLUDES $30 DELIVERY SURCHARGE",,"AG00011","FREIGHT INWARD",1,"L01924",150,15,165,150,"AUD",150,15,165,150,"Received","Received","Admin","26/05/2026","01/06/2026","01/06/2026",,"26/05/2026",,,,,0,9340011,"BLUESCOPE DISTRIBUTION",,"NQ","Y","DERRYN F",,,,,,,,,,,,
"PO00418","A0000218","GFDSS12540 - ALPHA 125X22.2MM 40G ZIRCONIA FLAP DISC",,,"AG000011","WORKSHOP GENERAL SUPPLIES",20,"L01916",1,0.1,1.1,0.05,"AUD",1,0.1,1.1,0.05,"Received","Received","Admin","25/05/2026","26/05/2026","25/05/2026",,"25/05/2026",,,,,0,"V00128","BUILD IT FASTENERS",,"STOCK","Y","JOHN Mc",,,,,,,,,,,,
"PO00418","A0001648","M4 X 5 MM SS 316 GRUB SCREW",,,,,400,"L01915",2,0.2,2.2,0.005,"AUD",2,0.2,2.2,0.005,"Received","Received","Admin","25/05/2026","26/05/2026","25/05/2026",,"25/05/2026",,,,,0,"V00128","BUILD IT FASTENERS",,"STOCK","Y","JOHN Mc",,,,,,,,,,,,
"PO00418","M8 SPRING WASHER ZP","M8 SPRING WASHER ZP",,,"AG00007","Fastener",100,"L01917",0.2,0.02,0.22,0.002,"AUD",0.2,0.02,0.22,0.002,"Received","Received","Admin","25/05/2026","26/05/2026","25/05/2026",,"25/05/2026",,,,,0,"V00128","BUILD IT FASTENERS",,"STOCK","Y","JOHN Mc",,,,,0.50,,,,,,,
"PO00417","PHV_470_225_W_002","PHV 470 x 225 x 122H Hanger Plate TB65 Weldment",,,"AG00004.1","Vaclift",27,"L01914",540,54,594,20,"$",540,54,594,20,"New PO","Requested","David C","25/05/2026","25/05/2026",,,,,,,,72,"V00279","SOUTHERN STAINLESS",,"STOCK",,"JOHN Mc",,"Y",,,,,,,,,,
"PO00417","PR_W_300_065_002","Round Pad Ø300 - Ø400 155H TB65 Air Best Mount Weldment",,,"AG00004.1","Vaclift",10,"L01913",200,20,220,20,"$",200,20,220,20,"New PO","Requested","David C","25/05/2026","25/05/2026",,,,,,,,72,"V00279","SOUTHERN STAINLESS",,"STOCK",,"JOHN Mc",,"Y",,,,,,,,,,
"PO00416","A0000526","BMGARSUPD20 SUPER BLAST GARNET D 80# TONNE",,"BMGARSUPD20","AG00004.3","Water Jet Cutting",4,"L01907",2380,238,2618,595,"AUD",2380,238,2618,595,"Received","Received","Admin","21/05/2026","21/05/2026","26/05/2026",,"21/05/2026",,,,,5,"V00198","INDUSTRIAL MINERALS",,"JET",,"DERRYN F",,,,,595.00,"INDUSTRIAL MINERALS",,,,,,
"PO00415","CVL1500ELNT_01MF_001","Main Frame Non Tilt 0 - 1500kg WLL","POWDER COAT BLAZE BLUE",,"AG00004.1","Vaclift",1,"L01903",1,0.1,1.1,1,"$",1,0.1,1.1,1,"Received","Received","David C","21/05/2026","21/05/2026","01/06/2026",1,"01/06/2026",1,"01/06/2026","01/06/2026","01/06/2026",11,"V00183","BUNDALL POWDER COATING",,"SN704 & 702","Y","JOHN Mc",,"Y",,,,,,,,,,
"PO00415","FVL1500NT_01MF_016","Main Frame TB150 1500kg WLL Weldment","POWDERCOAT AS DRAWN",,"AG00004.1","Vaclift",1,,1,0.1,1.1,1,"$",1,0.1,1.1,1,"Received","Received","David C","21/05/2026","21/05/2026","01/06/2026",1,"01/06/2026",1,"01/06/2026","01/06/2026","01/06/2026",11,"V00183","BUNDALL POWDER COATING",,"SN704 & 702","Y","JOHN Mc",,"Y",,,,,,,,,,
"PO00415","HA_EL_W_065_0660_01_REV A","End Loader Handle TB65 660mm L Weldment","POWDER COAT SAFETY YELLOW",,"AG00004.1","Vaclift",1,"L01904",1,0.1,1.1,1,"$",1,0.1,1.1,1,"Received","Received","David C","21/05/2026","21/05/2026","01/06/2026",1,"01/06/2026",1,"01/06/2026","01/06/2026","01/06/2026",11,"V00183","BUNDALL POWDER COATING",,"SN704 & 702","Y","JOHN Mc",,"Y",,,,,,,,,,
"PO00415","SDL_W_40_160_001","Set Down Leg Center Weldment","POWDER COAT YELLOW",,"AG00004.1","Vaclift",2,"L01902",70,7,77,35,"$",70,7,77,35,"Received","Received","David C","21/05/2026","21/05/2026","01/06/2026",1,"01/06/2026",1,"01/06/2026","01/06/2026","01/06/2026",11,"V00183","BUNDALL POWDER COATING",,"SN704 & 702","Y","JOHN Mc",,"Y",,,,,,,,,,
"PO00415","TB150_5900_001","Tool Bar 5900 L to Suit Slider Extensions","POWDER COAT",,"AG00004.1","Vaclift",1,,250,25,275,250,"$",250,25,275,250,"Received","Received","David C","21/05/2026","21/05/2026","01/06/2026",1,"01/06/2026",1,"01/06/2026","01/06/2026","01/06/2026",11,"V00183","BUNDALL POWDER COATING",,"SN704 & 702","Y","JOHN Mc",,"Y",,,,,,,,,,
"PO00415","TBSE_150_100_2250_001","Slider Extender Beam Weldment","POWDER COAT",,"AG00004.1","Vaclift",2,,350,35,385,175,"$",350,35,385,175,"Received","Received","David C","21/05/2026","21/05/2026","01/06/2026",1,"01/06/2026",1,"01/06/2026","01/06/2026","01/06/2026",11,"V00183","BUNDALL POWDER COATING",,"SN704 & 702","Y","JOHN Mc",,"Y",,,,,,,,,,
"PO00414","SDLM_W_150_001","Set Down Leg Mount to Suit TB150 Weldment","ZINCPLATE SLIVER",,"AG00004.1","Vaclift",2,,20,2,22,10,"$",20,2,22,10,"Received","Received","David C","21/05/2026","21/05/2026","01/06/2026",1,"01/06/2026",1,"29/05/2026","31/05/2026","01/06/2026",11,"V00122","GOLD COAST ELECTROPLATING",,"SN702",,"JOHN Mc",,,,,,,,,,,,
"PO00414","SPD_BAR_065_1500_001","65mm Spreader Bar 1500 L to Suit RHS 100 W",,,"AG00004.1","Vaclift",2,"L01905",40,4,44,20,"$",40,4,44,20,"Received","Received","David C","21/05/2026","21/05/2026","01/06/2026",1,"01/06/2026",1,"29/05/2026","31/05/2026","01/06/2026",11,"V00122","GOLD COAST ELECTROPLATING",,"SN702",,"JOHN Mc",,,,,,,,,,,,
"PO00414","SPD_BAR_065_1500_004","65mm Spreader Bar 1500 L to Suit RHS 150 W","ZINCPLATE",,"AG00004.1","Vaclift",2,,40,4,44,20,"$",40,4,44,20,"Received","Received","David C","21/05/2026","21/05/2026","01/06/2026",1,"01/06/2026",1,"29/05/2026","31/05/2026","01/06/2026",11,"V00122","GOLD COAST ELECTROPLATING",,"SN702",,"JOHN Mc",,,,,,,,,,,,
"PO00413","SPD_BAR_065_1500_001","65mm Spreader Bar 1500 L to Suit RHS 100 W","ZINCPLATE",,"AG00004.1","Vaclift",2,,2,0.2,2.2,1,"$",2,0.2,2.2,1,"Received","Received","David C","21/05/2026","29/05/2026","01/06/2026",1,"01/06/2026",1,"01/06/2026","03/06/2026","01/06/2026",3,"V00122","GOLD COAST ELECTROPLATING",,"SN702","Y","JOHN Mc",,,,,,,,,,,,
"PO00412","A0001073","30MM ALUMINIUM ROUND BAR MS30","FULL LENGTH",,,,3.6,"L01899",121.07,12.11,133.18,33.630555555556,"AUD",121.07,12.11,133.18,33.630555555556,"Received","Received","Admin","20/05/2026","25/05/2026","20/05/2026",,"20/05/2026",,,,,0,"V00114","ACTION ALUMINIUM",,"STOCK","Y","DERRYN F",,"N",,,,,,,,,,
"PO00411","10mm Plate Aluminium 5083","10mm Plate Aluminium 5083","1 X 2400MM X 1200MM PLATE",,"AG00009.10","Material Raw Sheet & Plate Aluminium",2.88,"L01897",585,58.5,643.5,203.125,"AUD",585,58.5,643.5,203.125,"Received","Received","Admin","20/05/2026","27/05/2026","22/05/2026",,"20/05/2026",,,,,0,"V00105","TSM - THE STEEL MARKET PTY. LTD",,"stock","Y","DERRYN F",,"Y",,,,,,,,,,
"PO00411","16mm Plate Aluminium 5083","16mm Plate Aluminium 5083","1 X 2400MM X 1200MM PLATE",,"AG00009.10","Material Raw Sheet & Plate Aluminium",2.88,"L01898",1,0.1,1.1,0.34722222222222,"AUD",1,0.1,1.1,0.34722222222222,"Received","Received","Admin","20/05/2026","27/05/2026","22/05/2026",,"20/05/2026",,,,,0,"V00105","TSM - THE STEEL MARKET PTY. LTD",,"stock","Y","DERRYN F",,"Y",,,,,,,,,,
"PO00411","A0001358","3MM SHEET STAINLESS STEEL 316 2B","2 x 2400mm x 1200mm SHEETS",,,,5.76,"L01896",1,0.1,1.1,0.17361111111111,"AUD",1,0.1,1.1,0.17361111111111,"Received","Received","Admin","20/05/2026","27/05/2026","22/05/2026",,"20/05/2026",,,,,0,"V00105","TSM - THE STEEL MARKET PTY. LTD",,"stock","Y","DERRYN F",,"Y",,,,,,,,,,
"PO00410",28357,"""TEXAS - T"" 1400 MM LONG","E-POLISHED",,,,1,"L01895",1,0.1,1.1,1,"AUD",1,0.1,1.1,1,"Received","Received","Admin","20/05/2026","20/05/2026","25/05/2026",,"20/05/2026",,,,,5,"V00279","SOUTHERN STAINLESS",,"TEXAS - T","Y","DERRYN F",,"Y",,,,,,,,,,
"PO00409","A0002014","16 ER 14UN-CB AC530U","1 PACK OF 5 TIPS",,,,5,"L01894",5,0.5,5.5,1,"$",5,0.5,5.5,1,"Received","Received","Admin","20/05/2026","20/05/2026","26/05/2026",,"20/05/2026",,,,,6,"V00135","SEI CARBIDE",,"STOCK","Y","DERRYN F",,"N",,,,,,,,,,
"PO00408","FREIGHT","FREIGHT",,,,,1,"L01893",1.5,0,1.5,1.5,"USD",1,0,1,1,"Received","Received","David C","20/05/2026","01/07/2026","13/07/2026",,"20/05/2026",1,"20/05/2026","10/06/2026","03/07/2026",12,"V00335","SHENZHEN TENCHY SILICONE RUBBER CO. LDT",,"STOCK","Y","JOHN Mc",,"N",,,,,,,,,,
"PO00408","VLPF-020","CNC PAD SEAL 20mm","100M PER ROLL",,"AG00004","Blue Water Engineering",100,"L01892",1500,0,1500,15,"USD",1000,0,1000,10,"Received","Received","David C","20/05/2026","01/07/2026","13/07/2026",,"20/05/2026",1,"20/05/2026","10/06/2026","03/07/2026",12,"V00335","SHENZHEN TENCHY SILICONE RUBBER CO. LDT",,"STOCK","Y","JOHN Mc",,"N",,,,,,,,,,
"PO00407","A0001064","DEWALT 2750MM X 27MM X 0.9MM X 6/10TPI BIMETAL BANDSAW BLADE",,,,,4,"L01891",0,0,0,0,"AUD",0,0,0,0,"Ordered","Planned","Admin","20/05/2026","20/05/2026",,,"20/05/2026",,,,,77,"V00142","AUSTECH SAW & TOOLING",,"stock","Y","DERRYN F",,,,,,,,,,,,
"PO00406","10mm Plate Aluminium 5083","10mm Plate Aluminium 5083","1 X 3000MM X 1500MM PLATE",,"AG00009.10","Material Raw Sheet & Plate Aluminium",4.5,"L01889",1257.16,125.72,1382.88,279.36888888889,"AUD",1257.16,125.72,1382.88,279.36888888889,"Received","Received","Admin","19/05/2026","20/05/2026","29/05/2026",,"19/05/2026",,,,,9,9340011,"BLUESCOPE DISTRIBUTION",,"AMI","Y","DERRYN F",,,,,,,,,,,,
"PO00406","10mm Plate Aluminium 5083","10mm Plate Aluminium 5083","2 X 6000MM X 2000MM PLATES",,"AG00009.10","Material Raw Sheet & Plate Aluminium",24,"L01888",6613.44,661.34,7274.78,275.56,"AUD",6613.44,661.34,7274.78,275.56,"Received","Received","Admin","19/05/2026","20/05/2026","29/05/2026",,"19/05/2026",,,,,9,9340011,"BLUESCOPE DISTRIBUTION",,"AMI","Y","DERRYN F",,,,,,,,,,,,
"PO00406","A00141","FREIGHT INWARD","INCLUDES $35 DELIVERY SURCHARGE",,"AG00011","FREIGHT INWARD",1,"L01890",155,15.5,170.5,155,"AUD",155,15.5,170.5,155,"Received","Received","Admin","19/05/2026","20/05/2026","29/05/2026",,"19/05/2026",,,,,9,9340011,"BLUESCOPE DISTRIBUTION",,"AMI","Y","DERRYN F",,,,,,,,,,,,
"PO00405","PHV_470_225_W_002","PHV 470 x 225 x 122H Hanger Plate TB65 Weldment","ELTRO MPOLISH",,"AG00004.1","Vaclift",27,,540,54,594,20,"$",540,54,594,20,"Received","Received","David C","19/05/2026","29/05/2026","25/05/2026",,,,,,,0,"V00279","SOUTHERN STAINLESS",,"STOCK",,"JOHN Mc",,"Y",,,,,,,,,,
"PO00404","A0002007","SANDING BELT 120 GRIT 100 X 915 GREEN",,,,,10,"L01883",10,1,11,1,"$",10,1,11,1,"Received","Received","Admin","18/05/2026","18/05/2026","26/05/2026",,"18/05/2026",,,,,8,"V00196","PACIFIC COATINGS",,"STOCK","Y","DERRYN F",,,,,,,,,,,,
"PO00404","A0002008","SANDING BELT 120 GRIT 50 X 915 GREEN",,,,,10,"L01884",10,1,11,1,"$",10,1,11,1,"Received","Received","Admin","18/05/2026","18/05/2026","26/05/2026",,"18/05/2026",,,,,8,"V00196","PACIFIC COATINGS",,"STOCK","Y","DERRYN F",,,,,,,,,,,,
"PO00403","SPD_BAR_065_1200_001","Spreader 65mm 1200mm Weldment","ZINCPLATE ALL PARTS",,"AG00004.1","Vaclift",4,,23,2.3,25.3,5.75,"$",23,2.3,25.3,5.75,"New PO","Requested","David C","14/05/2026","29/05/2026",,,,,,,,68,"V00122","GOLD COAST ELECTROPLATING",,"STOCK","Y","JOHN Mc",,,,,,,,,,,,
"PO00403","TB065_4000_001_REV A","Tool Bar 4000 L to Suit Frame 570 W RHS 70 L CTS 750 kg W.L.L.","ZINCPLATE",,"AG00004.1","Vaclift",1,,30,3,33,30,"$",30,3,33,30,"New PO","Requested","David C","14/05/2026","29/05/2026",,,,,,,,68,"V00122","GOLD COAST ELECTROPLATING",,"STOCK","Y","JOHN Mc",,,,,,,,,,,,
"PO00402","1.2mm Sheet Stainless Steel 304 2B","1.2mm Sheet Stainless Steel 304 2B","2400MM X 1200MM SHEET",,"AG00009.12","Material Raw Sheet & Plate Stainless Steel",2.88,"L01841",135,13.5,148.5,46.875,"AUD",135,13.5,148.5,46.875,"Received","Received","Admin","12/05/2026","19/05/2026","14/05/2026",,"12/05/2026",,,,,0,"V00105","TSM - THE STEEL MARKET PTY. LTD",,"JOB","Y","DERRYN F",,"Y",,,,,,,,,,
"PO00402","16mm Plate Aluminium 5083","16mm Plate Aluminium 5083","2 X 2400MM X 1200MM PLATES",,"AG00009.10","Material Raw Sheet & Plate Aluminium",5.76,"L01844",1900,190,2090,329.86111111111,"AUD",1900,190,2090,329.86111111111,"Received","Received","Admin","12/05/2026","19/05/2026","14/05/2026",,"12/05/2026",,,,,0,"V00105","TSM - THE STEEL MARKET PTY. LTD",,"JOB","Y","DERRYN F",,"Y",,,,,,,,,,
"PO00402","4mm Plate Stainless Steel 304 2B","4mm Plate Stainless Steel 304 2B","2400MM X 1200MM PLATE",,"AG00009.12","Material Raw Sheet & Plate Stainless Steel",2.88,"L01842",448,44.8,492.8,155.55555555556,"AUD",448,44.8,492.8,155.55555555556,"Received","Received","Admin","12/05/2026","19/05/2026","14/05/2026",,"12/05/2026",,,,,0,"V00105","TSM - THE STEEL MARKET PTY. LTD",,"JOB","Y","DERRYN F",,"Y",,,,,,,,,,
"PO00402","A0001451","5MM PLATE STAINLESS STEEL 316 2B","2400MM X 1200MM PLATE",,,,2.88,"L01843",960,96,1056,333.33333333333,"AUD",960,96,1056,333.33333333333,"Received","Received","Admin","12/05/2026","19/05/2026","14/05/2026",,"12/05/2026",,,,,0,"V00105","TSM - THE STEEL MARKET PTY. LTD",,"JOB","Y","DERRYN F",,"Y",,,,,,,,,,
"PO00402","A00141","FREIGHT INWARD",,,"AG00011","FREIGHT INWARD",1,"L01845",0,0,0,0,"AUD",0,0,0,0,"Received","Received","Admin","12/05/2026","19/05/2026","14/05/2026",,"12/05/2026",,,,,0,"V00105","TSM - THE STEEL MARKET PTY. LTD",,"JOB","Y","DERRYN F",,"Y",,,,,,,,,,
"PO00401","A0000601","MX3-300 - INOX MX3 LUBRICANT 300G AEROSOL",,"MX3-300","AG00004.1","Vaclift",2,"L01836",23,2.3,25.3,11.5,"$",23,2.3,25.3,11.5,"Received","Received","Admin","12/05/2026","12/05/2026","26/05/2026",,"12/05/2026",,,,,14,"V00128","BUILD IT FASTENERS",,"STOCK","Y","JOHN Mc",,,,,11.50,"BUILD IT FASTENERS",,,,,,
"PO00401","A0001975","R CLIP VACLIFT LEG PIN - 59MM X 3MM","(BOX)",,,,1,"L01833",1,0.1,1.1,1,"$",1,0.1,1.1,1,"Received","Received","Admin","12/05/2026","12/05/2026","26/05/2026",,"12/05/2026",,,,,14,"V00128","BUILD IT FASTENERS",,"STOCK","Y","JOHN Mc",,,,,,,,,,,,
"PO00401","A0001976","M3 X 12 PAN PHILLIPS ZP","(BOX)",,,,1,"L01839",1,0.1,1.1,1,"$",1,0.1,1.1,1,"Received","Received","Admin","12/05/2026","12/05/2026","26/05/2026",,"12/05/2026",,,,,14,"V00128","BUILD IT FASTENERS",,"STOCK","Y","JOHN Mc",,,,,,,,,,,,
"PO00401","M3 NYLOC NUT ZP","M3 NYLOC NUT ZP","(BOX)",,"AG00007","Fastener",1,"L01838",0.0258,0,0.0258,0.0258,"$",0.0258,0,0.0258,0.0258,"Received","Received","Admin","12/05/2026","12/05/2026","26/05/2026",,"12/05/2026",,,,,14,"V00128","BUILD IT FASTENERS",,"STOCK","Y","JOHN Mc",,,,,,,,,,,,
"PO00401","M6 FLAT WASHER ZP","M6 FLAT WASHER ZP","(BOX)",,,,1,"L01834",0.02,0,0.02,0.02,"$",0.02,0,0.02,0.02,"Received","Received","Admin","12/05/2026","12/05/2026","26/05/2026",,"12/05/2026",,,,,14,"V00128","BUILD IT FASTENERS",,"STOCK","Y","JOHN Mc",,,,,,,,,,,,
"PO00401","M6 NYLOC NUT ZP","M6 NYLOC NUT ZP","(BOX)",,"AG00007","Fastener",1,"L01835",0.03,0,0.03,0.03,"$",0.03,0,0.03,0.03,"Received","Received","Admin","12/05/2026","12/05/2026","26/05/2026",,"12/05/2026",,,,,14,"V00128","BUILD IT FASTENERS",,"STOCK","Y","JOHN Mc",,,,,,,,,,,,
"PO00401","M8 FLAT WASHER ZP","M8 FLAT WASHER ZP","(BOX)","M8WZPE","AG00007","Fastener",1,"L01855",0.02,0,0.02,0.02,"$",0.02,0,0.02,0.02,"Received","Received","Admin","12/05/2026","12/05/2026","26/05/2026",,"12/05/2026",,,,,14,"V00128","BUILD IT FASTENERS",,"STOCK","Y","JOHN Mc",,,,,,,,,,,,
"PO00400","A0001630","Reusable cartridge - annodised and laser etch logo. (same size primer size hole as the black plastic","Shot gun adaptors to be annodised orange",,,,21,"L01825",21,2.1,23.1,1,"AUD",21,2.1,23.1,1,"Received","Received","Admin","07/05/2026","07/05/2026","20/05/2026",,"07/05/2026",,,"22/05/2026",,13,"V00206","SPECIALISED ANODISING SERVICE",,"NOY","Y","DERRYN F",,,,,,,,,,,,
"PO00399","FREIGHT","FREIGHT",,,,,1,"L01824",1.5,0.15,1.65,1.5,"USD",1,0.1,1.1,1,"Ordered","Planned","David C","07/05/2026","18/06/2026",,1,"08/05/2026",1,"08/05/2026",,,48,"V00320","LUNYEE IDUSTRIES DEVELOPEMENT CO. LIMTED",,"STOCK","Y","JOHN Mc",,"N",,,,,,,,,,
"PO00399","VLPE-015","ELECTRIC ACTUATOR (ram)","'- LOAD 12,000N
- STROKE 200MM
- VOLTAGE 12V
- FRONT FITTING OPTION #6, 12.2 DIA HOLE AND 8.2 SLOT
- REAR FITTING #8, 12.2 DIA HOLE AND 8.2 SLOT
- MOUNTED AT 0 DEGREES ROTATION
- CABLE LENGTH 2.0 METERS
- OTHERS ARE STANDARD","LYI-02","AG00005.3","Electrical",5,"L01823",1350,135,1485,270,"USD",900,90,990,180,"Ordered","Planned","David C","07/05/2026","18/06/2026",,1,"08/05/2026",1,"08/05/2026",,,48,"V00320","LUNYEE IDUSTRIES DEVELOPEMENT CO. LIMTED",,"STOCK","Y","JOHN Mc",,"N","requires control PCB to operate",,,,,,"Linak","'-","360454-00",
"PO00398","A0000714","Revcut Blue 200mm No-Hole Velstick Sanding Discs 320 Grit 50/Box","1 x BOX -THICKEST TYPE FOR STAINLESS STEEL PLEASE.",,,,1,"L01816",89.5,8.95,98.45,89.5,"$",89.5,8.95,98.45,89.5,"Received","Received","Admin","06/05/2026","06/05/2026","12/05/2026",,"06/05/2026",,,,,6,"V00196","PACIFIC COATINGS",,"SANDING","Y","DERRYN F",,,,,,,,,,,,
"PO00398","A0001857","BACK UP PAD FOR 8 INCH SANDING DISCS",,,,,1,"L01817",1,0.1,1.1,1,"$",1,0.1,1.1,1,"Received","Received","Admin","06/05/2026","06/05/2026","12/05/2026",,"06/05/2026",,,,,6,"V00196","PACIFIC COATINGS",,"SANDING","Y","DERRYN F",,,,,,,,,,,,
"PO00397","A0001917","6MM PLATE ALUMINIUM 5 BAR TREADPLATE 5052","2 X PLATES - 3000MM X 1500MM",,,,9,"L01814",1442.36,144.24,1586.6,160.26222222222,"AUD",1442.36,144.24,1586.6,160.26222222222,"Received","Received","Admin","06/05/2026","12/05/2026","26/05/2026",,"06/05/2026",,,"13/05/2026",,14,"V00161","VULCAN PLATE PROCESSING",,"VAC","Y","DAVID C",,,,,,,,,,,,
"PO00397","A00141","FREIGHT INWARD",,,"AG00011","FREIGHT INWARD",1,"L01815",48,4.8,52.8,48,"AUD",48,4.8,52.8,48,"Received","Received","Admin","06/05/2026","12/05/2026","26/05/2026",,"06/05/2026",,,"13/05/2026",,14,"V00161","VULCAN PLATE PROCESSING",,"VAC","Y","DAVID C",,,,,,,,,,,,
"PO00396","A0000886","1"" sched 80 pipe 316 SS - 33.4 OD - 23.8 ID","6.1 METER LENGTH",,,,4,"L01813",1268.8,126.88,1395.68,317.2,"AUD",1268.8,126.88,1395.68,317.2,"Received","Received","Admin","06/05/2026","06/05/2026","11/05/2026",,"06/05/2026",,,"12/05/2026",,5,"V00245","MIDWAY METALS",,"BUSHES","Y","DERRYN F",,"Y",,,,,,,,,,
"PO00395","A0000585","18099 BLACK MAXSTRETCH XTREME 500MMX300M 15UM",,18099,"AG00004","Blue Water Engineering",10,"L01812",212.5,21.25,233.75,21.25,"AUD",212.5,21.25,233.75,21.25,"Received","Received","Admin","06/05/2026","06/05/2026","11/05/2026",,"06/05/2026",,,,,5,"V00113","ABL DISTRIBUTION",,"PACKING",,"DERRYN F",,,,,21.25,"ABL DISTRIBUTION",,,,,,
"PO00395","A0000586","1805 BLACK BUNDLING FILM 100MMX250M 20UM CAST",,1805,"AG00004","Blue Water Engineering",12,"L01811",107.4,10.74,118.14,8.95,"AUD",107.4,10.74,118.14,8.95,"Received","Received","Admin","06/05/2026","06/05/2026","11/05/2026",,"06/05/2026",,,,,5,"V00113","ABL DISTRIBUTION",,"PACKING",,"DERRYN F",,,,,8.95,"ABL DISTRIBUITORS",,,,,,
"PO00394","VLPE-043","Capacitor for relay/pump 16V 4700uF",,"R5222","AG00005.3","Electrical",12,"L01800",9.84,0.98,10.82,0.82,"AUD",9.84,0.98,10.82,0.82,"Received","Received","David C","05/05/2026","13/05/2026","06/05/2026",1,"04/05/2026",1,"04/05/2026","06/05/2026","06/05/2026",0,"V00042","ALTRONICS","PLEASE ARRANGE FREIGHT","STOCK","Y","JOHN Mc",,,,,"$4.18",,,,"www.altronics.com.au","'-",,
"PO00394","VLPE-086","10 Way 5.08mm Vert. PCB Mount Boxed Pluggable Skt",,"P2580","AG00004.1","Vaclift",12,"L01805",10.56,1.06,11.62,0.88,"AUD",10.56,1.06,11.62,0.88,"Received","Received","David C","05/05/2026","03/06/2026","06/05/2026",1,"04/05/2026",1,"04/05/2026","06/05/2026","06/05/2026",0,"V00042","ALTRONICS","PLEASE ARRANGE FREIGHT","STOCK","Y","JOHN Mc",,,,,,,,,,,,
"PO00394","VLPE-087","Socket PCB 12way vertical dinkle 5.08",,"S2582","AG00005.3","Electrical",12,"L01802",12.36,1.24,13.6,1.03,"AUD",12.36,1.24,13.6,1.03,"Received","Received","David C","05/05/2026","13/05/2026","06/05/2026",1,"04/05/2026",1,"04/05/2026","06/05/2026","06/05/2026",0,"V00042","ALTRONICS","PLEASE ARRANGE FREIGHT","STOCK","Y","JOHN Mc",,,,,".96c","Alltronics",,,"'-","'-",,
"PO00394","VLPE-092","Fuse block PCB mount blade type",,,"AG00005.3","Electrical",30,"L01797",0.03,0,0.03,0.001,"AUD",0.03,0,0.03,0.001,"Received","Received","David C","05/05/2026","13/05/2026","06/05/2026",1,"04/05/2026",1,"04/05/2026","06/05/2026","06/05/2026",0,"V00042","ALTRONICS","PLEASE ARRANGE FREIGHT","STOCK","Y","JOHN Mc",,,,,".52c",,,,"'-","'-",,
"PO00394","VLPE-093","10 Way 5.08mm Pluggable Terminal Plug",,"P2520","AG00004.1","Vaclift",12,"L01806",29.16,2.92,32.08,2.43,"AUD",29.16,2.92,32.08,2.43,"Received","Received","David C","05/05/2026","03/06/2026","06/05/2026",1,"04/05/2026",1,"04/05/2026","06/05/2026","06/05/2026",0,"V00042","ALTRONICS","PLEASE ARRANGE FREIGHT","STOCK","Y","JOHN Mc",,,,,,,,,,,,
"PO00394","VLPE-096","Switch push mom DPDT 3A (test board)",,"S1392","AG00005.3","Electrical",10,"L01801",47.9,4.79,52.69,4.79,"AUD",47.9,4.79,52.69,4.79,"Received","Received","David C","05/05/2026","13/05/2026","06/05/2026",1,"04/05/2026",1,"04/05/2026","06/05/2026","06/05/2026",0,"V00042","ALTRONICS","PLEASE ARRANGE FREIGHT","STOCK","Y","JOHN Mc",,,,,"$5.68",,,,"www.altronics.com.au","'-",,
"PO00394","VLPE-106","Term block line plugable 12 way 5.08",,"P2522","AG00005.3","Electrical",12,"L01803",34.8,3.48,38.28,2.9,"AUD",34.8,3.48,38.28,2.9,"Received","Received","David C","05/05/2026","13/05/2026","06/05/2026",1,"04/05/2026",1,"04/05/2026","06/05/2026","06/05/2026",0,"V00042","ALTRONICS","PLEASE ARRANGE FREIGHT","STOCK","Y","JOHN Mc",,,,,"$2.89","Altronics",,,"'-","'-",,
"PO00394","VLPE-118","Socket PCB 2way VTL (compressor) 5.08 green",,"P2572","AG00005.3","Electrical",12,"L01796",2.4,0.24,2.64,0.2,"AUD",2.4,0.24,2.64,0.2,"Received","Received","David C","05/05/2026","13/05/2026","06/05/2026",1,"04/05/2026",1,"04/05/2026","06/05/2026","06/05/2026",0,"V00042","ALTRONICS","PLEASE ARRANGE FREIGHT","STOCK","Y","JOHN Mc",,,,,".59c",,,,"www.techbrands.com","'-",,
"PO00394","VLPE-122","Housing white 3.96 4 way (hyd tilt)",,,"AG00005.3","Electrical",10,"L01798",0.01,0,0.01,0.001,"AUD",0.01,0,0.01,0.001,"Received","Received","David C","05/05/2026","13/05/2026","06/05/2026",1,"04/05/2026",1,"04/05/2026","06/05/2026","06/05/2026",0,"V00042","ALTRONICS","PLEASE ARRANGE FREIGHT","STOCK","Y","JOHN Mc",,,,,1.27,,,,"'-","'-",,
"PO00394","VLPE-123","Header white 3.96 4 way (hyd tilt)",,,"AG00005.3","Electrical",10,"L01799",0.01,0,0.01,0.001,"AUD",0.01,0,0.01,0.001,"Received","Received","David C","05/05/2026","13/05/2026","06/05/2026",1,"04/05/2026",1,"04/05/2026","06/05/2026","06/05/2026",0,"V00042","ALTRONICS","PLEASE ARRANGE FREIGHT","STOCK","Y","JOHN Mc",,,,,1.04,,,,"'-","'-",,
"PO00394","VLPE-163","300x300mm single sided PCB board blank",,"H0755","AG00005.3","Electrical",3,"L01804",87.72,8.77,96.49,29.24,"AUD",87.72,8.77,96.49,29.24,"Received","Received","David C","05/05/2026","13/05/2026","06/05/2026",1,"04/05/2026",1,"04/05/2026","06/05/2026","06/05/2026",0,"V00042","ALTRONICS","PLEASE ARRANGE FREIGHT","STOCK","Y","JOHN Mc",,,,,,,,,,,,
"PO00394","VLPE-186","NPN lace pin blue H2405",,"H2405","AG00004.1","Vaclift",0.001,"L01807",1.0E-6,0,1.0E-6,0.001,"AUD",1.0E-6,0,1.0E-6,0.001,"Received","Received","David C","05/05/2026","03/06/2026","06/05/2026",1,"04/05/2026",1,"04/05/2026","06/05/2026","06/05/2026",0,"V00042","ALTRONICS","PLEASE ARRANGE FREIGHT","STOCK","Y","JOHN Mc",,,,,,,,,,,,
"PO00394","VLPE-187","NPN W2270 red wire 18AWG heavy duty (REEL)",,"W2270","AG00004.1","Vaclift",0.01,"L01808",1.0E-6,0,1.0E-6,0.0001,"AUD",1.0E-6,0,1.0E-6,0.0001,"Received","Received","David C","05/05/2026","03/06/2026","06/05/2026",1,"04/05/2026",1,"04/05/2026","06/05/2026","06/05/2026",0,"V00042","ALTRONICS","PLEASE ARRANGE FREIGHT","STOCK","Y","JOHN Mc",,,,,,,,,,,,
"PO00393","CVL1000PT_01MF_001_REV A","Main Frame 501 - 1000kg Weldment","SN698",,"AG00004.1","Vaclift",1,"L01791",75,7.5,82.5,75,"$",75,7.5,82.5,75,"New PO","Requested","David C","01/05/2026","01/05/2026",,,,,,,,96,"V00183","BUNDALL POWDER COATING",,"STOCK","Y","JOHN Mc",,"Y",,,,,,,,,,
"PO00393","CVLB1000NT_01MF_001_REV A","Main Frame 0-1000kg to Suit 65 SHS Toolbar Weldment",,,"AG00004.1","Vaclift",4,"L01789",300,30,330,75,"$",300,30,330,75,"New PO","Requested","David C","01/05/2026","01/05/2026",,,,,,,,96,"V00183","BUNDALL POWDER COATING",,"STOCK","Y","JOHN Mc",,"Y",,,,,,,,,,
"PO00393","SDL_T_40_001","Leg Cap Weldment",,,"AG00004.1","Vaclift",10,"L01790",80,8,88,8,"$",80,8,88,8,"New PO","Requested","David C","01/05/2026","01/05/2026",,,,,,,,96,"V00183","BUNDALL POWDER COATING",,"STOCK","Y","JOHN Mc",,"Y",,,,,,,,,,
"PO00392","A0001064","DEWALT 2750MM X 27MM X 0.9MM X 6/10TPI BIMETAL BANDSAW BLADE",,,,,2,"L01788",0,0,0,0,"AUD",0,0,0,0,"Received","Received","Admin","30/04/2026","30/04/2026","13/05/2026",,"30/04/2026",,,"06/05/2026",,13,"V00142","AUSTECH SAW & TOOLING",,"SAW","Y","DERRYN F",,,,,,,,,,,,
"PO00391","A0000982","Corflute 2440 x 1220 x 3 mm Thick White",,,,,20,"L01786",307,30.7,337.7,15.35,"AUD",307,30.7,337.7,15.35,"Received","Received","Admin","29/04/2026","29/04/2026","11/05/2026",,"29/04/2026",,,,,12,"V00061","BFS PLASTICS PTY LTD",,"stock","Y","DERRYN F",,"N",,,,,,,,,,
"PO00391","A00141","FREIGHT INWARD","includes $11.25 fuel levy",,"AG00011","FREIGHT INWARD",1,"L01787",86.25,8.63,94.88,86.25,"AUD",86.25,8.63,94.88,86.25,"Received","Received","Admin","29/04/2026","29/04/2026","11/05/2026",,"29/04/2026",,,,,12,"V00061","BFS PLASTICS PTY LTD",,"stock","Y","DERRYN F",,"N",,,,,,,,,,
"PO00390","A0000218","GFDSS12540 - ALPHA 125X22.2MM 40G ZIRCONIA FLAP DISC","(1 X BOX)",,"AG000011","WORKSHOP GENERAL SUPPLIES",1,"L01780",1,0.1,1.1,1,"$",1,0.1,1.1,1,"Received","Received","Admin","28/04/2026","28/04/2026","11/05/2026",,"28/04/2026",,,,,13,"V00128","BUILD IT FASTENERS",,"STOCK","Y","JOHN Mc",,,,,,,,,,,,
"PO00390","A0001889","CHROME ZINC SPRAY",,,,,1,"L01781",1,0.1,1.1,1,"$",1,0.1,1.1,1,"Received","Received","Admin","28/04/2026","28/04/2026","11/05/2026",,"28/04/2026",,,,,13,"V00128","BUILD IT FASTENERS",,"STOCK","Y","JOHN Mc",,,,,,,,,,,,
"PO00388","A0000717","SCOTCH -BRITE MULTI-FINISHING WHEEL 2S-150MM X 50MM X 25MM MEDIUM",,,,,1,"L01715",86.85,8.69,95.54,86.85,"$",86.85,8.69,95.54,86.85,"Received","Received","Admin","23/04/2026","23/04/2026","28/04/2026",,"23/04/2026",,,,,5,"V00196","PACIFIC COATINGS",,"STOCK","Y","DERRYN F",,,,,,,,,,,,
"PO00388","A0000834","SISAL MOP 150MM X 2 SECTION",,,"AG000011","WORKSHOP GENERAL SUPPLIES",1,"L01718",1,0.1,1.1,1,"$",1,0.1,1.1,1,"Received","Received","Admin","23/04/2026","23/04/2026","28/04/2026",,"23/04/2026",,,,,5,"V00196","PACIFIC COATINGS",,"STOCK","Y","DERRYN F",,,,,31.35,"RITE PRICE DISTRIBUTORS",,,,,,
"PO00388","A0000906","Cutting wax black",,,,,3,"L01713",3,0.3,3.3,1,"$",3,0.3,3.3,1,"Received","Received","Admin","23/04/2026","23/04/2026","28/04/2026",,"23/04/2026",,,,,5,"V00196","PACIFIC COATINGS",,"STOCK","Y","DERRYN F",,,,,,,,,,,,
"PO00388","A0001856","WHITE polishing wax",,,,,4,"L01714",4,0.4,4.4,1,"$",4,0.4,4.4,1,"Received","Received","Admin","23/04/2026","23/04/2026","28/04/2026",,"23/04/2026",,,,,5,"V00196","PACIFIC COATINGS",,"STOCK","Y","DERRYN F",,,,,,,,,,,,
"PO00387",5041,"1100 FOAM EAR PLUGS","1 X BOX",,"AG000011","WORKSHOP GENERAL SUPPLIES",1,"L01712",1,0.1,1.1,1,"$",1,0.1,1.1,1,"Received","Received","Admin","23/04/2026","23/04/2026","28/04/2026",,"23/04/2026",,,,,5,"V00128","BUILD IT FASTENERS",,"STOCK","Y","JOHN Mc",,,,,44.53,"ABL DISTRIBUTION",,,,,,
"PO00387","A0000724","M12 X 20mm Cap Screw ZP",,,"AG00004.1","Vaclift",30,"L01710",14.7,1.47,16.17,0.49,"$",14.7,1.47,16.17,0.49,"Received","Received","Admin","23/04/2026","23/04/2026","28/04/2026",,"23/04/2026",,,,,5,"V00128","BUILD IT FASTENERS",,"STOCK","Y","JOHN Mc",,,,,,,,,,,,
"PO00387","A0001853","M10 X 65MM ZP BOLT",,,,,20,"L01708",20,2,22,1,"$",20,2,22,1,"Received","Received","Admin","23/04/2026","23/04/2026","28/04/2026",,"23/04/2026",,,,,5,"V00128","BUILD IT FASTENERS",,"STOCK","Y","JOHN Mc",,,,,,,,,,,,
"PO00387","A0001854","LOCTITE THREAD LOCK LOW PURPLE",,,,,1,"L01709",1,0.1,1.1,1,"$",1,0.1,1.1,1,"Received","Received","Admin","23/04/2026","23/04/2026","28/04/2026",,"23/04/2026",,,,,5,"V00128","BUILD IT FASTENERS",,"STOCK","Y","JOHN Mc",,,,,,,,,,,,
"PO00387","A0001855","300MM ZIP TIE BLACK","1 X PACK",,,,1,"L01711",1,0.1,1.1,1,"$",1,0.1,1.1,1,"Received","Received","Admin","23/04/2026","23/04/2026","28/04/2026",,"23/04/2026",,,,,5,"V00128","BUILD IT FASTENERS",,"STOCK","Y","JOHN Mc",,,,,,,,,,,,
"PO00386","A00141","FREIGHT INWARD",,,"AG00011","FREIGHT INWARD",1,"L01707",109,10.9,119.9,109,"AUD",109,10.9,119.9,109,"Received","Received","Admin","22/04/2026","27/04/2026","26/05/2026",,"22/04/2026",,,,,29,"V00087","VULCAN ENGINEERING STEELS",,"GEM","Y","DERRYN F",,,,,,,,,,,,
"PO00386","BRCR03175G1045","31.75mm (1 1/4"") - 1045 CHROME ROUND BAR",,"BRCR03175G1045",,,9,"L01706",427.8,42.78,470.58,47.533333333333,"AUD",427.8,42.78,470.58,47.533333333333,"Received","Received","Admin","22/04/2026","27/04/2026","26/05/2026",,"22/04/2026",,,,,29,"V00087","VULCAN ENGINEERING STEELS",,"GEM","Y","DERRYN F",,,,,,,,,,,,
"PO00385","A0000232","AOMT170508PEER-GACU2500 INSERT",,,"AG00062","MACHINE SHOP TOOLING AND CONSUMERABLES",10,"L01699",168.86,16.89,185.75,16.886,"AUD",168.86,16.89,185.75,16.886,"Received","Received","Admin","22/04/2026","22/04/2026","26/05/2026",,"22/04/2026",,,,,34,"V00135","SEI CARBIDE",,"STOCK","Y","DERRYN F",,"N",,,,,,,,,,
"PO00385","A0000233","AXMT123508PEER-GACP100 INSERT",,,"AG00062","MACHINE SHOP TOOLING AND CONSUMERABLES",20,"L01700",136.95,13.7,150.65,6.8475,"AUD",136.95,13.7,150.65,6.8475,"Received","Received","Admin","22/04/2026","22/04/2026","26/05/2026",,"22/04/2026",,,,,34,"V00135","SEI CARBIDE",,"STOCK","Y","DERRYN F",,"N",,,,,,,,,,
"PO00385","A0000234","AMOT170508PEER-GACP100 INSERT",,,"AG00062","MACHINE SHOP TOOLING AND CONSUMERABLES",10,"L01701",168.86,16.89,185.75,16.886,"AUD",168.86,16.89,185.75,16.886,"Received","Received","Admin","22/04/2026","22/04/2026","26/05/2026",,"22/04/2026",,,,,34,"V00135","SEI CARBIDE",,"STOCK","Y","DERRYN F",,"N",,,,,,,,,,
"PO00385","A0000238","GCMN4002-GG AC530U INSERT GENERAL PURPOSE","GCMN2002-GG AC530U",,"AG00062","MACHINE SHOP TOOLING AND CONSUMERABLES",5,"L01702",108.24,10.82,119.06,21.648,"AUD",108.24,10.82,119.06,21.648,"Received","Received","Admin","22/04/2026","22/04/2026","26/05/2026",,"22/04/2026",,,,,34,"V00135","SEI CARBIDE",,"STOCK","Y","DERRYN F",,"N",,,,,,,,,,
"PO00385","A0001851","GCMN4002-GG INSERT ALUMINIUM GRADE",,,"AG00062","MACHINE SHOP TOOLING AND CONSUMERABLES",5,"L01703",5,0.5,5.5,1,"AUD",5,0.5,5.5,1,"Received","Received","Admin","22/04/2026","22/04/2026","26/05/2026",,"22/04/2026",,,,,34,"V00135","SEI CARBIDE",,"STOCK","Y","DERRYN F",,"N",,,,,,,,,,
"PO00385","GNDL R2020K-425","TOOL HOLDER",,,,,1,"L01704",1,0.1,1.1,1,"AUD",1,0.1,1.1,1,"Received","Received","Admin","22/04/2026","22/04/2026","26/05/2026",,"22/04/2026",,,,,34,"V00135","SEI CARBIDE",,"STOCK","Y","DERRYN F",,"N",,,,,,,,,,
"PO00384","16 X 80 X 4 MTR LENGTH","16MM FLAT BAR ALUMINIUM 6060 T5",,,,,2,"L01694",71.14,7.11,78.25,35.57,"AUD",71.14,7.11,78.25,35.57,"Received","Received","Admin","22/04/2026","23/04/2026","22/04/2026",,"22/04/2026",,,,,0,"V00114","ACTION ALUMINIUM",,"STELLA","Y","DERRYN F",,"N",,,,,,,,,,
"PO00383","A00141","FREIGHT INWARD",,,"AG00011","FREIGHT INWARD",1,"L01725",400,0,400,400,"$",400,0,400,400,"Ordered","Planned","David C","21/04/2026","30/05/2026",,1,"22/04/2026",1,"22/04/2026","15/06/2026",,67,"V00031","Ultipower",,"STOCK","Y","JOHN Mc",,"N",,,,,,,,,,
"PO00383","VLPE-020","Battery Charger 240VAC 12V 10A (AU Plug)",,"EPA150-12","AG00005.3","Electrical",50,"L01688",1450,0,1450,29,"$",1450,0,1450,29,"Ordered","Planned","David C","21/04/2026","30/05/2026",,1,"22/04/2026",1,"22/04/2026","15/06/2026",,67,"V00031","Ultipower",,"STOCK","Y","JOHN Mc",,"N",,,,,,,"www.ivcharger.com.cn","'-",,
"PO00382","A0001631","25.4 DIA 7075 ALUMINIUM","1 FULL LENGTH",,,,3.66,"L01681",165,16.5,181.5,45.081967213115,"AUD",165,16.5,181.5,45.081967213115,"Received","Received","Admin","20/04/2026","23/04/2026","22/04/2026",,"20/04/2026",,,,,0,"V00114","ACTION ALUMINIUM",,"NOY","Y","DERRYN F",,"N",,,,,,,,,,
"PO00381","CVL1000NT_01MF_001_REV A","Main Frame 0-1000kg Weldment Combined","Powder Coat",,"AG00004.1","Vaclift",2,,2,0.2,2.2,1,"$",2,0.2,2.2,1,"New PO","Requested","David C","20/04/2026","08/05/2026",,,,,,,,89,"V00183","BUNDALL POWDER COATING",,"STOCK","Y","JOHN Mc",,"Y",,,,,,,,,,
"PO00381","HA_CVLBNT_W_0690_001","CVLBNT Handle Frame 690mm L Weldment","POWDERCOAT",,"AG00004.1","Vaclift",2,,60,6,66,30,"$",60,6,66,30,"New PO","Requested","David C","20/04/2026","08/05/2026",,,,,,,,89,"V00183","BUNDALL POWDER COATING",,"STOCK","Y","JOHN Mc",,"Y",,,,,,,,,,
"PO00381","HA_CVLBNT_W_0690_001","CVLBNT Handle Frame 690mm L Weldment","POWDERCOAT",,"AG00004.1","Vaclift",2,,60,6,66,30,"$",60,6,66,30,"New PO","Requested","David C","20/04/2026","07/05/2026",,,,,,,,90,"V00183","BUNDALL POWDER COATING",,"STOCK","Y","JOHN Mc",,"Y",,,,,,,,,,
"PO00381","HA_CVL_W_0690_001","CVL Handle Frame 690mm L Weldment","Powder Coating",,"AG00004.1","Vaclift",2,,120,12,132,60,"$",120,12,132,60,"New PO","Requested","David C","20/04/2026","07/05/2026",,,,,,,,90,"V00183","BUNDALL POWDER COATING",,"STOCK","Y","JOHN Mc",,"Y",,,,,,,,,,
"PO00379","A0001574","SUPASHIELD",,,,,2,"L01672",62,6.2,68.2,31,"AUD",62,6.2,68.2,31,"Received","Received","Admin","20/04/2026","20/04/2026","11/05/2026",,"20/04/2026",,,,,21,"V00328","SUPAGAS",,"GAS","Y","DERRYN F","FORKLIFT GAS = $1.50 PER MONTH RENT / ARGON = $8 / SUPASHIELD","N",,,,,,,,,,
"PO00378","A0001668","60MM OD 2011 ALUMINIUM MACHINE BAR",,,,,1,"L01671",134.86,13.49,148.35,134.86,"AUD",134.86,13.49,148.35,134.86,"Received","Received","Admin","20/04/2026","22/04/2026","22/04/2026",,"20/04/2026",,,,,0,"V00114","ACTION ALUMINIUM",,"GEM","Y","DERRYN F",,"N",,,,,,,,,,
"PO00377","RHS 100x100x3 Aluminium 6060 T5 AL","RHS 100x100x3 Aluminium 6060 T5 AL",,,"AG00009.14","Material Raw RHS Aluminium",6.5,"L01666",209.89,20.99,230.88,32.290769230769,"AUD",209.89,20.99,230.88,32.290769230769,"Received","Received","David C","15/04/2026","23/04/2026","15/04/2026",,,,,,,0,"V00114","ACTION ALUMINIUM",,"STOCK","Y","DAVID C",,"N",,,,,,,,,,
"PO00376","A0000216","ZINC PLATING PARTS","1x TOOLBAR HANGER
1x SLEW BEAM",,"AG00004.1","Vaclift",2,"L01660",2,0.2,2.2,1,"$",2,0.2,2.2,1,"Ordered","Planned","David C","14/04/2026","14/04/2026",,,"14/04/2026",,,,,113,"V00122","GOLD COAST ELECTROPLATING",,"SN700","Y","JOHN Mc",,,,,,,,,,,,
"PO00375","A0001813","3MM POLY BLACK","600MM X 1200MM",,,,1,"L01655",1,0.1,1.1,1,"$",1,0.1,1.1,1,"Received","Received","Admin","14/04/2026","14/04/2026","26/05/2026",,"14/04/2026",,,,,42,"V00326","GC SIGNS AND PLASTIC FABRICATION",,"JONNY",,"JOHN Mc",,"N",,,,,,,,,,
"PO00374","A0001808","AIR LINE LONG BLOWER",,"AG-A-L","AG000011","WORKSHOP GENERAL SUPPLIES",2,"L01649",3.75,0,3.75,1.875,"USD",2.5,0,2.5,1.25,"Received","Received","David C","13/04/2026","28/05/2026","13/05/2026","26KPL1005","01/05/2026","26KPL1005","20/04/2026","14/05/2026",,0,"V00060","NINGBO KEPLER AUTOMATION CO., LTD (NINGBO SHIMAOTONG INTERNATIONAL",,"STOCK","Y","JOHN Mc",,"N",,,,,,,,,,
"PO00374","A0001809","AIR LINE BLOWER METAL BODY",,"DG-10","AG000011","WORKSHOP GENERAL SUPPLIES",2,"L01661",6.42,0,6.42,3.21,"USD",4.28,0,4.28,2.14,"Received","Received","David C","13/04/2026","28/05/2026","13/05/2026","26KPL1005","01/05/2026","26KPL1005","20/04/2026","14/05/2026",,0,"V00060","NINGBO KEPLER AUTOMATION CO., LTD (NINGBO SHIMAOTONG INTERNATIONAL",,"STOCK","Y","JOHN Mc",,"N",,,,,,,,,,
"PO00374","A0001810","CAR TYRE INFLATOR",,"TPG-A","AG000011","WORKSHOP GENERAL SUPPLIES",2,"L01650",17.34,0,17.34,8.67,"USD",11.56,0,11.56,5.78,"Received","Received","David C","13/04/2026","28/05/2026","13/05/2026","26KPL1005","01/05/2026","26KPL1005","20/04/2026","14/05/2026",,0,"V00060","NINGBO KEPLER AUTOMATION CO., LTD (NINGBO SHIMAOTONG INTERNATIONAL",,"STOCK","Y","JOHN Mc",,"N",,,,,,,,,,
"PO00374","A0001838","AIR FILTER 5 MICRONS, REGULATOR WITH GAUGE",,"DIN-MIN-FC-3/8-A","AG00062","MACHINE SHOP TOOLING AND CONSUMERABLES",1,"L01677",47.1,0,47.1,47.1,"USD",31.4,0,31.4,31.4,"Received","Received","David C","13/04/2026","03/06/2026","13/05/2026","26KPL1005","01/05/2026","26KPL1005","20/04/2026","14/05/2026",,0,"V00060","NINGBO KEPLER AUTOMATION CO., LTD (NINGBO SHIMAOTONG INTERNATIONAL",,"STOCK","Y","JOHN Mc",,"N",,,,,,,,,,
"PO00374","A0001844","AIR FILTER 5 MICRONS, REGULATOR WITH GAUGE & LUBRICATOR",,"DIN-MIN-FRC-3/8-A","AG00062","MACHINE SHOP TOOLING AND CONSUMERABLES",1,"L01687",41.7,0,41.7,41.7,"USD",27.8,0,27.8,27.8,"Received","Received","David C","13/04/2026","04/06/2026","13/05/2026","26KPL1005","01/05/2026","26KPL1005","20/04/2026","14/05/2026",,0,"V00060","NINGBO KEPLER AUTOMATION CO., LTD (NINGBO SHIMAOTONG INTERNATIONAL",,"STOCK","Y","JOHN Mc",,"N",,,,,,,,,,
"PO00374","VLPA-016","1/4 BSP to 6mm 90 deg fitting","PL6-02",,"AG00005.2","Air System",100,"L01663",48.15,0,48.15,0.4815,"USD",32.1,0,32.1,0.321,"Received","Received","David C","13/04/2026","28/05/2026","13/05/2026","26KPL1005","01/05/2026","26KPL1005","20/04/2026","14/05/2026",,0,"V00060","NINGBO KEPLER AUTOMATION CO., LTD (NINGBO SHIMAOTONG INTERNATIONAL",,"STOCK","Y","JOHN Mc",,"N",,,0,,,,"Ningbo Smart Pneumatic","'-",,
"PO00374","VLPA-025","8mm x3 T push in fitting","PE8",,"AG00005.2","Air System",100,"L01664",36,0,36,0.36,"USD",24,0,24,0.24,"Received","Received","David C","13/04/2026","28/05/2026","13/05/2026","26KPL1005","01/05/2026","26KPL1005","20/04/2026","14/05/2026",,0,"V00060","NINGBO KEPLER AUTOMATION CO., LTD (NINGBO SHIMAOTONG INTERNATIONAL",,"STOCK","Y","JOHN Mc",,"N",,,0,,,,"Ningbo Smart Pneumatic","'-",,
"PO00374","VLPA-060","Air hose White 8mm",,"PU8X5W","AG00005.2","Air System",100,"L01639",39.15,0,39.15,0.3915,"USD",26.1,0,26.1,0.261,"Received","Received","David C","13/04/2026","27/05/2026","13/05/2026","26KPL1005","01/05/2026","26KPL1005","20/04/2026","14/05/2026",,0,"V00060","NINGBO KEPLER AUTOMATION CO., LTD (NINGBO SHIMAOTONG INTERNATIONAL",,"STOCK","Y","JOHN Mc",,"N",,,".32c perM",,,,"Ningbo Smart Pneumatic","'-",,
"PO00374","VLPA-103","ELBOW PLASTIC 90 DEGREES PUSHIN 8MM - 8MM",,"PV8","AG00005.2","Air System",100,"L01686",23.85,0,23.85,0.2385,"USD",15.9,0,15.9,0.159,"Received","Received","David C","13/04/2026","04/06/2026","13/05/2026","26KPL1005","01/05/2026","26KPL1005","20/04/2026","14/05/2026",,0,"V00060","NINGBO KEPLER AUTOMATION CO., LTD (NINGBO SHIMAOTONG INTERNATIONAL",,"STOCK","Y","JOHN Mc",,"N",,,,,,,,,,
"PO00374","VLPA-180","Air hose DARK BLUE 8mm",,"PU8X5DB","AG00005.2","Air System",40,"L01640",39.15,0,39.15,0.97875,"USD",26.1,0,26.1,0.6525,"Received","Received","David C","13/04/2026","27/05/2026","13/05/2026","26KPL1005","01/05/2026","26KPL1005","20/04/2026","14/05/2026",,0,"V00060","NINGBO KEPLER AUTOMATION CO., LTD (NINGBO SHIMAOTONG INTERNATIONAL",,"STOCK","Y","JOHN Mc",,"N",,,".30c perM",,,,"Ningbo Smart Pneumatic","'-",,
"PO00374","VLPA-181","Air hose YELLOW 6mm",,"PU6X4Y","AG00005.2","Air System",200,"L01638",40.5,0,40.5,0.2025,"USD",27,0,27,0.135,"Received","Received","David C","13/04/2026","27/05/2026","13/05/2026","26KPL1005","01/05/2026","26KPL1005","20/04/2026","14/05/2026",,0,"V00060","NINGBO KEPLER AUTOMATION CO., LTD (NINGBO SHIMAOTONG INTERNATIONAL",,"STOCK","Y","JOHN Mc",,"N",,,".30c perM",,,,"Ningbo Smart Pneumatic","'-",,
"PO00374","VLPA-182","Air Hose Blue 6mm",,"PU6X4BL","AG00005.2","Air System",200,"L01637",40.5,0,40.5,0.2025,"USD",27,0,27,0.135,"Received","Received","David C","13/04/2026","27/05/2026","13/05/2026","26KPL1005","01/05/2026","26KPL1005","20/04/2026","14/05/2026",,0,"V00060","NINGBO KEPLER AUTOMATION CO., LTD (NINGBO SHIMAOTONG INTERNATIONAL",,"STOCK","Y","JOHN Mc",,"N",,,,,,,,"'-",,
"PO00374","VLPA-183","VENT VALVE BSPP 1/4 WITH RED PUSH BUTTON SWITCH",,"98322PP","AG00004.1","Vaclift",50,"L01648",450,0,450,9,"USD",300,0,300,6,"Received","Received","David C","13/04/2026","27/05/2026","13/05/2026","26KPL1005","01/05/2026","26KPL1005","20/04/2026","14/05/2026",,0,"V00060","NINGBO KEPLER AUTOMATION CO., LTD (NINGBO SHIMAOTONG INTERNATIONAL",,"STOCK","Y","JOHN Mc",,"N",,,,,,,,,,
"PO00374","VLPA-184","""Y"" FITTING 6MM X3 PUSH IN PLASTIC",,"PY6","AG00005.2","Air System",100,"L01682",31.05,0,31.05,0.3105,"USD",20.7,0,20.7,0.207,"Received","Received","David C","13/04/2026","04/06/2026","13/05/2026","26KPL1005","01/05/2026","26KPL1005","20/04/2026","14/05/2026",,0,"V00060","NINGBO KEPLER AUTOMATION CO., LTD (NINGBO SHIMAOTONG INTERNATIONAL",,"STOCK","Y","JOHN Mc",,"N",,,,,,,,,,
"PO00374","VLPA-185","STRAIGHT 6MM METAL 1/8 BSP - 8MM PUSH IN",,"PC8-01","AG00005.2","Air System",100,"L01684",36,0,36,0.36,"USD",24,0,24,0.24,"Received","Received","David C","13/04/2026","04/06/2026","13/05/2026","26KPL1005","01/05/2026","26KPL1005","20/04/2026","14/05/2026",,0,"V00060","NINGBO KEPLER AUTOMATION CO., LTD (NINGBO SHIMAOTONG INTERNATIONAL",,"STOCK","Y","JOHN Mc",,"N",,,,,,,,,,
"PO00374","VLPA-186","ELBOW 90 1/8 BSP - 8MM PLASTIC",,"PL8-01","AG00005.2","Air System",100,"L01685",48.6,0,48.6,0.486,"USD",32.4,0,32.4,0.324,"Received","Received","David C","13/04/2026","04/06/2026","13/05/2026","26KPL1005","01/05/2026","26KPL1005","20/04/2026","14/05/2026",,0,"V00060","NINGBO KEPLER AUTOMATION CO., LTD (NINGBO SHIMAOTONG INTERNATIONAL",,"STOCK","Y","JOHN Mc",,"N",,,,,,,,,,
"PO00373","A0000943","ELECTROPOLISH - SOUTHERN STAINLESS","6x PAD HANGERS",,,,6,"L01635",6,0.6,6.6,1,"$",6,0.6,6.6,1,"Received","Received","David C","13/04/2026","20/04/2026","26/05/2026",,,,,,,36,"V00279","SOUTHERN STAINLESS",,"SN698","Y","JOHN Mc",,"Y",,,,,,,,,,
"PO00372","A0000218","GFDSS12540 - ALPHA 125X22.2MM 40G ZIRCONIA FLAP DISC","(BOX)",,"AG000011","WORKSHOP GENERAL SUPPLIES",1,"L01629",1,0.1,1.1,1,"$",1,0.1,1.1,1,"Received","Received","Admin","13/04/2026","20/04/2026","13/04/2026",,"13/04/2026",,,,,0,"V00128","BUILD IT FASTENERS",,"JONNY","Y","JOHN Mc",,,,,,,,,,,,
"PO00372","A0001642","M6 X 16 ZP BOLT",,,,,100,"L01631",5,0.5,5.5,0.05,"$",5,0.5,5.5,0.05,"Received","Received","Admin","13/04/2026","20/04/2026","13/04/2026",,"13/04/2026",,,,,0,"V00128","BUILD IT FASTENERS",,"JONNY","Y","JOHN Mc",,,,,,,,,,,,
"PO00372","A0001794","M6 X 12 ZP BOLT",,,,,100,"L01632",5,0.5,5.5,0.05,"$",5,0.5,5.5,0.05,"Received","Received","Admin","13/04/2026","20/04/2026","13/04/2026",,"13/04/2026",,,,,0,"V00128","BUILD IT FASTENERS",,"JONNY","Y","JOHN Mc",,,,,,,,,,,,
"PO00372","A0001795","THREAD CUTTING SPRAY",,,,,1,"L01633",1,0.1,1.1,1,"$",1,0.1,1.1,1,"Received","Received","Admin","13/04/2026","20/04/2026","13/04/2026",,"13/04/2026",,,,,0,"V00128","BUILD IT FASTENERS",,"JONNY","Y","JOHN Mc",,,,,,,,,,,,
"PO00372","M8 NYLOC NUT ZP","M8 NYLOC NUT ZP","(BOX)",,"AG00007","Fastener",1,"L01630",1,0.1,1.1,1,"$",1,0.1,1.1,1,"Received","Received","Admin","13/04/2026","20/04/2026","13/04/2026",,"13/04/2026",,,,,0,"V00128","BUILD IT FASTENERS",,"JONNY","Y","JOHN Mc",,,,,,,,,,,,
"PO00371","5mm Plate Mild Steel AS 3678 Grade 250","5mm Plate Mild Steel AS 3678 Grade 250","1200MM X 2400MM X 5MM HA250 PLATE",,"AG00009.11","Material Raw Sheet & Plate Mild Steel",2.88,"L01627",158.91,15.89,174.8,55.177083333333,"AUD",158.91,15.89,174.8,55.177083333333,"Received","Received","Admin","10/04/2026","15/04/2026","22/04/2026",,"10/04/2026",,,,,7,"151193+","SELECTION STEEL",,"STOCK",,"DERRYN F",,"N",,,,,,,,,,
"PO00371","A0001498","4MM PLATE MILD STEEL GR250","1200MM X 2400MM X 4MM HA250 PLATE",,,,2.88,"L01628",126.81,12.68,139.49,44.03125,"AUD",126.81,12.68,139.49,44.03125,"Received","Received","Admin","10/04/2026","15/04/2026","22/04/2026",,"10/04/2026",,,,,7,"151193+","SELECTION STEEL",,"STOCK",,"DERRYN F",,"N",,,,,,,,,,
"PO00371","A0001599","25MM PLATE MILD STEEL GR350","1502MM X 3002MM X 25MM GR352 PLATE X 3 @ $1550 EACH",,,,8.64,"L01626",4650,465,5115,538.19444444444,"AUD",4650,465,5115,538.19444444444,"Received","Received","Admin","10/04/2026","15/04/2026","22/04/2026",,"10/04/2026",,,,,7,"151193+","SELECTION STEEL",,"STOCK",,"DERRYN F",,"N",,,,,,,,,,
"PO00370","M30NZFINE2.0","MF30 2.0 FINE HEX NUT Z/P CLB",,,,,150,"L01625",364.5,36.45,400.95,2.43,"AUD",364.5,36.45,400.95,2.43,"Received","Received","Admin","10/04/2026","17/04/2026","22/04/2026",,"10/04/2026",,,,,5,"V00128","BUILD IT FASTENERS",,"marto",,"DERRYN F",,,,,,,,,,,,
"PO00369","A0001751","M55 REAR DOOR S/S TRIM","TO BE CUT AND FOLDED AS DRAWING SUPPLIED",,,,20,"L01617",20,2,22,1,"AUD",20,2,22,1,"Received","Received","Admin","08/04/2026","08/04/2026","11/05/2026",,"08/04/2026",,,,,33,"V00150","NOEL K SHEETMETAL",,"TRIMS","Y","DERRYN F",,,,,,,,,,,,
"PO00368","A00140","VACLIFT HI VAC BACKING PLATES TO BE RUBBER BONDED",,,"AG00001","Paint, Coatings & Plating",36,"L01614",3090.6,309.06,3399.66,85.85,"$",3090.6,309.06,3399.66,85.85,"Received","Received","David C","08/04/2026","08/04/2026","27/04/2026",,"08/04/2026",01,"27/04/2026","27/04/2026",,19,"CU0001","ALLIED RUBBER",,"STOCK","Y","JOHN Mc",,,,,85.85,,,,,,,
"PO00367","A0001749","1.5MM SHEET STAINLESS STEEL 316 #8 MIRROR","3 X SHEETS - 2400MM X 1200MM",,,,8.64,"L01611",975,97.5,1072.5,112.84722222222,"$",975,97.5,1072.5,112.84722222222,"Received","Received","Admin","08/04/2026","10/04/2026","23/04/2026",,"08/04/2026",,,,,13,"V00324","ASD AUSTRALIAN STAINLESS DISTRIBUTORS PTY LTD",,"TRIMS","Y","DERRYN F",,"N",,,,,,,,,,
"PO00367","A00141","FREIGHT INWARD",,,"AG00011","FREIGHT INWARD",1,"L01612",95,9.5,104.5,95,"$",95,9.5,104.5,95,"Received","Received","Admin","08/04/2026","10/04/2026","23/04/2026",,"08/04/2026",,,,,13,"V00324","ASD AUSTRALIAN STAINLESS DISTRIBUTORS PTY LTD",,"TRIMS","Y","DERRYN F",,"N",,,,,,,,,,
"PO00366","SB_065_0570_W_011","Manual Slew Beam 570mm Air Ram Ø160 Weldment",,,"AG00004.1","Vaclift",1,"L01607",1,0.1,1.1,1,"$",1,0.1,1.1,1,"Received","Received","David C","07/04/2026","07/04/2026","15/04/2026",,"07/04/2026",01,,,,8,"V00122","GOLD COAST ELECTROPLATING",,"SN698 & 699","Y","JOHN Mc",,,,,,,,,,,,
"PO00366","SB_065_W_001","LOWER TB MOUNT TO SUIT MANUAL SLEW 1000KG WELDMENT",,,"AG00004.1","Vaclift",1,"L01606",1,0.1,1.1,1,"$",1,0.1,1.1,1,"Received","Received","David C","07/04/2026","07/04/2026","15/04/2026",,"07/04/2026",01,,,,8,"V00122","GOLD COAST ELECTROPLATING",,"SN698 & 699","Y","JOHN Mc",,,,,,,,,,,,
"PO00366","SDL_W_40_160_001","Set Down Leg Center Weldment",,,"AG00004.1","Vaclift",2,"L01605",2,0.2,2.2,1,"$",2,0.2,2.2,1,"Received","Received","David C","07/04/2026","07/04/2026","15/04/2026",,"07/04/2026",01,,,,8,"V00122","GOLD COAST ELECTROPLATING",,"SN698 & 699","Y","JOHN Mc",,,,,,,,,,,,
"PO00366","SPD_BAR_065_1500_001","65mm Spreader Bar 1500 L to Suit RHS 100 W",,,"AG00004.1","Vaclift",5,"L01603",5,0.5,5.5,1,"$",5,0.5,5.5,1,"Received","Received","David C","07/04/2026","07/04/2026","15/04/2026",,"07/04/2026",01,,,,8,"V00122","GOLD COAST ELECTROPLATING",,"SN698 & 699","Y","JOHN Mc",,,,,,,,,,,,
"PO00366","SWSH_150_065_W_001_REV B","Tool Bar Hanger Weldment",,,"AG00004.1","Vaclift",2,"L01604",2,0.2,2.2,1,"$",2,0.2,2.2,1,"Received","Received","David C","07/04/2026","07/04/2026","15/04/2026",,"07/04/2026",01,,,,8,"V00122","GOLD COAST ELECTROPLATING",,"SN698 & 699","Y","JOHN Mc",,,,,,,,,,,,
"PO00365","A0000526","BMGARSUPD20 SUPER BLAST GARNET D 80# TONNE",,"BMGARSUPD20","AG00004.3","Water Jet Cutting",4,"L01602",2380,238,2618,595,"AUD",2380,238,2618,595,"Received","Received","Admin","02/04/2026","02/04/2026","13/04/2026",,"02/04/2026",,,,,11,"V00198","INDUSTRIAL MINERALS",,"JET","Y","DERRYN F",,,,,595.00,"INDUSTRIAL MINERALS",,,,,,
"PO00364","28277-1","LETTER BOX - 1633 ARGYLE","Folding and Fabrication as sample",,,,1,"L01600",1,0.1,1.1,1,"AUD",1,0.1,1.1,1,"Received","Received","Admin","02/04/2026","02/04/2026","11/05/2026",,"02/04/2026",,,,,39,"V00150","NOEL K SHEETMETAL",,"letter box","Y","DERRYN F",,,"DWG #28277",,,,,,,,,
"PO00363","A0001678","FVL FRAME","BLUE",,,,1,"L01587",1,0.1,1.1,1,"AUD",1,0.1,1.1,1,"Received","Received","Admin","01/04/2026","01/04/2026","13/04/2026",,"01/04/2026",,,,,12,"V00183","BUNDALL POWDER COATING",,"VAC","Y","JOHN Mc",,"Y",,,,,,,,,,
"PO00363","A0001679","TOOL BAR 150 X 150 X 4300 LONG","BLUE",,,,1,"L01588",1,0.1,1.1,1,"AUD",1,0.1,1.1,1,"Received","Received","Admin","01/04/2026","01/04/2026","13/04/2026",,"01/04/2026",,,,,12,"V00183","BUNDALL POWDER COATING",,"VAC","Y","JOHN Mc",,"Y",,,,,,,,,,
"PO00363","A0001680","SLIDEOUTS","SILVER",,,,2,"L01589",2,0.2,2.2,1,"AUD",2,0.2,2.2,1,"Received","Received","Admin","01/04/2026","01/04/2026","13/04/2026",,"01/04/2026",,,,,12,"V00183","BUNDALL POWDER COATING",,"VAC","Y","JOHN Mc",,"Y",,,,,,,,,,
"PO00363","A0001681","LEGS","YELLOW",,,,2,"L01590",2,0.2,2.2,1,"AUD",2,0.2,2.2,1,"Received","Received","Admin","01/04/2026","01/04/2026","13/04/2026",,"01/04/2026",,,,,12,"V00183","BUNDALL POWDER COATING",,"VAC","Y","JOHN Mc",,"Y",,,,,,,,,,
"PO00363","A0001682","T HANDLES","YELLOW",,,,10,"L01591",10,1,11,1,"AUD",10,1,11,1,"Received","Received","Admin","01/04/2026","01/04/2026","13/04/2026",,"01/04/2026",,,,,12,"V00183","BUNDALL POWDER COATING",,"VAC","Y","JOHN Mc",,"Y",,,,,,,,,,
"PO00363","A0001683","CVL P/T FRAME","BLUE",,,,1,"L01592",1,0.1,1.1,1,"AUD",1,0.1,1.1,1,"Received","Received","Admin","01/04/2026","01/04/2026","13/04/2026",,"01/04/2026",,,,,12,"V00183","BUNDALL POWDER COATING",,"VAC","Y","JOHN Mc",,"Y",,,,,,,,,,
"PO00362","A0000218","GFDSS12540 - ALPHA 125X22.2MM 40G ZIRCONIA FLAP DISC","(BOX)",,"AG000011","WORKSHOP GENERAL SUPPLIES",1,"L01574",1,0.1,1.1,1,"AUD",1,0.1,1.1,1,"Received","Received","Admin","01/04/2026","01/04/2026","13/04/2026",,"01/04/2026",,,,,12,"V00128","BUILD IT FASTENERS",,"DARREN",,"JOHN Mc",,,,,,,,,,,,
"PO00361",28280,"""ONYX"" 919 MM LONG","E-POLISHED",,,,1,"L01544",1,0.1,1.1,1,"$",1,0.1,1.1,1,"Received","Received","Admin","30/03/2026","30/03/2026","13/04/2026",,"30/03/2026",,,,,14,"V00279","SOUTHERN STAINLESS",,"BOOKER","Y","DERRYN F",,"Y",,,,,,,,,,
"PO00361","WHITEHAVEN","""WHITEHAVEN"" 500 MM LONG - PORT SIDE & STB SIDE - INCLUDING DS TAPE","E-POLISHED",,,,1,"L01543",1,0.1,1.1,1,"$",1,0.1,1.1,1,"Received","Received","Admin","30/03/2026","30/03/2026","13/04/2026",,"30/03/2026",,,,,14,"V00279","SOUTHERN STAINLESS",,"BOOKER","Y","DERRYN F",,"Y",,,,,,,,,,
"PO00360","A0000886","1"" sched 80 pipe 316 SS - 33.4 OD - 23.8 ID","6.1 METER LENGTH",,,,3,"L01538",951.6,95.16,1046.76,317.2,"$",951.6,95.16,1046.76,317.2,"Received","Received","Admin","27/03/2026","27/03/2026","09/04/2026",,"27/03/2026",,,,,13,"V00245","MIDWAY METALS",,130840,,"DERRYN F",,"Y",,,,,,,,,,
"PO00360","A0001657","32MM PLATE STAINLESS STEEL 316 NO1","285mm x 365mm cut to size plate",,,,0.104,"L01539",478.75,47.88,526.63,4603.3653846154,"$",478.75,47.88,526.63,4603.3653846154,"Received","Received","Admin","27/03/2026","27/03/2026","09/04/2026",,"27/03/2026",,,,,13,"V00245","MIDWAY METALS",,130840,,"DERRYN F",,"Y",,,,,,,,,,
"PO00359","M30NZFINE2.0","MF30 2.0 FINE HEX NUT Z/P CLB",,,,,500,"L01526",1215,121.5,1336.5,2.43,"AUD",1215,121.5,1336.5,2.43,"Received","Received","Admin","27/03/2026","03/04/2026","13/04/2026",,,,,,,10,"V00128","BUILD IT FASTENERS",,"NUT",,"DERRYN F",,,,,,,,,,,,
"PO00358","A0001064","DEWALT 2750MM X 27MM X 0.9MM X 6/10TPI BIMETAL BANDSAW BLADE",,,,,2,"L01523",0,0,0,0,"AUD",0,0,0,0,"Received","Received","Admin","27/03/2026","27/03/2026","13/04/2026",,"27/03/2026",,,,,17,"V00142","AUSTECH SAW & TOOLING",,"saw",,"DERRYN F",,,,,,,,,,,,
"PO00357","3mm Sheet Aluminium","3mm Sheet Aluminium","1 X 2400MM X 1200MM SHEET",,"AG00009.21","Material Raw Round Bar Misc",2.88,"L01515",181.44,18.14,199.58,63,"AUD",181.44,18.14,199.58,63,"Received","Received","Admin","26/03/2026","26/03/2026","30/03/2026",,"26/03/2026",,,,,4,"V00114","ACTION ALUMINIUM",,"BWE",,"DERRYN F",,"N",,,,,,,,,,
"PO00356","A0001652","WIP BLAST ALL PARTS","PHV_470_225_W_003 PHV 470x225 Backing Plate Weldment",,"AG00004.1","Vaclift",36,"L01514",36,3.6,39.6,1,"$",36,3.6,39.6,1,"Received","Received","David C","26/03/2026","26/03/2026","07/04/2026",,,,,,,12,"V00183","BUNDALL POWDER COATING",,"STOCK","Y","DAVID C",,"Y",,,,,,,,,,
"PO00355","VLPE-031","LED 5mm RED/GREEN HIGH BRIGHTNESS CC 3-PIN",,"R-G_SB_CC","AG00005.3","Electrical",40,"L01511",8,0.8,8.8,0.2,"$",8,0.8,8.8,0.2,"Received","Received","David C","25/03/2026","08/04/2026","24/04/2026",1,"21/04/2026",1,"22/04/2026",,,16,"V00016","Ledsales.com.au",,"STOCK",,"JOHN Mc",,,"USED IN THE VACLIFT PENDANT",,"$0.85","LED sales",,,"altronics","'-","Z0885",
"PO00355","VLPE-034","LED 10mm Red clear housing",,"ZD-0202       Z0952A","AG00005.3","Electrical",40,"L01512",68.8,6.88,75.68,1.72,"$",68.8,6.88,75.68,1.72,"Received","Received","David C","25/03/2026","08/04/2026","24/04/2026",1,"21/04/2026",1,"22/04/2026",,,16,"V00016","Ledsales.com.au",,"STOCK",,"JOHN Mc",,,,,"$1.72",,,,"www.techbrands.com","'-",,
"PO00354","A0001649","PTC-38-3-MSBL-6350","6 X 6350MM LENGTHS",,,,39.1,"L01508",361.69,36.17,397.86,9.2503836317136,"$",361.69,36.17,397.86,9.2503836317136,"Received","Received","Admin","25/03/2026","31/03/2026","07/04/2026",,"25/03/2026",,,,,7,9340011,"BLUESCOPE DISTRIBUTION",,"NQ",,"DERRYN F",,,,,,,,,,,,
"PO00354","A00141","FREIGHT INWARD","INCLUDES $50 SMALL ORDER FEE",,"AG00011","FREIGHT INWARD",1,"L01509",170,17,187,170,"$",170,17,187,170,"Received","Received","Admin","25/03/2026","31/03/2026","07/04/2026",,"25/03/2026",,,,,7,9340011,"BLUESCOPE DISTRIBUTION",,"NQ",,"DERRYN F",,,,,,,,,,,,
"PO00353","A0000217","M6WZPE - M6X12.5X1.2 ENG WASHER Z/P","1 BOX",,"AG00007","Fastener",1,"L01504",0.02,0,0.02,0.02,"$",0.02,0,0.02,0.02,"Received","Received","Admin","25/03/2026","25/03/2026","13/04/2026",,,,,,,19,"V00128","BUILD IT FASTENERS",,"VAC LIFT",,"JOHN Mc",,,,,,,,,,,,
"PO00353","A0000999","6-20 x 3/4 - 304 SS - self tapper csk phil","1 BOX",,,,200,"L01499",6.4,0.64,7.04,0.032,"$",6.4,0.64,7.04,0.032,"Received","Received","Admin","25/03/2026","25/03/2026","13/04/2026",,,,,,,19,"V00128","BUILD IT FASTENERS",,"VAC LIFT",,"JOHN Mc",,,,,,,,,,,,
"PO00353","A0001642","M6 X 16 ZP BOLT",,,,,50,"L01500",50,5,55,1,"$",50,5,55,1,"Received","Received","Admin","25/03/2026","25/03/2026","13/04/2026",,,,,,,19,"V00128","BUILD IT FASTENERS",,"VAC LIFT",,"JOHN Mc",,,,,,,,,,,,
"PO00353","A0001643","M5 X 30 ZP BOLT",,,,,50,"L01501",50,5,55,1,"$",50,5,55,1,"Received","Received","Admin","25/03/2026","25/03/2026","13/04/2026",,,,,,,19,"V00128","BUILD IT FASTENERS",,"VAC LIFT",,"JOHN Mc",,,,,,,,,,,,
"PO00353","A0001644","M8 X 25 ZP BOLT",,,,,50,"L01502",50,5,55,1,"$",50,5,55,1,"Received","Received","Admin","25/03/2026","25/03/2026","13/04/2026",,,,,,,19,"V00128","BUILD IT FASTENERS",,"VAC LIFT",,"JOHN Mc",,,,,,,,,,,,
"PO00353","A0001645","M20 PLAIN BLACK NUT",,,,,20,"L01503",20,2,22,1,"$",20,2,22,1,"Received","Received","Admin","25/03/2026","25/03/2026","13/04/2026",,,,,,,19,"V00128","BUILD IT FASTENERS",,"VAC LIFT",,"JOHN Mc",,,,,,,,,,,,
"PO00353","A0001646","M16 X 25 SHCS ZP",,,,,8,"L01505",8,0.8,8.8,1,"$",8,0.8,8.8,1,"Received","Received","Admin","25/03/2026","25/03/2026","13/04/2026",,,,,,,19,"V00128","BUILD IT FASTENERS",,"VAC LIFT",,"JOHN Mc",,,,,,,,,,,,
"PO00353","A0001647","M16 X 45 SHCS ZP",,,,,6,"L01506",6,0.6,6.6,1,"$",6,0.6,6.6,1,"Received","Received","Admin","25/03/2026","25/03/2026","13/04/2026",,,,,,,19,"V00128","BUILD IT FASTENERS",,"VAC LIFT",,"JOHN Mc",,,,,,,,,,,,
"PO00353","A0001648","M4 X 5 MM SS 316 GRUB SCREW","2 X BOX",,,,2,"L01507",2,0.2,2.2,1,"$",2,0.2,2.2,1,"Received","Received","Admin","25/03/2026","25/03/2026","13/04/2026",,,,,,,19,"V00128","BUILD IT FASTENERS",,"VAC LIFT",,"JOHN Mc",,,,,,,,,,,,
"PO00352","A0001021","22.3 KG plain carbon rail JIS E1103 12.190M","2 X 12 M LENGTHS",,"AG00009","Material Raw",2,"L01497",5118.7,511.87,5630.57,2559.35,"AUD",5118.7,511.87,5630.57,2559.35,"Received","Received","Admin","25/03/2026","25/03/2026","13/04/2026",,"25/03/2026",,,,,19,"V00125","INFRABUILD STEEL CENTRE",,"FOOT",,"DERRYN F",,,,,,,,,,,,
"PO00352","A00141","FREIGHT INWARD",,,"AG00011","FREIGHT INWARD",1,"L01498",85,8.5,93.5,85,"AUD",85,8.5,93.5,85,"Received","Received","Admin","25/03/2026","25/03/2026","13/04/2026",,"25/03/2026",,,,,19,"V00125","INFRABUILD STEEL CENTRE",,"FOOT",,"DERRYN F",,,,,,,,,,,,
"PO00351","A0001591","FWD Tank Fuel Inspection Cover with 1 x 1"" 1/2 BSP - 4 x 3/4 BSP tapped hole - Oring groove Include","FOR ANODISING BLACK",,,,20,"L01493",20,2,22,1,"AUD",20,2,22,1,"Received","Received","Admin","24/03/2026","24/03/2026","20/05/2026",,"24/03/2026",,,,,57,"V00206","SPECIALISED ANODISING SERVICE",,"LIDS","Y","DERRYN F",,,,,,,,,,,,
"PO00351","A0001592","Wing Tank Fuel Inspection Cover with 1' 1/2 BSP tapped hole - Oring groove Include Anodising LID 02","FOR ANODISING BLACK",,,,40,"L01494",40,4,44,1,"AUD",40,4,44,1,"Received","Received","Admin","24/03/2026","24/03/2026","20/05/2026",,"24/03/2026",,,,,57,"V00206","SPECIALISED ANODISING SERVICE",,"LIDS","Y","DERRYN F",,,,,,,,,,,,
"PO00350",26364,"BIN STAYS FULL PLATE 33 LEFT/33 RIGHT BENT AND E-PLATED","66 TOTAL TO BE ELECTRO PLATED",,,,66,"L01489",66,6.6,72.6,1,"AUD",66,6.6,72.6,1,"Ordered","Planned","Admin","24/03/2026","24/03/2026",,,"24/03/2026",,,,,134,"V00122","GOLD COAST ELECTROPLATING",,"NATIONWIDE","Y","DERRYN F",,,"12.5% waterjet/10% material",,,,,,,,,
"PO00350","A0001457","BIN STAYS - SMALL - LOT OF 44.","44 TOTAL TO BE ELECTRO PLATED",,,,44,"L01488",44,4.4,48.4,1,"AUD",44,4.4,48.4,1,"Ordered","Planned","Admin","24/03/2026","24/03/2026",,,"24/03/2026",,,,,134,"V00122","GOLD COAST ELECTROPLATING",,"NATIONWIDE","Y","DERRYN F",,,,,,,,,,,,
"PO00349","28239-1","TECHSYS - VFD COOLING DUCT","FOLDING AS PER DRAWING",,,,6,"L01487",260,26,286,43.333333333333,"AUD",260,26,286,43.333333333333,"Received","Received","Admin","24/03/2026","24/03/2026","13/04/2026",,"24/03/2026",,,,,20,"V00145","CUSTOM TRUCK BODIES AND TRAILERS",,"TECHSYS","Y","DERRYN F",,,,,,,,,,,,
"PO00348","A0001607","101.6MM DIA TP316/316L ROUND BAR P&R/H10",,,,,0.43,"L01483",650,65,715,1511.6279069767,"AUD",650,65,715,1511.6279069767,"Received","Received","Admin","24/03/2026","31/03/2026","20/05/2026",,"24/03/2026",,,,,50,"V00245","MIDWAY METALS",,"LINK, GEM, WICK",,"DERRYN F",,"Y",,,,,,,,,,
"PO00348","A0001626","25mm DIA T316 ROUND BAR CD/H9 TOL",,,,,4,"L01485",136,13.6,149.6,34,"AUD",136,13.6,149.6,34,"Received","Received","Admin","24/03/2026","31/03/2026","20/05/2026",,"24/03/2026",,,,,50,"V00245","MIDWAY METALS",,"LINK, GEM, WICK",,"DERRYN F",,"Y",,,,,,,,,,
"PO00348","A00141","FREIGHT INWARD","FREE FREIGHT/$25 CUTTING FEE",,"AG00011","FREIGHT INWARD",1,"L01484",25,2.5,27.5,25,"AUD",25,2.5,27.5,25,"Received","Received","Admin","24/03/2026","31/03/2026","20/05/2026",,"24/03/2026",,,,,50,"V00245","MIDWAY METALS",,"LINK, GEM, WICK",,"DERRYN F",,"Y",,,,,,,,,,
"PO00348","RB31025I   MIDWAY","25.40MM DIA T431 Q&T ROUND BAR CG/h8",,,,,16,"L01486",512,51.2,563.2,32,"AUD",512,51.2,563.2,32,"Received","Received","Admin","24/03/2026","31/03/2026","20/05/2026",,"24/03/2026",,,,,50,"V00245","MIDWAY METALS",,"LINK, GEM, WICK",,"DERRYN F",,"Y",,,,,,,,,,
"PO00347","A0001633","5"" OD X 3-1/2"" ID GRADE PBL G2 LG2 BRONZE","255 MM LONG",,,,0.255,"L01482",422.25,42.23,464.48,1655.8823529412,"AUD",422.25,42.23,464.48,1655.8823529412,"Received","Received","Admin","24/03/2026","31/03/2026","13/04/2026",,,,,,,13,"V00120","GWS (GEORGE WESTON AND SONS)",,"link",,"DERRYN F",,,,,,,,,,,,
"PO00347","A00141","FREIGHT INWARD",,,"AG00011","FREIGHT INWARD",1,"L01481",1,0.1,1.1,1,"AUD",1,0.1,1.1,1,"Received","Received","Admin","24/03/2026","31/03/2026","13/04/2026",,,,,,,13,"V00120","GWS (GEORGE WESTON AND SONS)",,"link",,"DERRYN F",,,,,,,,,,,,
"PO00346","ROTB_65_101_040_001","Rotator Bearing to Suit TB65 40mm L Weldment",,,"AG00004.1","Vaclift",10,"L01461",10,1,11,1,"AUD",10,1,11,1,"Received","Received","Admin","18/03/2026","18/03/2026","03/04/2026",,"18/03/2026",,,,,16,"V00122","GOLD COAST ELECTROPLATING",,"VAC","Y","DERRYN F",,,,,,,,,,,,
"PO00346","SPD_BAR_065_1000_001","Spreader 65mm 1000mm Weldment",,,"AG00004.1","Vaclift",12,"L01460",12,1.2,13.2,1,"AUD",12,1.2,13.2,1,"Received","Received","Admin","18/03/2026","18/03/2026","03/04/2026",,"18/03/2026",,,,,16,"V00122","GOLD COAST ELECTROPLATING",,"VAC","Y","DERRYN F",,,,,,,,,,,,
"PO00346","TB065_2280_001_REV A","Tool Bar 2280 L to Suit Frame 570 W RHS 70 L CTS 1000 kg W.L.L.",,,"AG00004.1","Vaclift",1,"L01462",1,0.1,1.1,1,"AUD",1,0.1,1.1,1,"Received","Received","Admin","18/03/2026","18/03/2026","03/04/2026",,"18/03/2026",,,,,16,"V00122","GOLD COAST ELECTROPLATING",,"VAC","Y","DERRYN F",,,,,,,,,,,,
"PO00346","TBPE_W_065_1500_001","Tool Bar Plug in Extension 1500 L Weldment",,,"AG00004.1","Vaclift",2,"L01463",2,0.2,2.2,1,"AUD",2,0.2,2.2,1,"Received","Received","Admin","18/03/2026","18/03/2026","03/04/2026",,"18/03/2026",,,,,16,"V00122","GOLD COAST ELECTROPLATING",,"VAC","Y","DERRYN F",,,,,,,,,,,,
"PO00345",28266,"""ADORACION"" 1205 MM LONG","E-POLISHED",,,,1,"L01459",1,0.1,1.1,1,"AUD",1,0.1,1.1,1,"Received","Received","Admin","18/03/2026","18/03/2026","13/04/2026",,"18/03/2026",,,,,26,"V00279","SOUTHERN STAINLESS",,"BOOKER","Y","DERRYN F",,"Y",,,,,,,,,,
"PO00344","10mm Plate Mild Steel AS 3678 Grade 250","10mm Plate Mild Steel AS 3678 Grade 250","1 X PLATE @ 3000MM X 1500MM",,"AG00009.11","Material Raw Sheet & Plate Mild Steel",4.5,"L01457",498.08,49.81,547.89,110.68444444444,"AUD",498.08,49.81,547.89,110.68444444444,"Received","Received","Admin","17/03/2026","17/03/2026","07/04/2026",,"17/03/2026",,,,,21,"151193+","SELECTION STEEL",,"TECHSYS/MARITIMO","Y","DERRYN F",,"N",,,,,,,,,,
"PO00344","3mm Sheet Mild Steel HR AS1594-HA1S M.E","3mm Sheet Mild Steel HR AS1594-HA1S M.E","8 X SHEETS @ 3000MM X 1500MM",,,,36,"L01458",1175.44,117.54,1292.98,32.651111111111,"AUD",1175.44,117.54,1292.98,32.651111111111,"Received","Received","Admin","17/03/2026","17/03/2026","07/04/2026",,"17/03/2026",,,,,21,"151193+","SELECTION STEEL",,"TECHSYS/MARITIMO","Y","DERRYN F",,"N",,,,,,,,,,
"PO00343","A0001407","20MM PLATE STAINLESS STEEL 316 #1","1 X PLATE - 2400 X 1200",,,,2.88,"L01451",4250,425,4675,1475.6944444444,"AUD",4250,425,4675,1475.6944444444,"Received","Received","Admin","17/03/2026","24/03/2026","27/03/2026",,"17/03/2026",,,,,3,"V00245","MIDWAY METALS",,"STOCK","Y","DERRYN F",,"Y",,,,,,,,,,
"PO00343","A0001607","101.6MM DIA TP316/316L ROUND BAR P&R/H10",,,,,0.43,"L01450",650,65,715,1511.6279069767,"AUD",650,65,715,1511.6279069767,"Received","Received","Admin","17/03/2026","24/03/2026","27/03/2026",,"17/03/2026",,,,,3,"V00245","MIDWAY METALS",,"STOCK","Y","DERRYN F",,"Y",,,,,,,,,,
"PO00343","A00141","FREIGHT INWARD","FREE FREIGHT/$25 CUTTING FEE",,"AG00011","FREIGHT INWARD",1,"L01452",25,2.5,27.5,25,"AUD",25,2.5,27.5,25,"Received","Received","Admin","17/03/2026","24/03/2026","27/03/2026",,"17/03/2026",,,,,3,"V00245","MIDWAY METALS",,"STOCK","Y","DERRYN F",,"Y",,,,,,,,,,
"PO00342","A00141","FREIGHT INWARD",,,"AG00011","FREIGHT INWARD",1,"L01449",1026,0,1026,1026,"USD",684,0,684,684,"Received","Received","David C","17/03/2026","14/04/2026","09/04/2026",001,"18/03/2026",002,"20/03/2026","20/03/2026","30/03/2026",0,"V00060","NINGBO KEPLER AUTOMATION CO., LTD (NINGBO SHIMAOTONG INTERNATIONAL",,"STOCK","Y","JOHN Mc",,"N",,,,,,,,,,
"PO00342","VLPA-178","PNEUMATIC CYLINDER 160 X 200 STROKE ASSEMBLY",,"DNG160-200-CB-Y (ISO-Y+PIN).","AG00004.1","Vaclift",2,"L01448",682.5,0,682.5,341.25,"USD",455,0,455,227.5,"Received","Received","David C","17/03/2026","14/04/2026","09/04/2026",001,"18/03/2026",002,"20/03/2026","20/03/2026","30/03/2026",0,"V00060","NINGBO KEPLER AUTOMATION CO., LTD (NINGBO SHIMAOTONG INTERNATIONAL",,"STOCK","Y","JOHN Mc",,"N",,,,,,,,,,
"PO00341","A00141","FREIGHT INWARD",,,"AG00011","FREIGHT INWARD",1,"L01454",712.5,0,712.5,712.5,"USD",475,0,475,475,"Ordered","Planned","David C","16/03/2026","28/04/2026",,"A306-CI-260316","17/03/2026",,"17/03/2026","17/03/2026",,99,"V00111","CORESUN DRIVE EQUIPMENT CHANGZHOU CO.,LTD",,"STOCK","Y","JOHN Mc",,"N",,,,,,,,,,
"PO00341","VLPF-029","SLEW BEARING 5"" NON-POWERED",,"S5-2-A1",,,5,"L01441",900,0,900,180,"USD",600,0,600,120,"Ordered","Planned","David C","16/03/2026","28/04/2026",,"A306-CI-260316","17/03/2026",,"17/03/2026","17/03/2026",,99,"V00111","CORESUN DRIVE EQUIPMENT CHANGZHOU CO.,LTD",,"STOCK","Y","JOHN Mc",,"N",,,,,,,,,,
"PO00340",27495,"RIPPA GRIPPA BLACK NITRILE COATED XXL/11","SIZE 10",,"AG000011","WORKSHOP GENERAL SUPPLIES",5,"L01440",9.95,1,10.95,1.99,"AUD",9.95,1,10.95,1.99,"Received","Received","Admin","13/03/2026","13/03/2026","07/04/2026",,"13/03/2026",,,,,25,"V00113","ABL DISTRIBUTION",,"CLEAN",,"DERRYN F",,,,,2.41,"ABL DISTRIBUTION",,,,,,
"PO00340","A0001594","ORANGE HAND SCRUB - 20L W/PUMP",,,,,1,"L01438",159.36,15.94,175.3,159.36,"AUD",159.36,15.94,175.3,159.36,"Received","Received","Admin","13/03/2026","13/03/2026","07/04/2026",,"13/03/2026",,,,,25,"V00113","ABL DISTRIBUTION",,"CLEAN",,"DERRYN F",,,,,159.36,,,,,,,
"PO00340","A0001595","MASKING TAPE AUTO REFINISH YELLOW - 48MM X 55M",,,,,1,"L01439",4.95,0.5,5.45,4.95,"AUD",4.95,0.5,5.45,4.95,"Received","Received","Admin","13/03/2026","13/03/2026","07/04/2026",,"13/03/2026",,,,,25,"V00113","ABL DISTRIBUTION",,"CLEAN",,"DERRYN F",,,,,4.95,,,,,,,
"PO00339",28256,"""OASIS"" 685 MM LONG","E-POLISHED",,,,1,"L01423",0,0,0,0,"AUD",0,0,0,0,"Received","Received","Admin","12/03/2026","12/03/2026","07/04/2026",,"12/03/2026",,,"17/03/2026",,26,"V00279","SOUTHERN STAINLESS",,"BOOKER","Y","DERRYN F",,"Y","DWG #28256",,,,,,,,,
"PO00339","A0001495","""MAZAJ"" 1250 MM LONG","E-POLISHED",,,,1,"L01424",0,0,0,0,"AUD",0,0,0,0,"Received","Received","Admin","12/03/2026","12/03/2026","07/04/2026",,"12/03/2026",,,"17/03/2026",,26,"V00279","SOUTHERN STAINLESS",,"BOOKER","Y","DERRYN F",,"Y",,,,,,,,,,
"PO00338","A0001571","10MM FLAT BAR COPPER - 160MM X 4000MM",,,,,4,"L01415",1451.72,145.17,1596.89,362.93,"AUD",1451.72,145.17,1596.89,362.93,"Received","Received","Admin","11/03/2026","20/03/2026","23/03/2026",,"11/03/2026",,,,,3,"V00120","GWS (GEORGE WESTON AND SONS)",,"GEM","Y","DERRYN F",,,,,,,,,,,,
"PO00338","A0001633","5"" OD X 3-1/2"" ID GRADE PBL G2 LG2 BRONZE","255 MM LONG",,,,1,"L01480",422.55,42.26,464.81,422.55,"AUD",422.55,42.26,464.81,422.55,"Received","Received","Admin","11/03/2026","30/03/2026","23/03/2026",,"11/03/2026",,,,,0,"V00120","GWS (GEORGE WESTON AND SONS)",,"GEM","Y","DERRYN F",,,,,,,,,,,,
"PO00338","A00141","FREIGHT INWARD",,,"AG00011","FREIGHT INWARD",1,"L01416",90,9,99,90,"AUD",90,9,99,90,"Received","Received","Admin","11/03/2026","20/03/2026","23/03/2026",,"11/03/2026",,,,,3,"V00120","GWS (GEORGE WESTON AND SONS)",,"GEM","Y","DERRYN F",,,,,,,,,,,,
"PO00337","A0000727","FORKLIFT GAS","15KG",,,,5,"L01409",105,,105,21,"$",105,,105,21,"Received","Received","Admin","10/03/2026","10/03/2026","07/04/2026",,"10/03/2026",,,,,28,"V00328","SUPAGAS",,"GAS","Y","DERRYN F","FORKLIFT GAS = $1.50 PER MONTH RENT / ARGON = $8 / SUPASHIELD","N",,,,,,,,,,
"PO00337","A0001573","ARGON G",,,,,1,"L01410",35,,35,35,"$",35,,35,35,"Received","Received","Admin","10/03/2026","10/03/2026","07/04/2026",,"10/03/2026",,,,,28,"V00328","SUPAGAS",,"GAS","Y","DERRYN F","FORKLIFT GAS = $1.50 PER MONTH RENT / ARGON = $8 / SUPASHIELD","N",,,,,,,,,,
"PO00337","A0001574","SUPASHIELD",,,,,1,"L01411",31,,31,31,"$",31,,31,31,"Received","Received","Admin","10/03/2026","10/03/2026","07/04/2026",,"10/03/2026",,,,,28,"V00328","SUPAGAS",,"GAS","Y","DERRYN F","FORKLIFT GAS = $1.50 PER MONTH RENT / ARGON = $8 / SUPASHIELD","N",,,,,,,,,,
"PO00336","TBPE_065_0306_002~02","PLUG FOLDING TB65 x 6 x 306mm L","FOLD AS DRAWN",,"AG00004.1","Vaclift",8,,15,1.5,16.5,1.875,"$",15,1.5,16.5,1.875,"New PO","Requested","David C","06/03/2026","06/03/2026",,,,,,,,152,"V00145","CUSTOM TRUCK BODIES AND TRAILERS",,"STOCK","Y","DAVID C",,,,,,,,,,,,
"PO00335","A0000218","GFDSS12540 - ALPHA 125X22.2MM 40G ZIRCONIA FLAP DISC","(BOX)",,"AG000011","WORKSHOP GENERAL SUPPLIES",1,"L01399",1,0.1,1.1,1,"$",1,0.1,1.1,1,"Received","Received","Admin","05/03/2026","05/03/2026","11/05/2026",,"05/03/2026",,,,,67,"V00128","BUILD IT FASTENERS",,"VAC","Y","JOHN Mc",,,,,,,,,,,,
"PO00335","A0001567","M6 BOLT AS SAMPLE","(BOX)",,"AG000011","WORKSHOP GENERAL SUPPLIES",1,"L01400",1,0.1,1.1,1,"$",1,0.1,1.1,1,"Received","Received","Admin","05/03/2026","05/03/2026","11/05/2026",,"05/03/2026",,,,,67,"V00128","BUILD IT FASTENERS",,"VAC","Y","JOHN Mc",,,,,,,,,,,,
"PO00335","A0001568","M8 BOLT AS SAMPLE","(BOX)",,"AG000011","WORKSHOP GENERAL SUPPLIES",1,"L01401",1,0.1,1.1,1,"$",1,0.1,1.1,1,"Received","Received","Admin","05/03/2026","05/03/2026","11/05/2026",,"05/03/2026",,,,,67,"V00128","BUILD IT FASTENERS",,"VAC","Y","JOHN Mc",,,,,,,,,,,,
"PO00334","A0001561","KIL FIRE PIT","FOLD AS DRAWING SUPPLIED",,,,1,"L01391",1,0.1,1.1,1,"$",1,0.1,1.1,1,"Received","Received","Admin","04/03/2026","04/03/2026","16/04/2026",,"04/03/2026",,,,,43,"V00145","CUSTOM TRUCK BODIES AND TRAILERS",,"STEPHEN","Y","STEPHEN P",,,,,,,,,,,,
"PO00333","PHV_470_225_W_002","PHV 470 x 225 x 122H Hanger Plate TB65 Weldment","ELTRO MPOLISH",,"AG00004.1","Vaclift",23,,460,46,506,20,"$",460,46,506,20,"Received","Received","David C","03/03/2026","24/03/2026","18/03/2026",,,,,,,0,"V00279","SOUTHERN STAINLESS",,"STOCK","Y","DAVID C",,"Y",,,,,,,,,,
"PO00332","20mm Plate Aluminium 5083","20mm Plate Aluminium 5083","2400 X 1200 (1 X PLATE)",,"AG00009.10","Material Raw Sheet & Plate Aluminium",2.88,"L01378",1250,125,1375,434.02777777778,"AUD",1250,125,1375,434.02777777778,"Received","Received","Admin","03/03/2026","05/03/2026","09/03/2026",,"03/03/2026",,,,,4,"V00105","TSM - THE STEEL MARKET PTY. LTD",,"KMP - VIBRO","Y","DERRYN F",,"Y",,,,,,,,,,
"PO00332","A0001544","1MM SHEET ALUMINIUM 5005","2400 X 1200 (3 X SHEETS)",,,,8.64,"L01379",171,17.1,188.1,19.791666666667,"AUD",171,17.1,188.1,19.791666666667,"Received","Received","Admin","03/03/2026","05/03/2026","09/03/2026",,"03/03/2026",,,,,4,"V00105","TSM - THE STEEL MARKET PTY. LTD",,"KMP - VIBRO","Y","DERRYN F",,"Y",,,,,,,,,,
"PO00332","A00141","FREIGHT INWARD","FREE.",,"AG00011","FREIGHT INWARD",1,"L01380",0,0,0,0,"AUD",0,0,0,0,"Received","Received","Admin","03/03/2026","05/03/2026","09/03/2026",,"03/03/2026",,,,,4,"V00105","TSM - THE STEEL MARKET PTY. LTD",,"KMP - VIBRO","Y","DERRYN F",,"Y",,,,,,,,,,
"PO00331","A0000346","ALLTHREAD M20 x 1000mm L",,"ALLTHREAD M20 1000mm L","AG00007","Fastener",1,"L01372",6.25,0.63,6.88,6.25,"$",6.25,0.63,6.88,6.25,"Received","Received","Admin","02/03/2026","09/03/2026","07/04/2026",,"02/03/2026",,,,,29,"V00128","BUILD IT FASTENERS",,"STOCK","Y","DERRYN F",,,,,,,,,,,,
"PO00331","A0000601","MX3-300 - INOX MX3 LUBRICANT 300G AEROSOL",,"MX3-300","AG00004.1","Vaclift",2,"L01376",23,2.3,25.3,11.5,"$",23,2.3,25.3,11.5,"Received","Received","Admin","02/03/2026","09/03/2026","07/04/2026",,"02/03/2026",,,,,29,"V00128","BUILD IT FASTENERS",,"STOCK","Y","DERRYN F",,,,,11.50,"BUILD IT FASTENERS",,,,,,
"PO00331","A0001001","M8 Flat Engineer Washer ZP","FULL BOX",,,,1,"L01373",0.02,0,0.02,0.02,"$",0.02,0,0.02,0.02,"Received","Received","Admin","02/03/2026","09/03/2026","07/04/2026",,"02/03/2026",,,,,29,"V00128","BUILD IT FASTENERS",,"STOCK","Y","DERRYN F",,,,,,,,,,,,
"PO00331","A0001542","M12 X 130 BOLT ZP",,,"AG00007","Fastener",10,"L01374",0,0,0,0,"$",0,0,0,0,"Received","Received","Admin","02/03/2026","09/03/2026","07/04/2026",,"02/03/2026",,,,,29,"V00128","BUILD IT FASTENERS",,"STOCK","Y","DERRYN F",,,,,,,,,,,,
"PO00331","M5 Pan Head Screw 12mm L ZP","M5 Pan Head Screw 12mm L ZP","FULL BOX",,"AG00004.1","Vaclift",1,"L01375",1,0.1,1.1,1,"$",1,0.1,1.1,1,"Received","Received","Admin","02/03/2026","09/03/2026","07/04/2026",,"02/03/2026",,,,,29,"V00128","BUILD IT FASTENERS",,"STOCK","Y","DERRYN F",,,,,,,,,,,,
"PO00330","3mm Sheet Mild Steel HR AS1594-HA1S M.E","3mm Sheet Mild Steel HR AS1594-HA1S M.E","2400MM X 1200MM (1 X SHEET)",,,,2.88,"L01370",94.04,9.4,103.44,32.652777777778,"AUD",94.04,9.4,103.44,32.652777777778,"Received","Received","Admin","02/03/2026","02/03/2026","03/03/2026",,"02/03/2026",,,,,1,"151193+","SELECTION STEEL",,"N WIDE","Y","DERRYN F",,"N",,,,,,,,,,
"PO00330","5mm Plate Mild Steel AS 3678 Grade 250","5mm Plate Mild Steel AS 3678 Grade 250","2400MM X 1200MM (6 X SHEETS)",,"AG00009.11","Material Raw Sheet & Plate Mild Steel",17.28,"L01371",953.46,95.35,1048.81,55.177083333333,"AUD",953.46,95.35,1048.81,55.177083333333,"Received","Received","Admin","02/03/2026","02/03/2026","03/03/2026",,"02/03/2026",,,,,1,"151193+","SELECTION STEEL",,"N WIDE","Y","DERRYN F",,"N",,,,,,,,,,
"PO00329","A0001321","8MM PLATE STAINLESS STEEL 316","2438MM X 1219MM PLATE",,,,2.972,"L01368",1375,137.5,1512.5,462.65141318977,"AUD",1375,137.5,1512.5,462.65141318977,"Received","Received","Admin","02/03/2026","02/03/2026","03/03/2026",,"02/03/2026",,,,,1,"V00324","ASD AUSTRALIAN STAINLESS DISTRIBUTORS PTY LTD",,"ENDLESS","Y","DERRYN F",,"N",,,,,,,,,,
"PO00329","A00141","FREIGHT INWARD",,,"AG00011","FREIGHT INWARD",1,"L01369",30,3,33,30,"AUD",30,3,33,30,"Received","Received","Admin","02/03/2026","02/03/2026","03/03/2026",,"02/03/2026",,,,,1,"V00324","ASD AUSTRALIAN STAINLESS DISTRIBUTORS PTY LTD",,"ENDLESS","Y","DERRYN F",,"N",,,,,,,,,,
"PO00328","A0000943","ELECTROPOLISH - SOUTHERN STAINLESS","POOL GRATE",,,,1,"L01357",25,2.5,27.5,25,"AUD",25,2.5,27.5,25,"Received","Received","Admin","27/02/2026","06/03/2026","09/03/2026",,"27/02/2026",,,,,3,"V00279","SOUTHERN STAINLESS",,"RACV","Y","DERRYN F",,"Y",,,,,,,,,,
"PO00327","VLPE-044","Diode IN4007 1000v 1A",,"Z0112","AG00005.3","Electrical",100,"L01353",2.27,0.23,2.5,0.0227,"AUD",2.27,0.23,2.5,0.0227,"Received","Received","David C","27/02/2026","27/03/2026","04/03/2026",1,,1838520,"03/03/2026",,,0,"V00042","ALTRONICS","PLEASE DELIVER TO OUR ADDRESS","STOCK","Y","JOHN Mc",,,,,"$2.01 pk100",,,,"Jaycar","'-",,
"PO00327","VLPE-086","10 Way 5.08mm Vert. PCB Mount Boxed Pluggable Skt",,"P2580","AG00004.1","Vaclift",12,"L01359",11.92,1.2,13.12,0.99333333333333,"AUD",11.92,1.2,13.12,0.99333333333333,"Received","Received","David C","27/02/2026","30/03/2026","04/03/2026",1,,1838520,"03/03/2026",,,0,"V00042","ALTRONICS","PLEASE DELIVER TO OUR ADDRESS","STOCK","Y","JOHN Mc",,,,,,,,,,,,
"PO00327","VLPE-088","crimp pins to suit P5472-P5482",,"P5470A","AG00005.3","Electrical",100,"L01365",1.89,0.19,2.08,0.0189,"AUD",1.89,0.19,2.08,0.0189,"Received","Received","David C","27/02/2026","30/03/2026","04/03/2026",1,,1838520,"03/03/2026",,,0,"V00042","ALTRONICS","PLEASE DELIVER TO OUR ADDRESS","STOCK","Y","JOHN Mc",,,,,"$1.46 x100",,,,"'-","'-",,
"PO00327","VLPE-089","housing 2.54 2 way beige",,"P5472","AG00005.3","Electrical",30,"L01363",1.19,0.12,1.31,0.03966666666667,"AUD",1.19,0.12,1.31,0.03966666666667,"Received","Received","David C","27/02/2026","30/03/2026","04/03/2026",1,,1838520,"03/03/2026",,,0,"V00042","ALTRONICS","PLEASE DELIVER TO OUR ADDRESS","STOCK","Y","JOHN Mc",,,,,".50c",,,,"www.techbrands.com","'-",,
"PO00327","VLPE-090","header 2.54 2 way beige PCB straight",,"P5492","AG00005.3","Electrical",30,"L01364",1.83,0.18,2.01,0.061,"AUD",1.83,0.18,2.01,0.061,"Received","Received","David C","27/02/2026","30/03/2026","04/03/2026",1,,1838520,"03/03/2026",,,0,"V00042","ALTRONICS","PLEASE DELIVER TO OUR ADDRESS","STOCK","Y","JOHN Mc",,,,,".12c",,,,"www.techbrands.com","'-",,
"PO00327","VLPE-093","10 Way 5.08mm Pluggable Terminal Plug",,"P2520","AG00004.1","Vaclift",12,"L01360",32.92,3.3,36.22,2.7433333333333,"AUD",32.92,3.3,36.22,2.7433333333333,"Received","Received","David C","27/02/2026","30/03/2026","04/03/2026",1,,1838520,"03/03/2026",,,0,"V00042","ALTRONICS","PLEASE DELIVER TO OUR ADDRESS","STOCK","Y","JOHN Mc",,,,,,,,,,,,
"PO00327","VLPE-100","3 Pin 0.1in Header with Crimp Pins - 2.54mm Pitch Female",,"P5473","AG00005.3","Electrical",30,"L01361",1.8,0.18,1.98,0.06,"AUD",1.8,0.18,1.98,0.06,"Received","Received","David C","27/02/2026","30/03/2026","04/03/2026",1,,1838520,"03/03/2026",,,0,"V00042","ALTRONICS","PLEASE DELIVER TO OUR ADDRESS","STOCK","Y","JOHN Mc",,,,,.70,,,,"www.altronics.com.au","'-",,
"PO00327","VLPE-110","Relay 12VDC 25A SPDT for actuator board",,"S4333","AG00005.3","Electrical",12,"L01358",15.85,1.58,17.43,1.3208333333333,"AUD",15.85,1.58,17.43,1.3208333333333,"Received","Received","David C","27/02/2026","30/03/2026","04/03/2026",1,,1838520,"03/03/2026",,,0,"V00042","ALTRONICS","PLEASE DELIVER TO OUR ADDRESS","STOCK","Y","JOHN Mc",,,,,"$3.25",,,,"'-","'-",,
"PO00327","VLPE-111","Header male 2.54 3way beige",,"P5493","AG00005.3","Electrical",30,"L01362",2.44,0.25,2.69,0.08133333333333,"AUD",2.44,0.25,2.69,0.08133333333333,"Received","Received","David C","27/02/2026","30/03/2026","04/03/2026",1,,1838520,"03/03/2026",,,0,"V00042","ALTRONICS","PLEASE DELIVER TO OUR ADDRESS","STOCK","Y","JOHN Mc",,,,,".70c",,,,"www.techbrands.com","'-",,
"PO00327","VLPE-180","M3 x 12mm spacer",,"H1349","AG00004.1","Vaclift",100,"L01352",18.41,1.84,20.25,0.1841,"AUD",18.41,1.84,20.25,0.1841,"Received","Received","David C","27/02/2026","27/03/2026","04/03/2026",1,,1838520,"03/03/2026",,,0,"V00042","ALTRONICS","PLEASE DELIVER TO OUR ADDRESS","STOCK","Y","JOHN Mc",,,,,,,,,,,,
"PO00327","VLPE-181","Yellow 5mm Ring Crimp",,"H2063B","AG00004.1","Vaclift",100,"L01366",26.19,2.62,28.81,0.2619,"AUD",26.19,2.62,28.81,0.2619,"Received","Received","David C","27/02/2026","30/03/2026","04/03/2026",1,,1838520,"03/03/2026",,,0,"V00042","ALTRONICS","PLEASE DELIVER TO OUR ADDRESS","STOCK","Y","JOHN Mc",,,,,,,,,,,,
"PO00327","VLPE-182","Red 4.8mm Female Spade Crimp",,"H1992B","AG00004.1","Vaclift",100,"L01367",14.58,1.45,16.03,0.1458,"AUD",14.58,1.45,16.03,0.1458,"Received","Received","David C","27/02/2026","30/03/2026","04/03/2026",1,,1838520,"03/03/2026",,,0,"V00042","ALTRONICS","PLEASE DELIVER TO OUR ADDRESS","STOCK","Y","JOHN Mc",,,,,,,,,,,,
"PO00326","VLPE-022","Battery Charger 110/240 350ma",,"MB3619","AG00005.3","Electrical",4,"L01350",79.84,7.98,87.82,19.96,"$",79.84,7.98,87.82,19.96,"Received","Received","David C","27/02/2026","10/04/2026","27/02/2026","SF287985","27/02/2026","SF287985","27/02/2026","27/02/2026",,0,"V00294","Electus Distribution",,"STOCK","Y","JOHN Mc",,,"SUPPLIER DESCRIPTION - 12V 1A SLA Battery Charger",,"$14.49",,,,"www.techbrands.com","'-",,
"PO00326","VLPE-030","Buzzer (small) for pendant",,"AB3462","AG00005.3","Electrical",10,"L01342",27.19,2.72,29.91,2.719,"$",27.19,2.72,29.91,2.719,"Received","Received","David C","27/02/2026","10/04/2026","27/02/2026","SF287985","27/02/2026","SF287985","27/02/2026","27/02/2026",,0,"V00294","Electus Distribution",,"STOCK","Y","JOHN Mc",,,,,"$3.95","altronics",,"S6109","electus","'-","AB-3462",
"PO00326","VLPE-036","2.1mm DC Power Line Connector 9.5mm Shaft",,,"AG00005.3","Electrical",20,"L01338",33.96,3.4,37.36,1.698,"$",33.96,3.4,37.36,1.698,"Received","Received","David C","27/02/2026","10/04/2026","27/02/2026","SF287985","27/02/2026","SF287985","27/02/2026","27/02/2026",,0,"V00294","Electus Distribution",,"STOCK","Y","JOHN Mc",,,,,"$1.63",,,,"www.altronics.com.au","'-",,
"PO00326","VLPE-080","Socket IC 8pin for Battery Indicator",,"PI6500","AG00005.3","Electrical",20,"L01345",5.63,0.56,6.19,0.2815,"$",5.63,0.56,6.19,0.2815,"Received","Received","David C","27/02/2026","10/04/2026","27/02/2026","SF287985","27/02/2026","SF287985","27/02/2026","27/02/2026",,0,"V00294","Electus Distribution",,"STOCK","Y","JOHN Mc",,,,,".38c",,,,"www.altronics.com.au","'-",,
"PO00326","VLPE-081","Capacitor 10U 63V for Battery Indicator",,"RE6075","AG00005.3","Electrical",20,"L01344",4.38,0.44,4.82,0.219,"$",4.38,0.44,4.82,0.219,"Received","Received","David C","27/02/2026","10/04/2026","27/02/2026","SF287985","27/02/2026","SF287985","27/02/2026","27/02/2026",,0,"V00294","Electus Distribution",,"STOCK","Y","JOHN Mc",,,,,".22c",,,,"'-","'-",,
"PO00326","VLPE-101","Trimpot HRZ 10K (for battery indicator)",,"RT4360","AG00005.3","Electrical",20,"L01343",16.88,1.69,18.57,0.844,"$",16.88,1.69,18.57,0.844,"Received","Received","David C","27/02/2026","10/04/2026","27/02/2026","SF287985","27/02/2026","SF287985","27/02/2026","27/02/2026",,0,"V00294","Electus Distribution",,"STOCK","Y","JOHN Mc",,,,,,,,,"www.altronics.com.au","'-",,
"PO00326","VLPE-103","LED 5mm BICOL DIF Red/Green battery indicator",,"ZD0250","AG00005.3","Electrical",20,"L01346",11.04,1.1,12.14,0.552,"$",11.04,1.1,12.14,0.552,"Received","Received","David C","27/02/2026","10/04/2026","27/02/2026","SF287985","27/02/2026","SF287985","27/02/2026","27/02/2026",,0,"V00294","Electus Distribution",,"STOCK","Y","JOHN Mc",,,,,,,,,"Ledsales.com.au","'-",,
"PO00326","VLPE-104","IC LM358N DIP8 (battery indicator)",,"ZL3358","AG00005.3","Electrical",20,"L01347",29.17,2.92,32.09,1.4585,"$",29.17,2.92,32.09,1.4585,"Received","Received","David C","27/02/2026","10/04/2026","27/02/2026","SF287985","27/02/2026","SF287985","27/02/2026","27/02/2026",,0,"V00294","Electus Distribution",,"STOCK","Y","JOHN Mc",,,,,,,,,"'-","'-",,
"PO00326","VLPE-105","VREF diode LM336-2.5 (battery indicator)",,"ZV1624","AG00005.3","Electrical",20,"L01348",51.88,5.19,57.07,2.594,"$",51.88,5.19,57.07,2.594,"Received","Received","David C","27/02/2026","10/04/2026","27/02/2026","SF287985","27/02/2026","SF287985","27/02/2026","27/02/2026",,0,"V00294","Electus Distribution",,"STOCK","Y","JOHN Mc",,,,,,,,,"'-","'-",,
"PO00326","VLPE-117","0 Ohm 0.25 Watt Carbon Film Resistor",,"RR-1500","AG00005.3","Electrical",8,"L01337",0.46,0.04,0.5,0.0575,"$",0.46,0.04,0.5,0.0575,"Received","Received","David C","27/02/2026","10/04/2026","27/02/2026","SF287985","27/02/2026","SF287985","27/02/2026","27/02/2026",,0,"V00294","Electus Distribution",,"STOCK","Y","JOHN Mc",,,,,".05c",,,,"www.techbrands.com","'-",,
"PO00326","VLPE-163","300x300mm single sided PCB board blank",,"HP9510","AG00005.3","Electrical",3,"L01349",83.79,8.38,92.17,27.93,"$",83.79,8.38,92.17,27.93,"Received","Received","David C","27/02/2026","10/04/2026","27/02/2026","SF287985","27/02/2026","SF287985","27/02/2026","27/02/2026",,0,"V00294","Electus Distribution",,"STOCK","Y","JOHN Mc",,,,,,,,,,,,
"PO00326","VLPE-179","10A regular blade fuse",,"SF-5026","AG00004.1","Vaclift",12,"L01339",10.13,1.01,11.14,0.84416666666667,"$",10.13,1.01,11.14,0.84416666666667,"Received","Received","David C","27/02/2026","10/04/2026","27/02/2026","SF287985","27/02/2026","SF287985","27/02/2026","27/02/2026",,0,"V00294","Electus Distribution",,"STOCK","Y","JOHN Mc",,,,,,,,,,,,
"PO00326","VLPF-028","Enclosure control box for CVL 171 x 121 x 55mm",,"HB6218","AG00005.3","Electrical",6,"L01336",113.32,11.33,124.65,18.886666666667,"$",113.32,11.33,124.65,18.886666666667,"Received","Received","David C","27/02/2026","10/04/2026","27/02/2026","SF287985","27/02/2026","SF287985","27/02/2026","27/02/2026",,0,"V00294","Electus Distribution",,"STOCK","Y","JOHN Mc",,,,,,"Electus Distribution",,"HB6218",,,,
"PO00325","VLPH-009","Dual inline pilot check valve",,"VRDE380-19P","AG00005.1","Hydraulic",3,"L01320",242.55,24.26,266.81,80.85,"AUD",242.55,24.26,266.81,80.85,"Received","Received","David C","25/02/2026","18/03/2026","02/03/2026","HNSO165603","27/02/2026","HNSO165603","27/02/2026",,,0,"V00202","HYDRAULICS NETWORK","PLEASE ORGANISE A COURIER TO PICKUP & DELIVER","STOCK","Y","JOHN Mc",,,,,0,,,,"'-","'-",,
"PO00324","A0001507","ANODIZING MARITIMO FUEL LID AND SURROUND SET OF TWO PARTS","ANODIZING BLACK - 6 PARTS TOTAL",,,,3,"L01319",3,0.3,3.3,1,"$",3,0.3,3.3,1,"Received","Received","Admin","25/02/2026","04/03/2026","09/03/2026",,"25/02/2026",,,,,5,"V00206","SPECIALISED ANODISING SERVICE",,"LIDS",,"DERRYN F",,,,,,,,,,,,
"PO00323","A0001501","50 X 50 ALUMINIUM SQUARE BAR",,,,,1,"L01318",1,0.1,1.1,1,"AUD",1,0.1,1.1,1,"Received","Received","Admin","25/02/2026","27/02/2026","07/04/2026",,"25/02/2026",,,,,39,"V00114","ACTION ALUMINIUM",,"MACHINE","Y","DERRYN F",,"N",,,,,,,,,,
"PO00322","A00141","FREIGHT INWARD",,,"AG00011","FREIGHT INWARD",1,"L01330",434.145,0,434.145,434.145,"USD",289.43,0,289.43,289.43,"Received","Received","David C","25/02/2026","09/04/2026","23/03/2026",1,"27/02/2026",1,"27/02/2026",,,0,"V00101","AIRBEST (CHANGXING) TECHNOLOGY CO., LTD",,"STOCK","Y","JOHN Mc","15-12-2025 I had no response from 3 emails for the email address clara@air-best.com","N",,,,,,,,,,
"PO00322","VLPA-005","Vacuum generator (needs plug)",,"ACV-15HSCK","AG00005.2","Air System",33,"L01314",689.04,0,689.04,20.88,"USD",459.36,0,459.36,13.92,"Received","Received","David C","25/02/2026","08/04/2026","23/03/2026",1,"27/02/2026",1,"27/02/2026",,,0,"V00101","AIRBEST (CHANGXING) TECHNOLOGY CO., LTD",,"STOCK","Y","JOHN Mc","15-12-2025 I had no response from 3 emails for the email address clara@air-best.com","N",,,,,,,"Ningbo Boman Kaiyuan Pneu","'-",,
"PO00322","VLPA-040","200mm round pad (Airbest)",,"SFG200E-G4F-X01","AG00005.2","Air System",12,"L01329",855.72,0,855.72,71.31,"USD",570.48,0,570.48,47.54,"Received","Received","David C","25/02/2026","09/04/2026","23/03/2026",1,"27/02/2026",1,"27/02/2026",,,0,"V00101","AIRBEST (CHANGXING) TECHNOLOGY CO., LTD",,"STOCK","Y","JOHN Mc","15-12-2025 I had no response from 3 emails for the email address clara@air-best.com","N","AIRBEST CUSTOMIZE THESE PADS, THEY DRILL & TAP 4X M6 HOLES 8MM DEEP FOR OUR HANGER BRACKETS",,0,,,,"'-","'-",,
"PO00322","VLPA-065","muffler for vacuum generator std white type",,"ZSB-X-G2M","AG00005.2","Air System",33,"L01315",34.155,0,34.155,1.035,"USD",22.77,0,22.77,0.69,"Received","Received","David C","25/02/2026","08/04/2026","23/03/2026",1,"27/02/2026",1,"27/02/2026",,,0,"V00101","AIRBEST (CHANGXING) TECHNOLOGY CO., LTD",,"STOCK","Y","JOHN Mc","15-12-2025 I had no response from 3 emails for the email address clara@air-best.com","N",,,0,,,,"'-","'-",,
"PO00322","VLPA-074","200 DIA PAD SEAL SFG200E",,"SFG200E","AG00005.2","Air System",12,"L01316",316.44,0,316.44,26.37,"USD",210.96,0,210.96,17.58,"Received","Received","David C","25/02/2026","08/04/2026","23/03/2026",1,"27/02/2026",1,"27/02/2026",,,0,"V00101","AIRBEST (CHANGXING) TECHNOLOGY CO., LTD",,"STOCK","Y","JOHN Mc","15-12-2025 I had no response from 3 emails for the email address clara@air-best.com","N",,,,,,,,,,
"PO00321","A0001388","90MM ROUND BAR ALUMINIUM","MACHINE GRADE",,"AG00009","Material Raw",3,"L01312",3,0.3,3.3,1,"AUD",3,0.3,3.3,1,"Received","Received","Admin","25/02/2026","26/02/2026","06/03/2026",,"25/02/2026",,,,,8,"V00114","ACTION ALUMINIUM",,"GEM N250226-1","Y","DERRYN F",,"N",,,,,,,,,,
"PO00320","A0000885","Bend 5mm aluminium part as drawing supplied.",,,,,20,"L01311",260,26,286,13,"AUD",260,26,286,13,"Received","Received","Admin","25/02/2026","25/02/2026","05/03/2026",,"25/02/2026",,,,,8,"V00145","CUSTOM TRUCK BODIES AND TRAILERS",,27696,"Y","DERRYN F",,,,,,,,,,,,
"PO00319","A00141","FREIGHT INWARD","FREIGHT",,"AG00011","FREIGHT INWARD",1,"L01310",385.53,0,385.53,385.53,"$",385.53,0,385.53,385.53,"Received","Received","David C","25/02/2026","08/04/2026","23/02/2026",1,"27/02/2026",1,"27/02/2026",,,0,"V00020","Ningbo Yinzhou Maisi Mechanical & Electrical Co., Ltd",,"STOCK","Y","JOHN Mc",,"N",,,,,,,,,,
"PO00319","VLPE-004","Compressor 12V 8A 35L/min",,"GZ 35-12 A/F35L/m","AG00005.3","Electrical",10,"L01309",1362.13,0,1362.13,136.213,"$",1362.13,0,1362.13,136.213,"Received","Received","David C","25/02/2026","08/04/2026","23/02/2026",1,"27/02/2026",1,"27/02/2026",,,0,"V00020","Ningbo Yinzhou Maisi Mechanical & Electrical Co., Ltd",,"STOCK","Y","JOHN Mc",,"N",,,"$88.00","maisigroup.com","$230.00","GZ35 -12V",,"'-",,
"PO00318","A0000943","ELECTROPOLISH - SOUTHERN STAINLESS","268 OD DISC 5MM STAINLESS",,,,1,"L01307",15,1.5,16.5,15,"AUD",15,1.5,16.5,15,"Received","Received","Admin","25/02/2026","04/03/2026","06/03/2026",,"25/02/2026",,,,,2,"V00279","SOUTHERN STAINLESS",,"RACV","Y","DERRYN F",,"Y",,,,,,,,,,
"PO00318","A0000943","ELECTROPOLISH - SOUTHERN STAINLESS","300 OD DISC 5MM STAINLESS",,,,10,"L01308",150,15,165,15,"AUD",150,15,165,15,"Received","Received","Admin","25/02/2026","04/03/2026","06/03/2026",,"25/02/2026",,,,,2,"V00279","SOUTHERN STAINLESS",,"RACV","Y","DERRYN F",,"Y",,,,,,,,,,
"PO00317","A0000526","BMGARSUPD20 SUPER BLAST GARNET D 80# TONNE",,"BMGARSUPD20","AG00004.3","Water Jet Cutting",4,"L01306",2380,238,2618,595,"AUD",2380,238,2618,595,"Received","Received","Admin","25/02/2026","25/02/2026","03/03/2026",,"25/02/2026",,,"02/03/2026",,6,"V00198","INDUSTRIAL MINERALS",,"WATER JET","Y","DERRYN F",,,,,595.00,"INDUSTRIAL MINERALS",,,,,,
"PO00316","A0001496","ELECTRO PLATING PARTS AS DISCRIBED","1 X 65MM X 1800MM TOOL BAR",,,,1,"L01299",1,0.1,1.1,1,"AUD",1,0.1,1.1,1,"Received","Received","Admin","24/02/2026","24/02/2026","04/03/2026",1,"24/02/2026",1,"24/02/2026",,,8,"V00122","GOLD COAST ELECTROPLATING",,"VAC LIFT","Y","DERRYN F",,,,,,,,,,,,
"PO00316","A0001496","ELECTRO PLATING PARTS AS DISCRIBED","2 X ROTATORS",,,,2,"L01300",2,0.2,2.2,1,"AUD",2,0.2,2.2,1,"Received","Received","Admin","24/02/2026","24/02/2026","04/03/2026",1,"24/02/2026",1,"24/02/2026",,,8,"V00122","GOLD COAST ELECTROPLATING",,"VAC LIFT","Y","DERRYN F",,,,,,,,,,,,
"PO00316","A0001496","ELECTRO PLATING PARTS AS DISCRIBED","3 X LINKAGE BZKTS",,,,3,"L01301",3,0.3,3.3,1,"AUD",3,0.3,3.3,1,"Received","Received","Admin","24/02/2026","24/02/2026","04/03/2026",1,"24/02/2026",1,"24/02/2026",,,8,"V00122","GOLD COAST ELECTROPLATING",,"VAC LIFT","Y","DERRYN F",,,,,,,,,,,,
"PO00315","A0001061","POWDER COAT PARTS AS SUPPLIED","1 X CONTROL ARM - PC BLAZE BLUE",,,,1,"L01297",1,0.1,1.1,1,"AUD",1,0.1,1.1,1,"Ordered","Planned","Admin","24/02/2026","24/02/2026",,,"24/02/2026",,,,,162,"V00183","BUNDALL POWDER COATING",,"VAC LIFT","Y","DERRYN F",,"Y",,,,,,,,,,
"PO00315","A0001061","POWDER COAT PARTS AS SUPPLIED","1 X FVL/STACHER FRAME - PC BLAZE BLUE",,,,1,"L01296",1,0.1,1.1,1,"AUD",1,0.1,1.1,1,"Ordered","Planned","Admin","24/02/2026","24/02/2026",,,"24/02/2026",,,,,162,"V00183","BUNDALL POWDER COATING",,"VAC LIFT","Y","DERRYN F",,"Y",,,,,,,,,,
"PO00315","A0001061","POWDER COAT PARTS AS SUPPLIED","2 X LEGS - PC YELLOW",,,,2,"L01298",2,0.2,2.2,1,"AUD",2,0.2,2.2,1,"Ordered","Planned","Admin","24/02/2026","24/02/2026",,,"24/02/2026",,,,,162,"V00183","BUNDALL POWDER COATING",,"VAC LIFT","Y","DERRYN F",,"Y",,,,,,,,,,
"PO00314","12mm Plate Aluminium 5083","12mm Plate Aluminium 5083","648MM X 2450MM",,"AG00009.10","Material Raw Sheet & Plate Aluminium",1.619,"L01295",682.59,68.26,750.85,421.61210623842,"AUD",682.59,68.26,750.85,421.61210623842,"Received","Received","Admin","24/02/2026","24/02/2026","24/02/2026",,"24/02/2026",,,"24/02/2026",,0,"V00114","ACTION ALUMINIUM",,"LIDS","Y","DERRYN F",,"N",,,,,,,,,,
"PO00312","A0001493","VAC LIFT MOUNT COMPONENT - E-POLISHED",,,,,8,"L01292",8,0.8,8.8,1,"$",8,0.8,8.8,1,"Ordered","Planned","Admin","24/02/2026","27/02/2026",,,"24/02/2026",,,,,159,"V00279","SOUTHERN STAINLESS",,"VAC","Y","DERRYN F",,"Y",,,,,,,,,,
"PO00311","A0000886","1"" sched 80 pipe 316 SS - 33.4 OD - 23.8 ID","6.1 METER LENGTH",,,,1,"L01286",317.2,31.72,348.92,317.2,"$",317.2,31.72,348.92,317.2,"Received","Received","Admin","23/02/2026","26/02/2026","25/02/2026",,"23/02/2026",,,"25/02/2026",,0,"V00245","MIDWAY METALS",,"RACV/MARTO","Y","DERRYN F",,"Y",,,,,,,,,,
"PO00311","A0001358","3MM SHEET STAINLESS STEEL 316 2B","2483MM X 1219MM SHEET",,,,2.972,"L01287",542,54.2,596.2,182.36877523553,"$",542,54.2,596.2,182.36877523553,"Received","Received","Admin","23/02/2026","26/02/2026","25/02/2026",,"23/02/2026",,,"25/02/2026",,0,"V00245","MIDWAY METALS",,"RACV/MARTO","Y","DERRYN F",,"Y",,,,,,,,,,
"PO00311","A0001489","20 X 3 FLAT BAR STAINLESS STEEL 316",,,,,36,"L01288",180,18,198,5,"$",180,18,198,5,"Received","Received","Admin","23/02/2026","26/02/2026","25/02/2026",,"23/02/2026",,,"25/02/2026",,0,"V00245","MIDWAY METALS",,"RACV/MARTO","Y","DERRYN F",,"Y",,,,,,,,,,
"PO00310","A0001486","40MM 5083 ALUMINIUM CUT TO SIZE - 319MM X 340MM",,,,,1,"L01283",167.21,16.72,183.93,167.21,"AUD",167.21,16.72,183.93,167.21,"Received","Received","Admin","20/02/2026","20/02/2026","24/02/2026",,"20/02/2026",,,"25/02/2026",,4,"V00114","ACTION ALUMINIUM",,294049,"Y","DERRYN F",,"N",,,,,,,,,,
"PO00309","M30NZFINE2.0","MF30 2.0 FINE HEX NUT Z/P CLB",,,,,610,"L01282",1482.3,148.23,1630.53,2.43,"$",1482.3,148.23,1630.53,2.43,"Received","Received","Admin","20/02/2026","27/02/2026","23/02/2026",,"20/02/2026",,,"27/02/2026",,0,"V00128","BUILD IT FASTENERS",,"MARTO","Y","DERRYN F",,,,,,,,,,,,
"PO00308",28212,"""PEARL"" 700 MM LONG","E-POLISHED",,,,1,"L01279",1,0.1,1.1,1,"$",1,0.1,1.1,1,"Received","Received","Admin","19/02/2026","19/02/2026","09/03/2026",,"19/02/2026",,,"27/02/2026",,18,"V00279","SOUTHERN STAINLESS",,"SIGNS","Y","DERRYN F",,"Y",,,,,,,,,,
"PO00308",28222,"""BIKINI"" 296 MM LONG","E-POLISHED",,,,1,"L01277",1,0.1,1.1,1,"$",1,0.1,1.1,1,"Received","Received","Admin","19/02/2026","19/02/2026","09/03/2026",,"19/02/2026",,,"27/02/2026",,18,"V00279","SOUTHERN STAINLESS",,"SIGNS","Y","DERRYN F",,"Y","DWG #28222",,,,,,,,,
"PO00308","A0001385","""VISION"" 1200 MM LONG","E-POLISHED",,,,1,"L01278",1,0.1,1.1,1,"$",1,0.1,1.1,1,"Received","Received","Admin","19/02/2026","19/02/2026","09/03/2026",,"19/02/2026",,,"27/02/2026",,18,"V00279","SOUTHERN STAINLESS",,"SIGNS","Y","DERRYN F",,"Y",,,,,,,,,,
"PO00307","A0000714","Revcut Blue 200mm No-Hole Velstick Sanding Discs 320 Grit 50/Box","BOX OF 50",,,,1,"L01272",1,0.1,1.1,1,"AUD",1,0.1,1.1,1,"New PO","Requested","Admin","18/02/2026","18/02/2026",,,,,,,,168,"V00136","RITE PRICE DISTRIBUTORS",,"POLISHING","Y","DERRYN F",,,,,,,,,,,,
"PO00307","A0000906","Cutting wax black","Bar",,,,6,"L01271",6,0.6,6.6,1,"AUD",6,0.6,6.6,1,"New PO","Requested","Admin","18/02/2026","18/02/2026",,,,,,,,168,"V00136","RITE PRICE DISTRIBUTORS",,"POLISHING","Y","DERRYN F",,,,,,,,,,,,
"PO00307","A0001467","Revcut Blue 200mm No-Hole Velstick Sanding Discs 240 Grit 50/Box","BOX OF 50",,,,1,"L01273",1,0.1,1.1,1,"AUD",1,0.1,1.1,1,"New PO","Requested","Admin","18/02/2026","18/02/2026",,,,,,,,168,"V00136","RITE PRICE DISTRIBUTORS",,"POLISHING","Y","DERRYN F",,,,,,,,,,,,
"PO00307","MO97030","MO97030 Calico mop 150mm 2 section",,,,,2,"L01274",2,0.2,2.2,1,"AUD",2,0.2,2.2,1,"New PO","Requested","Admin","18/02/2026","18/02/2026",,,,,,,,168,"V00136","RITE PRICE DISTRIBUTORS",,"POLISHING","Y","DERRYN F",,,,,,,,,,,,
"PO00306","A0000727","FORKLIFT GAS",,,,,5,"L01260",1,0.1,1.1,0.2,"$",1,0.1,1.1,0.2,"Received","Received","Admin","17/02/2026","20/02/2026","02/03/2026",,"17/02/2026",,,"24/02/2026",,10,"V1210369","BOC GASES",,"GAS","Y","DERRYN F",,,,,,,,,,,,
"PO00306","A0000728","FORKLIFT GAS RETURN",,,,,5,"L01261",0,0,0,0,"$",0,0,0,0,"Received","Received","Admin","17/02/2026","20/02/2026","02/03/2026",,"17/02/2026",,,"24/02/2026",,10,"V1210369","BOC GASES",,"GAS","Y","DERRYN F",,,,,,,,,,,,
"PO00306","A0000729","ARGO SHEILD LIGHT ""G""",,,,,1,"L01262",1,0.1,1.1,1,"$",1,0.1,1.1,1,"Received","Received","Admin","17/02/2026","20/02/2026","02/03/2026",,"17/02/2026",,,"24/02/2026",,10,"V1210369","BOC GASES",,"GAS","Y","DERRYN F",,,,,,,,,,,,
"PO00306","A0000730","ARGO SHEILD LIGHT ""G"" RETURN",,,,,1,"L01263",0,0,0,0,"$",0,0,0,0,"Received","Received","Admin","17/02/2026","20/02/2026","02/03/2026",,"17/02/2026",,,"24/02/2026",,10,"V1210369","BOC GASES",,"GAS","Y","DERRYN F",,,,,,,,,,,,
"PO00306","A0001462","ARGO ""G""",,,,,1,"L01264",1,0.1,1.1,1,"$",1,0.1,1.1,1,"Received","Received","Admin","17/02/2026","20/02/2026","02/03/2026",,"17/02/2026",,,"24/02/2026",,10,"V1210369","BOC GASES",,"GAS","Y","DERRYN F",,,,,,,,,,,,
"PO00306","A0001463","ARGO ""G"" RETURN",,,,,1,"L01265",0,0,0,0,"$",0,0,0,0,"Received","Received","Admin","17/02/2026","20/02/2026","02/03/2026",,"17/02/2026",,,"24/02/2026",,10,"V1210369","BOC GASES",,"GAS","Y","DERRYN F",,,,,,,,,,,,
"PO00304","A0000218","GFDSS12540 - ALPHA 125X22.2MM 40G ZIRCONIA FLAP DISC","FULL BOX",,"AG000011","WORKSHOP GENERAL SUPPLIES",1,"L01245",1,0.1,1.1,1,"$",1,0.1,1.1,1,"Received","Received","Admin","12/02/2026","12/02/2026","11/05/2026",,"12/02/2026",,,,,88,"V00128","BUILD IT FASTENERS",,"STOCK",,"JOHN Mc",,,,,,,,,,,,
"PO00304","A0001444","M10 X 16MM ZP HEX HEAD BOLT",,,,,25,"L01242",25,2.5,27.5,1,"$",25,2.5,27.5,1,"Received","Received","Admin","12/02/2026","12/02/2026","11/05/2026",,"12/02/2026",,,,,88,"V00128","BUILD IT FASTENERS",,"STOCK",,"JOHN Mc",,,,,,,,,,,,
"PO00304","A0001445","M10 X 40MM ZP HEX HEAD BOLT",,,,,25,"L01243",25,2.5,27.5,1,"$",25,2.5,27.5,1,"Received","Received","Admin","12/02/2026","12/02/2026","11/05/2026",,"12/02/2026",,,,,88,"V00128","BUILD IT FASTENERS",,"STOCK",,"JOHN Mc",,,,,,,,,,,,
"PO00304","A0001446","150MM ZIP TIE BLACK","PACKET",,,,1,"L01246",1,0.1,1.1,1,"$",1,0.1,1.1,1,"Received","Received","Admin","12/02/2026","12/02/2026","11/05/2026",,"12/02/2026",,,,,88,"V00128","BUILD IT FASTENERS",,"STOCK",,"JOHN Mc",,,,,,,,,,,,
"PO00304","M6 NYLOC NUT ZP","M6 NYLOC NUT ZP","FULL BOX",,"AG00007","Fastener",1,"L01244",1,0.1,1.1,1,"$",1,0.1,1.1,1,"Received","Received","Admin","12/02/2026","12/02/2026","11/05/2026",,"12/02/2026",,,,,88,"V00128","BUILD IT FASTENERS",,"STOCK",,"JOHN Mc",,,,,,,,,,,,
"PO00303","A0001061","POWDER COAT PARTS AS SUPPLIED","POWDER COAT IN BLAZE BLUE",,,,1,"L01241",1,0.1,1.1,1,"AUD",1,0.1,1.1,1,"Received","Received","Admin","12/02/2026","12/02/2026","16/02/2026",,"12/02/2026",,,,,4,"V00183","BUNDALL POWDER COATING",,"CVL500PT_EL_01MF_001","Y","DAVID C",,"Y",,,,,,,,,,
"PO00302","A0001430","16MM PLATE ALUMINIUM 6061","6061 ALUMINIUM CUT TO SIZE - 880 X 1090 X 16MM",,,,0.9592,"L01225",612.93,61.29,674.22,639.00125104254,"AUD",612.93,61.29,674.22,639.00125104254,"Received","Received","Admin","10/02/2026","17/02/2026","24/02/2026",,"10/02/2026",,,"16/02/2026",,7,"V00114","ACTION ALUMINIUM",,"C WALKER","Y","DERRYN F",,"N",,,,,,,,,,
"PO00301","VLPH-013","Hyd Power Pack W 1.4L Tank 2500psi 0.75cc Vertical Mount Kit",,"08DA131ZV0752S","AG00005.1","Hydraulic",2,"L01221",1751,175.1,1926.1,875.5,"$",1751,175.1,1926.1,875.5,"Received","Received","David C","06/02/2026","20/03/2026","09/02/2026",,,,,,,0,"V00037-del1771991734","HYDRAULICS NETWORK","BWE TO PICK UP ON MONDAY THE 9TH OF FEBRUARY","STOCK","Y","DAVID C",,"N",,,917.40,,,,"'-","'-",,
"PO00299","1.6mm Sheet Stainless Steel 304 No 4 PVC","1.6mm Sheet Stainless Steel 304 No 4 PVC","4 x sheets of - 2400 x 1200 x 1.6mm",,"AG00009.12","Material Raw Sheet & Plate Stainless Steel",11.52,"L01218",655.95,65.6,721.55,56.940104166667,"AUD",655.95,65.6,721.55,56.940104166667,"Received","Received","David C","05/02/2026","12/02/2026","12/02/2026",,"05/02/2026",,,"11/02/2026",,0,"V00245","MIDWAY METALS",,"VAC STOCK","Y","DERRYN F",,"Y",,,,,,,,,,
"PO00299","A0001345","5MM PLATE 4003 N1 STAINLESS STEEL","1 x plate of - 2500 X 1250 X 5MM",,,,2.88,"L01216",450,45,495,156.25,"AUD",450,45,495,156.25,"Received","Received","David C","05/02/2026","12/02/2026","12/02/2026",,"05/02/2026",,,"11/02/2026",,0,"V00245","MIDWAY METALS",,"VAC STOCK","Y","DERRYN F",,"Y",,,,,,,,,,
"PO00299","A00141","FREIGHT INWARD",,,"AG00011","FREIGHT INWARD",1,"L01217",0,0,0,0,"AUD",0,0,0,0,"Received","Received","David C","05/02/2026","12/02/2026","12/02/2026",,"05/02/2026",,,"11/02/2026",,0,"V00245","MIDWAY METALS",,"VAC STOCK","Y","DERRYN F",,"Y",,,,,,,,,,
"PO00298","6mm Plate Mild Steel AS 3678 Grade 250","6mm Plate Mild Steel AS 3678 Grade 250","2400 X 1200 X 6MM PLATES QTY = 5",,"AG00009.11","Material Raw Sheet & Plate Mild Steel",14.4,"L01213",945,94.5,1039.5,65.625,"AUD",945,94.5,1039.5,65.625,"Received","Received","David C","04/02/2026","04/02/2026","05/02/2026",,"04/02/2026",,,,,1,"151193+","SELECTION STEEL",,"SHIMS/STOCK","Y","DERRYN F",,"N",,,,,,,,,,
"PO00297","A0000216","ZINC PLATING PARTS","LOCK MOUNT BODY",,"AG00004.1","Vaclift",2,"L01204",2,0.2,2.2,1,"$",2,0.2,2.2,1,"Received","Received","David C","04/02/2026","04/02/2026","26/02/2026",,,,,,,22,"V00122","GOLD COAST ELECTROPLATING",,"SN695",,"DAVID C",,,,,,,,,,,,
"PO00297","A0000216","ZINC PLATING PARTS","ROTATOR BEARING",,"AG00004.1","Vaclift",2,"L01207",2,0.2,2.2,1,"$",2,0.2,2.2,1,"Received","Received","David C","04/02/2026","04/02/2026","26/02/2026",,,,,,,22,"V00122","GOLD COAST ELECTROPLATING",,"SN695",,"DAVID C",,,,,,,,,,,,
"PO00297","A0000216","ZINC PLATING PARTS","SLEWBEAM WELDMENT",,"AG00004.1","Vaclift",1,"L01206",1,0.1,1.1,1,"$",1,0.1,1.1,1,"Received","Received","David C","04/02/2026","04/02/2026","26/02/2026",,,,,,,22,"V00122","GOLD COAST ELECTROPLATING",,"SN695",,"DAVID C",,,,,,,,,,,,
"PO00297","A0000216","ZINC PLATING PARTS","TOOLBAR 1M L",,"AG00004.1","Vaclift",2,"L01205",2,0.2,2.2,1,"$",2,0.2,2.2,1,"Received","Received","David C","04/02/2026","04/02/2026","26/02/2026",,,,,,,22,"V00122","GOLD COAST ELECTROPLATING",,"SN695",,"DAVID C",,,,,,,,,,,,
"PO00296","A0001061","POWDER COAT PARTS AS SUPPLIED","FVL350-R180CMS Boom Arm - BLAZE BLUE",,,,1,"L01200",1,0.1,1.1,1,"$",1,0.1,1.1,1,"Received","Received","David C","04/02/2026","04/02/2026","09/02/2026",,,,,,,5,"V00183","BUNDALL POWDER COATING",,"SN695",,"DAVID C",,"Y",,,,,,,,,,
"PO00296","A0001061","POWDER COAT PARTS AS SUPPLIED","FVL350-R180CMS Lift Arm - BLAZE BLUE",,,,2,"L01202",2,0.2,2.2,1,"$",2,0.2,2.2,1,"Received","Received","David C","04/02/2026","04/02/2026","09/02/2026",,,,,,,5,"V00183","BUNDALL POWDER COATING",,"SN695",,"DAVID C",,"Y",,,,,,,,,,
"PO00296","A0001061","POWDER COAT PARTS AS SUPPLIED","FVL350-R180CMS Main Frame - BLAZE BLUE",,,,1,"L01199",1,0.1,1.1,1,"$",1,0.1,1.1,1,"Received","Received","David C","04/02/2026","04/02/2026","09/02/2026",,,,,,,5,"V00183","BUNDALL POWDER COATING",,"SN695",,"DAVID C",,"Y",,,,,,,,,,
"PO00296","A0001061","POWDER COAT PARTS AS SUPPLIED","FVL350-R180CMS Tilt Connector Weldments - SAFETY YELLOW",,,,2,"L01203",2,0.2,2.2,1,"$",2,0.2,2.2,1,"Received","Received","David C","04/02/2026","04/02/2026","09/02/2026",,,,,,,5,"V00183","BUNDALL POWDER COATING",,"SN695",,"DAVID C",,"Y",,,,,,,,,,
"PO00296","A0001061","POWDER COAT PARTS AS SUPPLIED","FVL350-R180CMS Tilt Frame - BLAZE BLUE",,,,1,"L01201",1,0.1,1.1,1,"$",1,0.1,1.1,1,"Received","Received","David C","04/02/2026","04/02/2026","09/02/2026",,,,,,,5,"V00183","BUNDALL POWDER COATING",,"SN695",,"DAVID C",,"Y",,,,,,,,,,
"PO00295","A0001073","30MM ALUMINIUM ROUND BAR MS30",,,,,2,"L01195",2,0.2,2.2,1,"AUD",2,0.2,2.2,1,"Received","Received","Admin","03/02/2026","06/02/2026","24/02/2026",,"03/02/2026",,,,,18,"V00114","ACTION ALUMINIUM",,"VIBROSOUND",,"DERRYN F",,"N",,,,,,,,,,
"PO00295","A0001341","50MM ROUND BAR ALUMINIUM",,,,,2,"L01196",2,0.2,2.2,1,"AUD",2,0.2,2.2,1,"Received","Received","Admin","03/02/2026","06/02/2026","24/02/2026",,"03/02/2026",,,,,18,"V00114","ACTION ALUMINIUM",,"VIBROSOUND",,"DERRYN F",,"N",,,,,,,,,,
"PO00294","A0001394","3MM PLASTIC AS SAMPLE",,,,,1,"L01194",0,,0,0,"$",0,,0,0,"Ordered","Planned","Admin","03/02/2026","05/02/2026",,,"03/02/2026",,,,,181,"V00326","GC SIGNS AND PLASTIC FABRICATION",,"PAC PRO",,"DERRYN F",,"N",,,,,,,,,,
"PO00293","A0001392","1390 X 695 X 32MM 316 STAINLESS STEEL CUT TO SIZE",,,,,1,"L01193",2803.4,280.34,3083.74,2803.4,"$",2803.4,280.34,3083.74,2803.4,"Received","Received","Admin","02/02/2026","06/02/2026","05/02/2026",,"02/02/2026",,,,"05/02/2026",0,"V00245","MIDWAY METALS",,"CHRISTOPHER PO#26045","Y","DERRYN F",,"Y",,,,,,,,,,
"PO00292","A0001369","FOXX BLADE PINK SEMI-SYNTHETIC COOLANT (PINK) - 20L DRUM",,,,,1,"L01177",176.76,17.68,194.44,176.76,"$",176.76,17.68,194.44,176.76,"Received","Received","David C","30/01/2026","13/02/2026","01/02/2026",,"30/01/2026",,,"13/02/2026",,0,"V00325","ETS",,"COOLANT","Y","DERRYN F",,"N",,,,,,,,,,
"PO00291","A0001021","22.3 KG plain carbon rail JIS E1103 12.190M","2 X 12 M LENGTHS",,"AG00009","Material Raw",2,"L01175",5118.7,511.87,5630.57,2559.35,"AUD",5118.7,511.87,5630.57,2559.35,"Received","Received","David C","30/01/2026","30/01/2026","10/02/2026",,"30/01/2026",,,"11/02/2026",,11,"V00125","INFRABUILD STEEL CENTRE",,"SUPER FOOT","Y","DERRYN F",,,,,,,,,,,,
"PO00291","A00141","FREIGHT INWARD",,,"AG00011","FREIGHT INWARD",1,"L01176",63,6.3,69.3,63,"AUD",63,6.3,69.3,63,"Received","Received","David C","30/01/2026","30/01/2026","10/02/2026",,"30/01/2026",,,"11/02/2026",,11,"V00125","INFRABUILD STEEL CENTRE",,"SUPER FOOT","Y","DERRYN F",,,,,,,,,,,,
"PO00290","A0000261","CB757750 CYBERBOND SH27 YELLOW MEDIUM STRENGTH PIPE SEALANT 50ML",,,"AG000011","WORKSHOP GENERAL SUPPLIES",1,"L01173",0,0,0,0,"AUD",0,0,0,0,"Ordered","Planned","Admin","29/01/2026","29/01/2026",,,"29/01/2026",,,"30/01/2026",,188,"V00293","HOSE SUPPLIERS AUSTRALIA",,"STOCK",,"DERRYN F",,,,,30.00,,,,,,,
"PO00290","A0000872","6408AK 1/2"" MBSP ALLEN KEY PLUG","BRASS",,"AG000011","WORKSHOP GENERAL SUPPLIES",10,"L01172",0,0,0,0,"AUD",0,0,0,0,"Ordered","Planned","Admin","29/01/2026","29/01/2026",,,"29/01/2026",,,"30/01/2026",,188,"V00293","HOSE SUPPLIERS AUSTRALIA",,"STOCK",,"DERRYN F",,,,,14.10,"HOSE SUPPLIERS AUSTRALIA",,,,,,
"PO00290","A0001360","1/4 - 1/8 MALE - MALE REDUCING NIPPLE BRASS",,,,,10,"L01169",0,0,0,0,"AUD",0,0,0,0,"Ordered","Planned","Admin","29/01/2026","29/01/2026",,,"29/01/2026",,,"30/01/2026",,188,"V00293","HOSE SUPPLIERS AUSTRALIA",,"STOCK",,"DERRYN F",,,,,,,,,,,,
"PO00290","A0001361","1/8 BSP - 8MM HOSE STRAIGHT FITTING",,,,,10,"L01170",0,0,0,0,"AUD",0,0,0,0,"Ordered","Planned","Admin","29/01/2026","29/01/2026",,,"29/01/2026",,,"30/01/2026",,188,"V00293","HOSE SUPPLIERS AUSTRALIA",,"STOCK",,"DERRYN F",,,,,,,,,,,,
"PO00290","A0001362","T PIECE 8MM HOSE X 3 PLASTIC",,,,,10,"L01171",0,0,0,0,"AUD",0,0,0,0,"Ordered","Planned","Admin","29/01/2026","29/01/2026",,,"29/01/2026",,,"30/01/2026",,188,"V00293","HOSE SUPPLIERS AUSTRALIA",,"STOCK",,"DERRYN F",,,,,,,,,,,,
"PO00289","A0001213","MARITIMO BADGES SET OF 3 LARGE BADGES AND NUMBERS S55","E-POLISHING",,,,13,,0,0,0,0,"$",0,0,0,0,"Received","Received","Admin","29/01/2026","29/01/2026","04/02/2026",,"29/01/2026",,,,,6,"V00279","SOUTHERN STAINLESS",,"BOOKER BADGES M55/87 - M55/86 - M55/85 - S55/022","Y","DERRYN F",,"Y",,,,,,,,,,
"PO00289","A0001214","MARITIMO BADGES SET OF 3 LARGE BADGES AND NUMBERS 55","E-POLISHING",,,,13,,0,0,0,0,"$",0,0,0,0,"Received","Received","Admin","29/01/2026","29/01/2026","04/02/2026",,"29/01/2026",,,,,6,"V00279","SOUTHERN STAINLESS",,"BOOKER BADGES M55/87 - M55/86 - M55/85 - S55/022","Y","DERRYN F",,"Y",,,,,,,,,,
"PO00289","A0001214","MARITIMO BADGES SET OF 3 LARGE BADGES AND NUMBERS 55","E-POLISHING",,,,14,,0,0,0,0,"$",0,0,0,0,"Received","Received","Admin","29/01/2026","29/01/2026","04/02/2026",,"29/01/2026",,,,,6,"V00279","SOUTHERN STAINLESS",,"BOOKER BADGES M55/87 - M55/86 - M55/85 - S55/022","Y","DERRYN F",,"Y",,,,,,,,,,
"PO00289","A0001214","MARITIMO BADGES SET OF 3 LARGE BADGES AND NUMBERS 55","E-POLISHING",,,,14,,0,0,0,0,"$",0,0,0,0,"Received","Received","Admin","29/01/2026","29/01/2026","04/02/2026",,"29/01/2026",,,,,6,"V00279","SOUTHERN STAINLESS",,"BOOKER BADGES M55/87 - M55/86 - M55/85 - S55/022","Y","DERRYN F",,"Y",,,,,,,,,,
"PO00288","5mm Plate Aluminium 5083","5mm Plate Aluminium 5083","3 PLATES - 2400 X 1200 X 5MM",,"AG00009.10","Material Raw Sheet & Plate Aluminium",8.64,"L01166",907.2,90.72,997.92,105,"$",907.2,90.72,997.92,105,"Received","Received","Admin","29/01/2026","03/02/2026","02/02/2026",,"29/01/2026",,,"03/02/2026",,0,"V00105","TSM - THE STEEL MARKET PTY. LTD",,"DAVE MCCALLUM/BOOKER","Y","DERRYN F",,"Y",,,,,,,,,,
"PO00288","A0001358","3MM SHEET STAINLESS STEEL 316 2B","1 SHEET - 2400 X 1200 X 3MM",,,,2.88,"L01167",302.4,30.24,332.64,105,"$",302.4,30.24,332.64,105,"Received","Received","Admin","29/01/2026","03/02/2026","02/02/2026",,"29/01/2026",,,"03/02/2026",,0,"V00105","TSM - THE STEEL MARKET PTY. LTD",,"DAVE MCCALLUM/BOOKER","Y","DERRYN F",,"Y",,,,,,,,,,
"PO00288","A00141","FREIGHT INWARD",,,"AG00011","FREIGHT INWARD",1,"L01168",0,0,0,0,"$",0,0,0,0,"Received","Received","Admin","29/01/2026","03/02/2026","02/02/2026",,"29/01/2026",,,"03/02/2026",,0,"V00105","TSM - THE STEEL MARKET PTY. LTD",,"DAVE MCCALLUM/BOOKER","Y","DERRYN F",,"Y",,,,,,,,,,
"PO00287","A0001064","DEWALT 2750MM X 27MM X 0.9MM X 6/10TPI BIMETAL BANDSAW BLADE",,,,,2,"L01165",0,0,0,0,"AUD",0,0,0,0,"Received","Received","Admin","29/01/2026","29/01/2026","11/02/2026",,"29/01/2026",,,"03/02/2026",,13,"V00142","AUSTECH SAW & TOOLING",,"SAW","Y","DERRYN F",,,,,,,,,,,,
"PO00286","SB_065_0570_W_006~01","MANUAL SLEW BEAM 570MM DUAL ELEC ACTUATOR WELDMENT",,,"AG00004.1","Vaclift",1,,60,6,66,60,"$",60,6,66,60,"New PO","Requested","David C","29/01/2026","04/03/2026",,,,,,,,154,"V00122","GOLD COAST ELECTROPLATING",,"SN691","Y","DAVID C",,,,,,,,,,,,
"PO00286","SB_065_W_003","SLEW LOWER MOUNT WITH HORIZONTAL LMS WELDMENT",,,"AG00004.1","Vaclift",1,,75,7.5,82.5,75,"$",75,7.5,82.5,75,"New PO","Requested","David C","29/01/2026","04/03/2026",,,,,,,,154,"V00122","GOLD COAST ELECTROPLATING",,"SN691","Y","DAVID C",,,,,,,,,,,,
"PO00286","SPD_BAR_065_1000_001","Spreader 65mm 1000mm Weldment","ZINCPLATE",,"AG00004.1","Vaclift",6,,0,0,0,0,"$",0,0,0,0,"New PO","Requested","David C","29/01/2026","29/01/2026",,,,,,,,188,"V00122","GOLD COAST ELECTROPLATING",,"SN691","Y","DAVID C",,,,,,,,,,,,
"PO00285","A0001355","1.5MM SHEET 304 #8 FLPE MIRROR","3 SHEETS - 1219 X 3048 X 1.5MM",,,,11.14,"L01158",825,82.5,907.5,74.057450628366,"$",825,82.5,907.5,74.057450628366,"Received","Received","Admin","28/01/2026","04/02/2026","02/02/2026",,,,,,,0,"V00324","ASD AUSTRALIAN STAINLESS DISTRIBUTORS PTY LTD",,"MARITIMO","Y","DERRYN F",,"N",,,,,,,,,,
"PO00285","A00141","FREIGHT INWARD",,,"AG00011","FREIGHT INWARD",1,"L01159",85,8.5,93.5,85,"$",85,8.5,93.5,85,"Received","Received","Admin","28/01/2026","04/02/2026","02/02/2026",,,,,,,0,"V00324","ASD AUSTRALIAN STAINLESS DISTRIBUTORS PTY LTD",,"MARITIMO","Y","DERRYN F",,"N",,,,,,,,,,
"PO00284","VLPH-004","Hydraulic cylinder TAG3512 (3.5""x 12"" stroke)",,"TAG3512D","AG00005.1","Hydraulic",1,"L01157",444,44.4,488.4,444,"AUD",444,44.4,488.4,444,"Received","Received","David C","28/01/2026","02/02/2026","29/01/2026",,,,,,,0,"V00202","HYDRAULICS NETWORK","SHIP TO BWE FACTORY","SN695","Y","DAVID C",,,,,444,,,,"'-","'-",,
"PO00280","A0001345","5MM PLATE 4003 N1 STAINLESS STEEL","2500 X 1250 X 5MM - 2 PLATES TOTAL.",,,,2.88,"L01150",450,45,495,156.25,"AUD",450,45,495,156.25,"Received","Received","Admin","27/01/2026","04/02/2026","05/02/2026",,"27/01/2026",,,"30/01/2026",,1,"V00245","MIDWAY METALS",,"VAC LIFT","Y","DERRYN F",,"Y",,,,,,,,,,
"PO00280","A00141","FREIGHT INWARD",,,"AG00011","FREIGHT INWARD",1,"L01151",0,0,0,0,"AUD",0,0,0,0,"Received","Received","Admin","27/01/2026","04/02/2026","05/02/2026",,"27/01/2026",,,"30/01/2026",,1,"V00245","MIDWAY METALS",,"VAC LIFT","Y","DERRYN F",,"Y",,,,,,,,,,
"PO00280","RHS 25x25x3 304 Stainless Steel","RHS 25x25x3 304 Stainless Steel",,,"AG00009.16","Material Raw RHS Stainless Steel",12,"L01149",156,15.6,171.6,13,"AUD",156,15.6,171.6,13,"Received","Received","Admin","27/01/2026","04/02/2026","05/02/2026",,"27/01/2026",,,"30/01/2026",,1,"V00245","MIDWAY METALS",,"VAC LIFT","Y","DERRYN F",,"Y",,,,,,,,,,
"PO00279","HA_CVL_W_0690_001","CVL Handle Frame 690mm L Weldment","COLOUR DRAWING PD_HA_CVL_W_CVL Handle Frame",,"AG00004.1","Vaclift",1,"L01148",60,6,66,60,"$",60,6,66,60,"Received","Received","David C","23/01/2026","23/01/2026","26/01/2026",,,,,,,3,"V00183","BUNDALL POWDER COATING",,1,,"DAVID C",,"Y",,,,,,,,,,
"PO00278","A0000795","1.95 Galvabond G2 Z275 100mm (coil) (1 tonne)",,,,,1,"L01136",2391.34,239.13,2630.47,2391.34,"AUD",2391.34,239.13,2630.47,2391.34,"Ordered","Planned","Admin","22/01/2026","26/01/2026",,,"22/01/2026",,,"30/01/2026",,191,"V00251","VULCAN COIL DIVISION",,"SLATS","Y","DERRYN F",,,,,,,,,,,,
"PO00278","A00141","FREIGHT INWARD",,,"AG00011","FREIGHT INWARD",1,"L01137",95,9.5,104.5,95,"AUD",95,9.5,104.5,95,"Ordered","Planned","Admin","22/01/2026","26/01/2026",,,"22/01/2026",,,"30/01/2026",,191,"V00251","VULCAN COIL DIVISION",,"SLATS","Y","DERRYN F",,,,,,,,,,,,
"PO00277","CVLB900EPT_01MF_001","MAIN FRAME DUAL ELEC ACTUATOR 501-900KG WELDMENT","POWDER COAT",,"AG00004.1","Vaclift",1,,60,6,66,60,"$",60,6,66,60,"Received","Received","David C","22/01/2026","04/03/2026","03/02/2026",,,,,,,0,"V00183","BUNDALL POWDER COATING",,"SN693",,"DAVID C",,"Y",,,,,,,,,,
"PO00277","GN_W_1500_001","GOOSENECK 4 HOLE HEAD 1500MM H 15000KG WLL CVLB WELDMENT",,,"AG00004.1","Vaclift",1,,0,0,0,0,"$",0,0,0,0,"Received","Received","David C","22/01/2026","04/03/2026","03/02/2026",,,,,,,0,"V00183","BUNDALL POWDER COATING",,"SN693",,"DAVID C",,"Y",,,,,,,,,,
"PO00276",28105,"PEARL LIQUID HAND WASH",,,,,1,"L01134",20.55,2.06,22.61,20.55,"AUD",20.55,2.06,22.61,20.55,"Received","Received","Admin","22/01/2026","28/01/2026","11/03/2026",,"22/01/2026",,,"30/01/2026",,42,"V00113","ABL DISTRIBUTION",,"STOCK","Y","DERRYN F",,,,,20.55,"ABL",,,,,,
"PO00276","A0000584","8518 PROTECTION TAPE 120MMX90M",,8590,"AG00004","Blue Water Engineering",1,"L01132",50.26,5.03,55.29,50.26,"AUD",50.26,5.03,55.29,50.26,"Received","Received","Admin","22/01/2026","22/01/2026","11/03/2026",,"22/01/2026",,,"30/01/2026",,48,"V00113","ABL DISTRIBUTION",,"STOCK","Y","DERRYN F",,,,,50.26,"ABL DISTRIBUTION",,,,,,
"PO00276","A0000585","18099 BLACK MAXSTRETCH XTREME 500MMX300M 15UM",,18099,"AG00004","Blue Water Engineering",6,"L01131",127.5,12.75,140.25,21.25,"AUD",127.5,12.75,140.25,21.25,"Received","Received","Admin","22/01/2026","22/01/2026","11/03/2026",,"22/01/2026",,,"30/01/2026",,48,"V00113","ABL DISTRIBUTION",,"STOCK","Y","DERRYN F",,,,,21.25,"ABL DISTRIBUTION",,,,,,
"PO00276","A0000586","1805 BLACK BUNDLING FILM 100MMX250M 20UM CAST",,1805,"AG00004","Blue Water Engineering",8,"L01130",71.6,7.16,78.76,8.95,"AUD",71.6,7.16,78.76,8.95,"Received","Received","Admin","22/01/2026","22/01/2026","11/03/2026",,"22/01/2026",,,"30/01/2026",,48,"V00113","ABL DISTRIBUTION",,"STOCK","Y","DERRYN F",,,,,8.95,"ABL DISTRIBUITORS",,,,,,
"PO00276","A0000909","White T-shirt rags","BAG",,,,1,"L01135",0,0,0,0,"AUD",0,0,0,0,"Received","Received","Admin","22/01/2026","28/01/2026","11/03/2026",,"22/01/2026",,,"30/01/2026",,42,"V00113","ABL DISTRIBUTION",,"STOCK","Y","DERRYN F",,,,,,,,,,,,
"PO00276","A00094","FRAGILE PACKING TAPE",,,"AG000011","WORKSHOP GENERAL SUPPLIES",2,"L01133",8.5,0.85,9.35,4.25,"AUD",8.5,0.85,9.35,4.25,"Received","Received","Admin","22/01/2026","22/01/2026","11/03/2026",,"22/01/2026",,,"30/01/2026",,48,"V00113","ABL DISTRIBUTION",,"STOCK","Y","DERRYN F",,,,,,,,,,,,
"PO00275","A0000218","GFDSS12540 - ALPHA 125X22.2MM 40G ZIRCONIA FLAP DISC","1 BOX",,"AG000011","WORKSHOP GENERAL SUPPLIES",1,"L01103",7.3,0.73,8.03,7.3,"AUD",7.3,0.73,8.03,7.3,"Received","Received","David C","20/01/2026","20/01/2026","02/02/2026",,"20/01/2026",,,"21/01/2026",,13,"V00128","BUILD IT FASTENERS",,"STOCK",,"JOHN Mc",,,,,,,,,,,,
"PO00275","A0000603","METH1L - METHYLATED SPIRITS 1 LTR","1 LITRE","METH1L","AG00004.1","Vaclift",1,"L01105",8.2,0.82,9.02,8.2,"AUD",8.2,0.82,9.02,8.2,"Received","Received","David C","20/01/2026","20/01/2026","02/02/2026",,"20/01/2026",,,"21/01/2026",,13,"V00128","BUILD IT FASTENERS",,"STOCK",,"JOHN Mc",,,,,8.20,"BUILD IT FASTENERS",,,,,,
"PO00275","A0000608","M6WZPE - M6X12.5X1.2 ENG WASHER Z/P","1 BOX","M6WZPE","AG00004.1","Vaclift",1,"L01106",0.02,0,0.02,0.02,"AUD",0.02,0,0.02,0.02,"Received","Received","David C","20/01/2026","20/01/2026","02/02/2026",,"20/01/2026",,,"21/01/2026",,13,"V00128","BUILD IT FASTENERS",,"STOCK",,"JOHN Mc",,,,,0.02,"BUILD IT FASTENERS",,,,,,
"PO00275","A0001311","M10 HEX KEY SHORT ARM","1 BOX",,,,1,"L01107",0,0,0,0,"AUD",0,0,0,0,"Received","Received","David C","20/01/2026","20/01/2026","02/02/2026",,"20/01/2026",,,"21/01/2026",,13,"V00128","BUILD IT FASTENERS",,"STOCK",,"JOHN Mc",,,,,,,,,,,,
"PO00275","A0001312","200MM ZIP TIE BLACK","1 PACK",,,,1,"L01108",0,0,0,0,"AUD",0,0,0,0,"Received","Received","David C","20/01/2026","20/01/2026","02/02/2026",,"20/01/2026",,,"21/01/2026",,13,"V00128","BUILD IT FASTENERS",,"STOCK",,"JOHN Mc",,,,,,,,,,,,
"PO00275","A0001314","BLACK T REX SEALANT ADHESIVE",,,,,2,"L01109",0,0,0,0,"AUD",0,0,0,0,"Received","Received","David C","20/01/2026","20/01/2026","02/02/2026",,"20/01/2026",,,"21/01/2026",,13,"V00128","BUILD IT FASTENERS",,"STOCK",,"JOHN Mc",,,,,,,,,,,,
"PO00275","M8 x 225mm threaded rod","M8 x 225mm threaded rod","1M X 4",,"AG00004.1","Vaclift",1,"L01104",0,0,0,0,"AUD",0,0,0,0,"Received","Received","David C","20/01/2026","20/01/2026","02/02/2026",,"20/01/2026",,,"21/01/2026",,13,"V00128","BUILD IT FASTENERS",,"STOCK",,"JOHN Mc",,,,,,,,,,,,
"PO00274","3MM TREAD PLATE ALUMINIUM","3MM TREAD PLATE ALUMINIUM","3000 X 1500 X 3MM SHEETS X 2",,"AG00009.10","Material Raw Sheet & Plate Aluminium",9,"L01100",652.05,65.21,717.26,72.45,"AUD",652.05,65.21,717.26,72.45,"Received","Received","David C","20/01/2026","22/01/2026","31/01/2026",,"20/01/2026",,,"21/01/2026",,9,"V00114","ACTION ALUMINIUM",,"CUSTOM",,"DAVID C",,"N",,,,,,,,,,
"PO00273","A0000987","10mm mild steel plate HA250","2400 X 1200 X 10MM",,,,3,"L01094",0,0,0,0,"AUD",0,0,0,0,"Received","Received","Admin","19/01/2026","19/01/2026","21/01/2026",,"19/01/2026",,,"23/01/2026",,2,"151193+","SELECTION STEEL",,"MARITIMO/STOCK","Y","DERRYN F",,"N",,,,,,,,,,
"PO00273","A0000987","10mm mild steel plate HA250","3000 X 1500 X 10MM",,,,1,"L01095",0,0,0,0,"AUD",0,0,0,0,"Received","Received","Admin","19/01/2026","19/01/2026","21/01/2026",,"19/01/2026",,,"23/01/2026",,2,"151193+","SELECTION STEEL",,"MARITIMO/STOCK","Y","DERRYN F",,"N",,,,,,,,,,
"PO00272","A0000906","Cutting wax black","Bar",,,,3,"L01090",36.99,3.7,40.69,12.33,"$",36.99,3.7,40.69,12.33,"Received","Received","Admin","19/01/2026","19/01/2026","11/03/2026",,"19/01/2026",,,"23/01/2026",,51,"V00136","RITE PRICE DISTRIBUTORS",,"POLISHING STOCK","Y","DERRYN F",,,,,,,,,,,,
"PO00272","A0000907","Blue Hubble polishing wax","Bar",,,,3,"L01091",97.92,9.79,107.71,32.64,"$",97.92,9.79,107.71,32.64,"Received","Received","Admin","19/01/2026","19/01/2026","11/03/2026",,"19/01/2026",,,"23/01/2026",,51,"V00136","RITE PRICE DISTRIBUTORS",,"POLISHING STOCK","Y","DERRYN F",,,,,,,,,,,,
"PO00272","A0001305","Revcut Blue 200mm No-Hole Velstick Sanding Discs 500 Grit 50/Box","Box of 50",,,,1,"L01092",23.6,2.36,25.96,23.6,"$",23.6,2.36,25.96,23.6,"Received","Received","Admin","19/01/2026","19/01/2026","11/03/2026",,"19/01/2026",,,"23/01/2026",,51,"V00136","RITE PRICE DISTRIBUTORS",,"POLISHING STOCK","Y","DERRYN F",,,,,,,,,,,,
"PO00272","A0001306","Revcut Blue 200mm No-Hole Velstick Sanding Discs 120 Grit 50/Box","Box of 50",,,,1,"L01093",23.6,2.36,25.96,23.6,"$",23.6,2.36,25.96,23.6,"Received","Received","Admin","19/01/2026","19/01/2026","11/03/2026",,"19/01/2026",,,"23/01/2026",,51,"V00136","RITE PRICE DISTRIBUTORS",,"POLISHING STOCK","Y","DERRYN F",,,,,,,,,,,,
"PO00271","FVL1500HT_01MF_006","MAIN FRAME TB100 1265L FORK TYNES WELDMENT","POWDERCOAT AS PER PO",,"AG00004.1","Vaclift",1,,1,0.1,1.1,1,"$",1,0.1,1.1,1,"Received","Received","David C","16/01/2026","23/01/2026","03/02/2026",,,,,,,11,"V00183","BUNDALL POWDER COATING",,"SN691","Y","DAVID C",,"Y",,,,,,,,,,
"PO00271","SDL_W_40_200_002","Set Down Leg Center WS Weldment","powdewr coat",,"AG00004.1","Vaclift",2,,33,3.3,36.3,16.5,"$",33,3.3,36.3,16.5,"Received","Received","David C","16/01/2026","23/01/2026","03/02/2026",,,,,,,11,"V00183","BUNDALL POWDER COATING",,"SN691","Y","DAVID C",,"Y",,,,,,,,,,
"PO00271","TB100_3490_001","Tool Bar 3490 L to Suit Slider Extensions","POWDER COAT",,"AG00004.1","Vaclift",1,,250,25,275,250,"$",250,25,275,250,"Received","Received","David C","16/01/2026","23/01/2026","03/02/2026",,,,,,,11,"V00183","BUNDALL POWDER COATING",,"SN691","Y","DAVID C",,"Y",,,,,,,,,,
"PO00271","TBSE_100_065_1095_001","Extender Beam Weldment","POWDER COAT",,"AG00004.1","Vaclift",2,,175,17.5,192.5,87.5,"$",175,17.5,192.5,87.5,"Received","Received","David C","16/01/2026","23/01/2026","03/02/2026",,,,,,,11,"V00183","BUNDALL POWDER COATING",,"SN691","Y","DAVID C",,"Y",,,,,,,,,,
"PO00270","A0001263","GARBAGE BIN ARM STAYS","ZINCPLATE",,"AG00064","OUTSIDE CUSTOMER",70,,70,7,77,1,"$",70,7,77,1,"Received","Received","David C","15/01/2026","19/01/2026","03/02/2026",,,,,,,15,"V00122","GOLD COAST ELECTROPLATING",,"NATION WIDE ENGINEERING","Y","DERRYN F",,,,,,,,,,,,
"PO00269","ROTB_100_158_085_001","Rotator Bearing to Suit TB100 80mm L Weldment",,,"AG00004.1","Vaclift",2,"L01072",2,0.2,2.2,1,"$",2,0.2,2.2,1,"Received","Received","David C","15/01/2026","22/01/2026","03/02/2026",,,,,,,12,"V00122","GOLD COAST ELECTROPLATING",,"SN691","Y","DAVID C",,,,,,,,,,,,
"PO00269","RTL_HC_SB100_001","Hydraulic Cylinder Rotator Link Lever",,,"AG00004.1","Vaclift",1,"L01071",1,0.1,1.1,1,"$",1,0.1,1.1,1,"Received","Received","David C","15/01/2026","22/01/2026","03/02/2026",,,,,,,12,"V00122","GOLD COAST ELECTROPLATING",,"SN691","Y","DAVID C",,,,,,,,,,,,
"PO00269","SDLM_W_100_001_REV B","Set Down Leg Mount to Suit TB100 Weldment",,,"AG00004.1","Vaclift",2,"L01073",2,0.2,2.2,1,"$",2,0.2,2.2,1,"Received","Received","David C","15/01/2026","22/01/2026","03/02/2026",,,,,,,12,"V00122","GOLD COAST ELECTROPLATING",,"SN691","Y","DAVID C",,,,,,,,,,,,
"PO00269","SPD_BAR_065_1500_002","65mm Spreader Bar 1500 L to Suit RHS 100 W",,,"AG00004.1","Vaclift",2,"L01074",2,0.2,2.2,1,"$",2,0.2,2.2,1,"Received","Received","David C","15/01/2026","22/01/2026","03/02/2026",,,,,,,12,"V00122","GOLD COAST ELECTROPLATING",,"SN691","Y","DAVID C",,,,,,,,,,,,
"PO00269","SPD_BAR_065_1500_003","65mm Spreader Bar 1500 L to Suit TBSE 64 W",,,"AG00004.1","Vaclift",2,"L01076",2,0.2,2.2,1,"$",2,0.2,2.2,1,"Received","Received","David C","15/01/2026","22/01/2026","03/02/2026",,,,,,,12,"V00122","GOLD COAST ELECTROPLATING",,"SN691","Y","DAVID C",,,,,,,,,,,,
"PO00269","SWSH_100_065_W_001_REV C","Tool Bar Hanger Weldment",,,"AG00004.1","Vaclift",2,"L01075",2,0.2,2.2,1,"$",2,0.2,2.2,1,"Received","Received","David C","15/01/2026","22/01/2026","03/02/2026",,,,,,,12,"V00122","GOLD COAST ELECTROPLATING",,"SN691","Y","DAVID C",,,,,,,,,,,,
"PO00268","A0001260","PTGEXCLR01024401220PE CLEAR PETG 2440 X 1220 X 1MM",,,,,16,"L01064",624,,624,39,"AUD",624,,624,39,"Received","Received","Admin","14/01/2026","21/01/2026","20/01/2026",,"14/01/2026",,,"20/01/2026",,0,"V00199","PLASTRAL PTY LTD",,"SCOTT FREE","Y","DERRYN F",,"N",,,,,,,,,,
"PO00267","A0000886","1"" sched 80 pipe 316 SS - 33.4 OD - 23.8 ID","6.1 mtr length",,,,2,"L01053",634.4,63.44,697.84,317.2,"AUD",634.4,63.44,697.84,317.2,"Received","Received","Admin","13/01/2026","13/01/2026","14/01/2026",,"13/01/2026",,,"16/01/2026",,1,"V00245","MIDWAY METALS",,"MARTO","Y","DERRYN F",,"Y",,,,,,,,,,
"PO00267","A00141","FREIGHT INWARD",,,"AG00011","FREIGHT INWARD",1,"L01054",0,0,0,0,"AUD",0,0,0,0,"Received","Received","Admin","13/01/2026","13/01/2026","14/01/2026",,"13/01/2026",,,"16/01/2026",,1,"V00245","MIDWAY METALS",,"MARTO","Y","DERRYN F",,"Y",,,,,,,,,,
"PO00266","RHS 100x100x4 AS 1163 Grade C350 P","RHS 100x100x4 AS 1163 Grade C350 P","SN691",,"AG00009.15","Material Raw RHS Steel",3.8,"L01047",342,34.2,376.2,90,"AUD",342,34.2,376.2,90,"New PO","Requested","David C","13/01/2026","31/01/2026",,,,,,,,186,"V00143","BELL FAB","MONTHLY ACCOUNT JANUARY","STOCK",,"DAVID C",,"Y",,,,,,,,,,
"PO00266","RHS 25x25x3 304 Stainless Steel","RHS 25x25x3 304 Stainless Steel","Stock manifolds",,"AG00009.16","Material Raw RHS Stainless Steel",12,"L01097",12,1.2,13.2,1,"AUD",12,1.2,13.2,1,"New PO","Requested","David C","13/01/2026","31/01/2026",,,,,,,,186,"V00143","BELL FAB","MONTHLY ACCOUNT JANUARY","STOCK",,"DAVID C",,"Y",,,,,,,,,,
"PO00266","RHS 40x40x3 AS 1163 Grade C350 P","RHS 40x40x3 AS 1163 Grade C350 P","SN691",,"AG00009.15","Material Raw RHS Steel",8,"L01096",8,0.8,8.8,1,"AUD",8,0.8,8.8,1,"New PO","Requested","David C","13/01/2026","31/01/2026",,,,,,,,186,"V00143","BELL FAB","MONTHLY ACCOUNT JANUARY","STOCK",,"DAVID C",,"Y",,,,,,,,,,
"PO00265","A0000990","6mm mild steel plate HA250","5.95 X 1200 X 2400 HA250",,,,4,"L01045",756,75.6,831.6,189,"$",756,75.6,831.6,189,"Received","Received","David C","12/01/2026","20/01/2026","20/01/2026",,"12/01/2026",,,"15/01/2026",,0,"151193+","SELECTION STEEL",,"MARITIMO/BOYNE","Y","DERRYN F",,"N",,,,,,,,,,
"PO00265","A0001233","5MM FLOOR PLATE 2400 X 1200","4.95 X 1200 X 2400 FLOOR PLATE",,,,10,"L01044",2176.9,217.69,2394.59,217.69,"$",2176.9,217.69,2394.59,217.69,"Received","Received","David C","12/01/2026","20/01/2026","20/01/2026",,"12/01/2026",,,"15/01/2026",,0,"151193+","SELECTION STEEL",,"MARITIMO/BOYNE","Y","DERRYN F",,"N",,,217.69,,,,,,,
"PO00265","A00141","FREIGHT INWARD",,,"AG00011","FREIGHT INWARD",1,"L01046",0,0,0,0,"$",0,0,0,0,"Received","Received","David C","12/01/2026","20/01/2026","20/01/2026",,"12/01/2026",,,"15/01/2026",,0,"151193+","SELECTION STEEL",,"MARITIMO/BOYNE","Y","DERRYN F",,"N",,,,,,,,,,
"PO00264","A0001212","1.6mm black checker plate – 1200 x 2400","1200 x 2400",,,,4,"L01019",740,74,814,185,"AUD",740,74,814,185,"Received","Received","Admin","08/01/2026","08/01/2026","08/01/2026",,"08/01/2026",,,"12/01/2026",,0,"V00114","ACTION ALUMINIUM",,"Huntsman","Y","DERRYN F",,"N",,,185,,,,,,,
"PO00263","A0000526","BMGARSUPD20 SUPER BLAST GARNET D 80# TONNE",,"BMGARSUPD20","AG00004.3","Water Jet Cutting",4,"L01018",2380,238,2618,595,"AUD",2380,238,2618,595,"Received","Received","Admin","08/01/2026","08/01/2026","13/01/2026",,"08/01/2026",,,"13/01/2026",,5,"V00198","INDUSTRIAL MINERALS",,"Sand","Y","DERRYN F",,,,,595.00,"INDUSTRIAL MINERALS",,,,,,
"PO00262","A0001160","6 MM FIBER CEMENT SHEET","2 x 2400 x 1200 x 6mm sheets.",,,,5.76,"L01012",113.07,0,113.07,19.630208333333,"AUD",113.07,0,113.07,19.630208333333,"Received","Received","Admin","06/01/2026","09/01/2026","07/01/2026",,"07/01/2026",1,,"08/01/2026",,0,"V00030","BUNNINGS",,"Stoddart",,"DERRYN F",,,,,20,,,,,,,
"PO00261","VLPA-040","200mm round pad (Airbest)",,"SFG200E-G4F-X01","AG00005.2","Air System",20,"L01010",2026.2,0,2026.2,101.31,"$",2026.2,0,2026.2,101.31,"Received","Received","David C","06/01/2026","28/02/2026","29/01/2026",,"07/01/2026","31A26010601","06/01/2026","06/01/2026",,0,"V00101","AIRBEST (CHANGXING) TECHNOLOGY CO., LTD","ALL PRICES ARE USD","SN691","Y","DAVID C","15-12-2025 I had no response from 3 emails for the email address clara@air-best.com","N","AIRBEST CUSTOMIZE THESE PADS, THEY DRILL & TAP 4X M6 HOLES 8MM DEEP FOR OUR HANGER BRACKETS",,0,,,,"'-","'-",,
"PO00260","A0000526","BMGARSUPD20 SUPER BLAST GARNET D 80# TONNE",,"BMGARSUPD20","AG00004.3","Water Jet Cutting",1,"L00996",595,59.5,654.5,595,"$",595,59.5,654.5,595,"Received","Received","David C","18/12/2025","18/12/2025","05/01/2026",,"18/12/2025","00260 181225","18/12/2025","18/12/2025",,18,"V00198","INDUSTRIAL MINERALS",,"STOCK","Y","DERRYN F",,,,,595.00,"INDUSTRIAL MINERALS",,,,,,
"PO00258","A0001077","Tynacetal (Acetal) Black Rod 25mm Dia x 1 m Length",,,,,30,"L00966",330.9,33.09,363.99,11.03,"$",330.9,33.09,363.99,11.03,"Received","Received","Admin","15/12/2025","15/12/2025","18/12/2025",,"15/12/2025",3370,"18/12/2025","15/12/2025","18/12/2025",3,"V00223","TYNIC AUTOMATION PTY LTD",,"Noy",,"DERRYN F",,"N",,,,,,,,,,
"PO00258","A00141","FREIGHT INWARD",,,"AG00011","FREIGHT INWARD",1,"L00967",50,5,55,50,"$",50,5,55,50,"Received","Received","Admin","15/12/2025","15/12/2025","18/12/2025",,"15/12/2025",3370,"18/12/2025","15/12/2025","18/12/2025",3,"V00223","TYNIC AUTOMATION PTY LTD",,"Noy",,"DERRYN F",,"N",,,,,,,,,,
"PO00257","A0001065","1/4 UNC LEFT HAND TAP INTERMEIDATE",,,"AG000011","WORKSHOP GENERAL SUPPLIES",1,"L00961",1,0.1,1.1,1,"$",1,0.1,1.1,1,"Received","Received","David C","12/12/2025","15/12/2025","18/12/2025",1,"18/12/2025",1,"18/12/2025","18/12/2025","18/12/2025",3,"V00128","BUILD IT FASTENERS",,"STOCK","Y","STEPHEN P",,,,,,,,,,,,
"PO00257","A0001066","1/4 UNC RIGHT HAND TAP INTERMEIDATE",,,"AG000011","WORKSHOP GENERAL SUPPLIES",1,"L00962",1,0.1,1.1,1,"$",1,0.1,1.1,1,"Received","Received","David C","12/12/2025","15/12/2025","18/12/2025",1,"18/12/2025",1,"18/12/2025","18/12/2025","18/12/2025",3,"V00128","BUILD IT FASTENERS",,"STOCK","Y","STEPHEN P",,,,,,,,,,,,
"PO00256","A0001064","DEWALT 2750MM X 27MM X 0.9MM X 6/10TPI BIMETAL BANDSAW BLADE",,,,,2,"L00959",0,0,0,0,"$",0,0,0,0,"Received","Received","Admin","11/12/2025","11/12/2025","06/01/2026",,"11/12/2025",,,"19/12/2025",,26,"V00142","AUSTECH SAW & TOOLING",,"Saw",,"DERRYN F",,,,,,,,,,,,
"PO00255","A0001054","12MM 316 STAINLESS STEEL","2400 x 1200",,,,1,"L00957",0,0,0,0,"$",0,0,0,0,"Received","Received","Admin","11/12/2025","11/12/2025","19/12/2025",,"11/12/2025",,,"12/12/2025",,8,"V00105","TSM - THE STEEL MARKET PTY. LTD",,"Wicked/stock","Y","DERRYN F",,"Y",,,,,,,,,,
"PO00255","A00141","FREIGHT INWARD",,,"AG00011","FREIGHT INWARD",1,"L00958",0,0,0,0,"$",0,0,0,0,"Received","Received","Admin","11/12/2025","11/12/2025","19/12/2025",,"11/12/2025",,,"12/12/2025",,8,"V00105","TSM - THE STEEL MARKET PTY. LTD",,"Wicked/stock","Y","DERRYN F",,"Y",,,,,,,,,,
"PO00254","CVL1000PT_01MF_001_REV A","Main Frame 501 - 1000kg Weldment","POWDERCOAT BLAZE BLUE",,"AG00004.1","Vaclift",2,,170,17,187,85,"$",170,17,187,85,"Received","Received","David C","09/12/2025","23/01/2026","26/01/2026",,,,,"31/12/2025",,3,"V00183","BUNDALL POWDER COATING",,"STOCK","Y","DAVID C",,"Y",,,,,,,,,,
"PO00254","HA_CVL_W_0690_001","CVL Handle Frame 690mm L Weldment","Powder Coating",,"AG00004.1","Vaclift",5,,300,30,330,60,"$",300,30,330,60,"Received","Received","David C","09/12/2025","23/01/2026","26/01/2026",,,,,"31/12/2025",,3,"V00183","BUNDALL POWDER COATING",,"STOCK","Y","DAVID C",,"Y",,,,,,,,,,
"PO00253","A0001061","POWDER COAT PARTS AS SUPPLIED","CVL500PT_01MF_001_REV A - Main Frame 0-500kg Weldment",,,,3,"L01009",3,0.3,3.3,1,"$",3,0.3,3.3,1,"Received","Received","David C","09/12/2025","23/01/2026","26/01/2026",,,,,,,3,"V00183","BUNDALL POWDER COATING",,"STOCK","Y","DAVID C",,"Y",,,,,,,,,,
"PO00253","CVL1000NT_01MF_001_REV A","Main Frame 0-1000kg Weldment Combined","Powder Coat",,"AG00004.1","Vaclift",4,,4,0.4,4.4,1,"$",4,0.4,4.4,1,"Received","Received","David C","09/12/2025","23/01/2026","26/01/2026",,,,,,,3,"V00183","BUNDALL POWDER COATING",,"STOCK","Y","DAVID C",,"Y",,,,,,,,,,
"PO00252","A0000216","ZINC PLATING PARTS","TB065_2280_001_REV A  Tool Bar 2280 L to Suit Frame 570 W RHS 70 L CTS 1000 kg W.L.L.",,"AG00004.1","Vaclift",12,"L00946",12,1.2,13.2,1,"$",12,1.2,13.2,1,"Received","Received","David C","09/12/2025","09/12/2025","11/12/2025",,,,,,,2,"V00122","GOLD COAST ELECTROPLATING",,"STOCK","Y","DAVID C",,,,,,,,,,,,
"PO00251","A0000725","8mm Plate Aluminium 5083","2400 x 1200",,"AG00009.10","Material Raw Sheet & Plate Aluminium",2,"L00943",920,92,1012,460,"AUD",920,92,1012,460,"Received","Received","Admin","08/12/2025","15/12/2025","19/12/2025",,"08/12/2025",1,"09/12/2025","10/12/2025",,4,"V00105","TSM - THE STEEL MARKET PTY. LTD",,"Gem/hand rails","Y","DERRYN F",,"Y",,,,,,,,,,
"PO00251","A0000758","5MM 316 STAINLESS STEEL","2400 x 1200",,,,1,"L00944",915,91.5,1006.5,915,"AUD",915,91.5,1006.5,915,"Received","Received","Admin","08/12/2025","15/12/2025","19/12/2025",,"08/12/2025",1,"09/12/2025","10/12/2025",,4,"V00105","TSM - THE STEEL MARKET PTY. LTD",,"Gem/hand rails","Y","DERRYN F",,"Y",,,,,,,,,,
"PO00251","A00141","FREIGHT INWARD",,,"AG00011","FREIGHT INWARD",1,"L00945",0,0,0,0,"AUD",0,0,0,0,"Received","Received","Admin","08/12/2025","15/12/2025","19/12/2025",,"08/12/2025",1,"09/12/2025","10/12/2025",,4,"V00105","TSM - THE STEEL MARKET PTY. LTD",,"Gem/hand rails","Y","DERRYN F",,"Y",,,,,,,,,,
"PO00249","FREIGHT","FREIGHT",,,,,1,"L00982",197,0,197,197,"$",197,0,197,197,"Received","Received","David C","05/12/2025","21/01/2026","12/01/2026",,"05/12/2025","31A25121601","16/12/2025",,,0,"V00101","AIRBEST (CHANGXING) TECHNOLOGY CO., LTD","ALL PRICES ARE USD","STOCK","Y","JOHN Mc","15-12-2025 I had no response from 3 emails for the email address clara@air-best.com","N",,,,,,,,,,
"PO00249","VLPA-040","200mm round pad (Airbest)",,,"AG00005.2","Air System",10,"L00939",475.4,0,475.4,47.54,"$",475.4,0,475.4,47.54,"Received","Received","David C","05/12/2025","05/12/2025","12/01/2026",,"05/12/2025","31A25121601","16/12/2025",,,38,"V00101","AIRBEST (CHANGXING) TECHNOLOGY CO., LTD","ALL PRICES ARE USD","STOCK","Y","JOHN Mc","15-12-2025 I had no response from 3 emails for the email address clara@air-best.com","N","AIRBEST CUSTOMIZE THESE PADS, THEY DRILL & TAP 4X M6 HOLES 8MM DEEP FOR OUR HANGER BRACKETS",,0,,,,"'-","'-",,
"PO00249","VLPA-074","200 DIA PAD SEAL SFG200E",,"SFG200E","AG00005.2","Air System",10,"L00940",175.8,0,175.8,17.58,"$",175.8,0,175.8,17.58,"Received","Received","David C","05/12/2025","21/01/2026","12/01/2026",,"05/12/2025","31A25121601","16/12/2025",,,0,"V00101","AIRBEST (CHANGXING) TECHNOLOGY CO., LTD","ALL PRICES ARE USD","STOCK","Y","JOHN Mc","15-12-2025 I had no response from 3 emails for the email address clara@air-best.com","N",,,,,,,,,,
"PO00248","A0001045","1500x585 PANEL E-POLISH",,,,,1,"L00938",0,0,0,0,"$",0,0,0,0,"Received","Received","David C","05/12/2025","05/12/2025","19/12/2025",,,,,"12/12/2025",,14,"V00279","SOUTHERN STAINLESS",,"STEVE P",,"STEPHEN P",,"Y",,,,,,,,,,
"PO00246","FMS 130 x 25 AS3679.1 Grade 300 BL","FMS 130 x 25 AS3679.1 Grade 300 BL","1x 6M LENGTH",,,,6,"L00935",320,32,352,53.333333333333,"$",320,32,352,53.333333333333,"Received","Received","David C","04/12/2025","11/12/2025","11/12/2025",23628,"16/12/2025",23628,"16/12/2025","16/12/2025","16/12/2025",0,"V00143","BELL FAB","DECEMBER MONTHLY PO","STOCK",,"DAVID C",,"Y",,,,,,,,,,
"PO00246","RHS 50x25x2 AS 1163 Grade C350 P","RHS 50x25x2 AS 1163 Grade C350 P","10x 8M LENGTHS",,"AG00009.15","Material Raw RHS Steel",80,"L01008",620,62,682,7.75,"$",620,62,682,7.75,"Received","Received","David C","04/12/2025","05/01/2026","11/12/2025",23628,"16/12/2025",23628,"16/12/2025","16/12/2025","16/12/2025",0,"V00143","BELL FAB","DECEMBER MONTHLY PO","STOCK",,"DAVID C",,"Y",,,,,,,,,,
"PO00244","PHV_470_225_002","PHV Vulcanized Rubber Plate 470x225","Allied Rubber add volcanizing",,"AG00004.1","Vaclift",32,,2620.38,262.04,2882.42,81.886875,"$",2620.38,262.04,2882.42,81.886875,"Ordered","Planned","David C","03/12/2025","03/12/2025",,,"03/12/2025",46099,"31/12/2025","18/12/2025",,245,"CU0001","ALLIED RUBBER",,"Stock","Y","DAVID C",,,,,,,,,,,,
"PO00238","A0001021","22.3 KG plain carbon rail JIS E1103 12.190M",,,"AG00009","Material Raw",1,"L00924",2559.35,255.94,2815.29,2559.35,"$",2559.35,255.94,2815.29,2559.35,"Received","Received","David C","03/12/2025","03/12/2025","08/01/2026",,"03/12/2025",1,"04/12/2025","12/12/2025",,36,"V00125","INFRABUILD STEEL CENTRE",,"Train","Y","DERRYN F",,,,,,,,,,,,
"PO00237","AIRBAG3000","3KG AIR BAG",,,,,1,"L00922",1,0.1,1.1,1,"$",1,0.1,1.1,1,"Received","Received","David C","03/12/2025","03/12/2025","11/03/2026",,"03/12/2025",1,,"08/12/2025",,98,"V00113","ABL DISTRIBUTION",,"Stock",,"DAVID C",,,,,,,,,,,,
"PO00235","A0001020","Deck Bearer to be powder coated STONE BEIGE","Rio bar does not need to be powder coated.",,,,1,"L00920",0,0,0,0,"AUD",0,0,0,0,"Received","Received","David C","03/12/2025","03/12/2025","10/12/2025",,"03/12/2025",,,"10/12/2025",,7,"V00183","BUNDALL POWDER COATING",,"Pac Pro",,"DERRYN F",,"Y",,,,,,,,,,
"PO00234","CVL1000NT_01MF_001_REV A","Main Frame 0-1000kg Weldment Combined","Powder Coat",,"AG00004.1","Vaclift",1,,60,6,66,60,"$",60,6,66,60,"Received","Received","David C","03/12/2025","11/12/2025","15/12/2025",19019,"09/12/2025","BPC19019","12/12/2025","12/12/2025","12/12/2025",4,"V00183","BUNDALL POWDER COATING",,"STOCK","Y","DAVID C",,"Y",,,,,,,,,,
"PO00233","HA_CVL_W_0690_001","CVL Handle Frame 690mm L Weldment",,,"AG00004.1","Vaclift",1,"L00919",60,6,66,60,"$",60,6,66,60,"Received","Received","David C","03/12/2025","03/12/2025","18/12/2025",,,"BPC19018","16/12/2025","12/12/2025",,15,"V00183","BUNDALL POWDER COATING",,"STOCK","Y","DAVID C",,"Y",,,,,,,,,,
"PO00229","A0001015","CONT PALLET SHRINK 1220+1220MMX37M 150UM",,58021,"AG00066","PACKAGING",1,"L00909",145,14.5,159.5,145,"$",145,14.5,159.5,145,"Received","Received","Admin","28/11/2025","02/12/2025","08/12/2025",,,1,,"08/12/2025",,6,"V00113","ABL DISTRIBUTION","PLEASE DELIVER","STOCK","Y","DAVID C",,,,,,,,,,,,
"PO00228","ATK_W_0001","1.5L Air Tank Weldment","POWDER COAT AS PER DRAWING",,"AG00004.1","Vaclift",21,,420,42,462,20,"$",420,42,462,20,"Received","Received","David C","28/11/2025","28/11/2025","18/12/2025",,"28/11/2025","BPC19004","12/12/2025","18/12/2025",,20,"V00183","BUNDALL POWDER COATING",,"STOCK","Y","DAVID C",,"Y",,,,,,,,,,
"PO00227","VLPE-019","Fuse Holder with screw cap glass fuse type",,"SZ2030","AG00005.3","Electrical",10,"L00907",22.5,2.25,24.75,2.25,"$",22.5,2.25,24.75,2.25,"Received","Received","David C","28/11/2025","14/01/2026","09/12/2025",,"28/11/2025",621851,"04/12/2025","10/12/2025","04/12/2025",0,"V00294","Electus Distribution",,"STOCK","Y","JOHN Mc",,,,,,"Altronics",,"S5991","Electus",,"SZ2030",
"PO00227","VLPE-022","Battery Charger 110/240 350ma",,"MB3619","AG00005.3","Electrical",8,"L00904",158.48,15.85,174.33,19.81,"$",158.48,15.85,174.33,19.81,"Received","Received","David C","28/11/2025","14/01/2026","09/12/2025",,"28/11/2025",621851,"04/12/2025","10/12/2025","04/12/2025",0,"V00294","Electus Distribution",,"STOCK","Y","JOHN Mc",,,"SUPPLIER DESCRIPTION - 12V 1A SLA Battery Charger",,"$14.49",,,,"www.techbrands.com","'-",,
"PO00227","VLPE-026","Buzzer (large) front panel",,"AB3464","AG00005.3","Electrical",15,"L00905",130.05,13.01,143.06,8.67,"$",130.05,13.01,143.06,8.67,"Received","Received","David C","28/11/2025","14/01/2026","09/12/2025",,"28/11/2025",621851,"04/12/2025","10/12/2025","04/12/2025",0,"V00294","Electus Distribution",,"STOCK","Y","JOHN Mc",,,,,"$8.67","Electus",,"AB3464","www.altronics.com.au","'-","S6119A",
"PO00227","VLPF-028","Enclosure control box for CVL 171 x 121 x 55mm",,"HB6218","AG00005.3","Electrical",6,"L00906",108.78,10.88,119.66,18.13,"$",108.78,10.88,119.66,18.13,"Received","Received","David C","28/11/2025","14/01/2026","09/12/2025",,"28/11/2025",621851,"04/12/2025","10/12/2025","04/12/2025",0,"V00294","Electus Distribution",,"STOCK","Y","JOHN Mc",,,,,,"Electus Distribution",,"HB6218",,,,
"PO00225","A0001007","40mm plate grade 2205 no1 astm a240/480 - cut to size - 280mm x 110mm","280mm X 110mm",,,,1,"L00902",409.1,40.91,450.01,409.1,"$",409.1,40.91,450.01,409.1,"Received","Received","David C","27/11/2025","27/11/2025","11/12/2025",,"27/11/2025",265039,,"05/12/2025",,14,"V00162","VULCAN STAINLESS",,"Neu",,"DERRYN F",,,,,,,,,,,,
"PO00225","A00141","FREIGHT INWARD",,,"AG00011","FREIGHT INWARD",1,"L00903",50,5,55,50,"$",50,5,55,50,"Received","Received","David C","27/11/2025","27/11/2025","11/12/2025",,"27/11/2025",265039,,"05/12/2025",,14,"V00162","VULCAN STAINLESS",,"Neu",,"DERRYN F",,,,,,,,,,,,
"PO00224","A0000996","30mm aluminium cut to size at – 235 x 120.","235mm x 120mm",,,,1,"L00901",76.34,7.63,83.97,76.34,"AUD",76.34,7.63,83.97,76.34,"Received","Received","Kemal","26/11/2025","26/11/2025","26/11/2025",,"26/11/2025",75231345,"27/11/2025","30/12/2025",,0,"V00114","ACTION ALUMINIUM",,"Brawl","Y",,,"N",,,,,,,,,,
"PO00223","A0001005","12mm 5083 aluminium","2400 x 1200",,,,1,"L00897",1170,117,1287,1170,"$",1170,117,1287,1170,"Received","Received","Kemal","26/11/2025","26/11/2025","11/12/2025",,"26/11/2025","014848IB","28/11/2025","28/11/2025",,15,"V00105","TSM - THE STEEL MARKET PTY. LTD",,"Perie - Signmakers - stock","Y","DAVID C",,"Y",,,,,,,,,,
"PO00223","A0001006","20mm 5083 aluminium","2400 x 1200",,,,1,"L00898",720,72,792,720,"$",720,72,792,720,"Received","Received","Kemal","26/11/2025","26/11/2025","11/12/2025",,"26/11/2025","014848IB","28/11/2025","28/11/2025",,15,"V00105","TSM - THE STEEL MARKET PTY. LTD",,"Perie - Signmakers - stock","Y","DAVID C",,"Y",,,,,,,,,,
"PO00223","A00141","FREIGHT INWARD",,,"AG00011","FREIGHT INWARD",1,"L00899",75,7.5,82.5,75,"$",75,7.5,82.5,75,"Received","Received","Kemal","26/11/2025","26/11/2025","11/12/2025",,"26/11/2025","014848IB","28/11/2025","28/11/2025",,15,"V00105","TSM - THE STEEL MARKET PTY. LTD",,"Perie - Signmakers - stock","Y","DAVID C",,"Y",,,,,,,,,,
"PO00222","NOY_GNG_005","Trigger Tube","POWDER COAT",,"AG00064","OUTSIDE CUSTOMER",10,,80,8,88,8,"$",80,8,88,8,"Received","Received","David C","26/11/2025","26/11/2025","05/12/2025",,"02/12/2025","BPC18995","05/12/2025","11/12/2025",,9,"V00183","BUNDALL POWDER COATING",,"10,002","Y","DAVID C",,"Y",,,,,,,,,,
"PO00222","NOY_GNG_006","BARREL Tube","POWDER COAT",,"AG00064","OUTSIDE CUSTOMER",10,,160,16,176,16,"$",160,16,176,16,"Received","Received","David C","26/11/2025","26/11/2025","05/12/2025",,"02/12/2025","BPC18995","05/12/2025","11/12/2025",,9,"V00183","BUNDALL POWDER COATING",,"10,002","Y","DAVID C",,"Y",,,,,,,,,,
"PO00222","NOY_GNG_007","BARREL END PLATE","POWDER COAT",,"AG00064","OUTSIDE CUSTOMER",10,,60,6,66,6,"$",60,6,66,6,"Received","Received","David C","26/11/2025","26/11/2025","05/12/2025",,"02/12/2025","BPC18995","05/12/2025","11/12/2025",,9,"V00183","BUNDALL POWDER COATING",,"10,002","Y","DAVID C",,"Y",,,,,,,,,,
"PO00222","NOY_GNG_012","HANDLE","POWDER COAT",,"AG00064","OUTSIDE CUSTOMER",10,,120,12,132,12,"$",120,12,132,12,"Received","Received","David C","26/11/2025","26/11/2025","05/12/2025",,"02/12/2025","BPC18995","05/12/2025","11/12/2025",,9,"V00183","BUNDALL POWDER COATING",,"10,002","Y","DAVID C",,"Y",,,,,,,,,,
"PO00222","NOY_GNG_015","HANDLE CLAMP","POWDER COAT",,"AG00064","OUTSIDE CUSTOMER",10,,80,8,88,8,"$",80,8,88,8,"Received","Received","David C","26/11/2025","26/11/2025","05/12/2025",,"02/12/2025","BPC18995","05/12/2025","11/12/2025",,9,"V00183","BUNDALL POWDER COATING",,"10,002","Y","DAVID C",,"Y",,,,,,,,,,
"PO00222","NOY_GNG_015~01","HANDLE LONG CLAMP","POWDER COAT",,"AG00064","OUTSIDE CUSTOMER",10,,80,8,88,8,"$",80,8,88,8,"Received","Received","David C","26/11/2025","26/11/2025","05/12/2025",,"02/12/2025","BPC18995","05/12/2025","11/12/2025",,9,"V00183","BUNDALL POWDER COATING",,"10,002","Y","DAVID C",,"Y",,,,,,,,,,
"PO00221","PHV_470_225_W_003","PHV 470x225 Backing Plate Weldment","WIP BLAST ONE SIDE",,"AG00004.1","Vaclift",32,,112,11.2,123.2,3.5,"$",112,11.2,123.2,3.5,"Received","Received","David C","26/11/2025","03/12/2025","05/12/2025",,,"BPC-18996","04/12/2025","31/01/2026",,2,"V00183","BUNDALL POWDER COATING",,"STOCK",,"DAVID C",,"Y",,,,,,,,,,
"PO00220","A0001003","CHARGE PUMP",,210360,"AG00065","OMAX",2,"L00895",364.9696,36.5,401.4696,182.4848,"USD",536.72,53.67,590.39,268.36,"Ordered","Planned","David C","26/11/2025","12/01/2026",,,"26/11/2025",1,,,,205,"V00317","ZG WATER JET",,"STOCK",,"STEPHEN P",,,,,268.36,"ZG WATER JET",,,,,,
"PO00219","A0000727","FORKLIFT GAS",,,,,5,"L00891",167.25,16.73,183.98,33.45,"AUD",167.25,16.73,183.98,33.45,"Received","Received","Kemal","25/11/2025","26/11/2025","11/03/2026",,"25/11/2025",4040553792,"28/11/2025",,,105,"V1210369","BOC GASES",,"Gas",,"DAVID C",,,,,,,,,,,,
"PO00219","A0000728","FORKLIFT GAS RETURN",,,,,5,"L00892",0,0,0,0,"AUD",0,0,0,0,"Received","Received","Kemal","25/11/2025","26/11/2025","11/03/2026",,"25/11/2025",4040553792,"28/11/2025",,,105,"V1210369","BOC GASES",,"Gas",,"DAVID C",,,,,,,,,,,,
"PO00219","A0000729","ARGO SHEILD LIGHT ""G""",,,,,2,"L00893",199.36,19.94,219.3,99.68,"AUD",199.36,19.94,219.3,99.68,"Received","Received","Kemal","25/11/2025","26/11/2025","11/03/2026",,"25/11/2025",4040553792,"28/11/2025",,,105,"V1210369","BOC GASES",,"Gas",,"DAVID C",,,,,,,,,,,,
"PO00219","A0000730","ARGO SHEILD LIGHT ""G"" RETURN",,,,,2,"L00894",0,0,0,0,"AUD",0,0,0,0,"Received","Received","Kemal","25/11/2025","26/11/2025","11/03/2026",,"25/11/2025",4040553792,"28/11/2025",,,105,"V1210369","BOC GASES",,"Gas",,"DAVID C",,,,,,,,,,,,
"PO00218","A0000999","6-20 x 3/4 - 304 SS - self tapper csk phil","Full Box",,,,200,"L00887",6.4,0.64,7.04,0.032,"$",6.4,0.64,7.04,0.032,"Received","Received","Kemal","25/11/2025","25/11/2025","25/11/2025",,"25/11/2025","INV-48063","25/11/2025","30/12/2025",,0,"V00128","BUILD IT FASTENERS",,"Stock",,,,,,,,,,,,,,
"PO00218","A0001000","Gloss Black Spray Paint","Can",,,,2,"L00888",13.9,1.39,15.29,6.95,"$",13.9,1.39,15.29,6.95,"Received","Received","Kemal","25/11/2025","25/11/2025","25/11/2025",,"25/11/2025","INV-48063","25/11/2025","30/12/2025",,0,"V00128","BUILD IT FASTENERS",,"Stock",,,,,,,,,,,,,,
"PO00218","A0001001","M8 Flat Engineer Washer ZP","Full Box",,,,200,"L00889",4,0.4,4.4,0.02,"$",4,0.4,4.4,0.02,"Received","Received","Kemal","25/11/2025","25/11/2025","25/11/2025",,"25/11/2025","INV-48063","25/11/2025","30/12/2025",,0,"V00128","BUILD IT FASTENERS",,"Stock",,,,,,,,,,,,,,
"PO00218","A0001002","8-18 x 20 - Button HD sds c3 screw","Full Box",,,,1000,"L00890",32.5,3.25,35.75,0.0325,"$",32.5,3.25,35.75,0.0325,"Received","Received","Kemal","25/11/2025","25/11/2025","25/11/2025",,"25/11/2025","INV-48063","25/11/2025","30/12/2025",,0,"V00128","BUILD IT FASTENERS",,"Stock",,,,,,,,,,,,,,
"PO00217","A0000997","""Nicia"" E-Polished",,,,,1,"L00885",40,4,44,40,"AUD",40,4,44,40,"Received","Received","Kemal","25/11/2025","25/11/2025","11/03/2026",,"25/11/2025",63721,"01/12/2025","30/01/2026",,106,"V00279","SOUTHERN STAINLESS",,"Booker","Y","DAVID C",,"Y",,,,,,,,,,
"PO002151","A0000998","Supply 1/12.0 & enough to cut 2/471 - 100 x 50 x 4mm RHS",,,"AG00009","Material Raw",1,"L00886",365,36.5,401.5,365,"$",365,36.5,401.5,365,"Received","Received","Kemal","24/11/2025","25/11/2025","11/12/2025",,"24/11/2025",1,"01/12/2025","28/11/2025",,16,"V00143","BELL FAB",,"Pacific",,"DERRYN F",,"Y",,,,,,,,,,
"PO00214","A0000992","8mm 316 Stainless steel.","2400 x 1200 x 8mm",,,,2,"L00879",2880,288,3168,1440,"$",2880,288,3168,1440,"Received","Received","Kemal","24/11/2025","24/11/2025","25/11/2025",,"24/11/2025","014782IB","26/11/2025","30/12/2025",,1,"V00105","TSM - THE STEEL MARKET PTY. LTD",,"Southern S, Vac Lift, Purpose Built",,,,"Y",,,,,,,,,,
"PO00214","A0000993","4mm 304 Stainless Steel","2400 x 1200 x 4mm",,,,3,"L00880",1320,132,1452,440,"$",1320,132,1452,440,"Received","Received","Kemal","24/11/2025","24/11/2025","25/11/2025",,"24/11/2025","014782IB","26/11/2025","30/12/2025",,1,"V00105","TSM - THE STEEL MARKET PTY. LTD",,"Southern S, Vac Lift, Purpose Built",,,,"Y",,,,,,,,,,
"PO00214","A0000994","3mm 5005 aluminium","2400 x 1200 x 3mm",,,,1,"L00881",155,15.5,170.5,155,"$",155,15.5,170.5,155,"Received","Received","Kemal","24/11/2025","24/11/2025","25/11/2025",,"24/11/2025","014782IB","26/11/2025","30/12/2025",,1,"V00105","TSM - THE STEEL MARKET PTY. LTD",,"Southern S, Vac Lift, Purpose Built",,,,"Y",,,,,,,,,,
"PO00213","A0000991","""RAMPAGE"" Plaque Anodize Red",,,,,14,"L00878",0,0,0,0,"$",0,0,0,0,"Received","Received","Kemal","24/11/2025","24/11/2025","01/12/2025",,"24/11/2025",,,"01/12/2025",,7,"V00206","SPECIALISED ANODISING SERVICE",,"Rampage",,"DERRYN F",,,,,,,,,,,,
"PO00212","3mm Sheet Galvabond AS1397-G2 Z275","3mm Sheet Galvabond AS1397-G2 Z275","2400 x 1200 x 2.95mm",,,,10,"L00872",1233.8,123.38,1357.18,123.38,"AUD",1233.8,123.38,1357.18,123.38,"Received","Received","Kemal","20/11/2025","20/11/2025","25/11/2025",,"20/11/2025","SO1160727","20/11/2025","25/11/2025",,5,"151193+","SELECTION STEEL",,"Bins/Kerb/Pacific Pro",,,,"N",,,123.38,,,,,,,
"PO00212","A0000987","10mm mild steel plate HA250","2400 x 1200",,,,1,"L00874",320,32,352,320,"AUD",320,32,352,320,"Received","Received","Kemal","20/11/2025","20/11/2025","25/11/2025",,"20/11/2025","SO1160727","20/11/2025","25/11/2025",,5,"151193+","SELECTION STEEL",,"Bins/Kerb/Pacific Pro",,,,"N",,,,,,,,,,
"PO00212","A0000988","12mm mild steel plate HA250","3000 x 1500",,,,1,"L00875",600,60,660,600,"AUD",600,60,660,600,"Received","Received","Kemal","20/11/2025","20/11/2025","25/11/2025",,"20/11/2025","SO1160727","20/11/2025","25/11/2025",,5,"151193+","SELECTION STEEL",,"Bins/Kerb/Pacific Pro",,,,"N",,,,,,,,,,
"PO00212","A0000989","16mm mild steel plate HA250","2400 x 1200",,,,1,"L00876",560,56,616,560,"AUD",560,56,616,560,"Received","Received","Kemal","20/11/2025","20/11/2025","25/11/2025",,"20/11/2025","SO1160727","20/11/2025","25/11/2025",,5,"151193+","SELECTION STEEL",,"Bins/Kerb/Pacific Pro",,,,"N",,,,,,,,,,
"PO00212","A0000990","6mm mild steel plate HA250","2400 x 1200",,,,2,"L00877",378,37.8,415.8,189,"AUD",378,37.8,415.8,189,"Received","Received","Kemal","20/11/2025","20/11/2025","25/11/2025",,"20/11/2025","SO1160727","20/11/2025","25/11/2025",,5,"151193+","SELECTION STEEL",,"Bins/Kerb/Pacific Pro",,,,"N",,,,,,,,,,
"PO00212","A00141","FREIGHT INWARD",,,"AG00011","FREIGHT INWARD",1,"L00873",0,0,0,0,"AUD",0,0,0,0,"Received","Received","Kemal","20/11/2025","20/11/2025","25/11/2025",,"20/11/2025","SO1160727","20/11/2025","25/11/2025",,5,"151193+","SELECTION STEEL",,"Bins/Kerb/Pacific Pro",,,,"N",,,,,,,,,,
"PO00211","A0000984","""Larrikin"" E-Polished",,,,,1,"L00869",0,0,0,0,"$",0,0,0,0,"Received","Received","Kemal","20/11/2025","20/11/2025","25/11/2025",,"10/11/2025",,,,,5,"V00279","SOUTHERN STAINLESS",,"Booker",,,,"Y",,,,,,,,,,
"PO00211","A0000985","""Black Magic"" E-Polished",,,,,1,"L00870",0,0,0,0,"$",0,0,0,0,"Received","Received","Kemal","20/11/2025","20/11/2025","25/11/2025",,"10/11/2025",,,,,5,"V00279","SOUTHERN STAINLESS",,"Booker",,,,"Y",,,,,,,,,,
"PO00211","A0000986","""Final Verdict"" E-Polished",,,,,1,"L00871",0,0,0,0,"$",0,0,0,0,"Received","Received","Kemal","20/11/2025","20/11/2025","25/11/2025",,"10/11/2025",,,,,5,"V00279","SOUTHERN STAINLESS",,"Booker",,,,"Y",,,,,,,,,,
"PO00210","A0000983","ARRIVEDERCI - RGB - DIMMER & CONTROL PANEL.",,,,,1,"L00868",1,0.1,1.1,1,"$",1,0.1,1.1,1,"Received","Received","Kemal","20/11/2025","20/11/2025","11/12/2025",1,"20/11/2025",1,,"30/11/2025",,21,"V00214","NPA (NEON PRODUCTS AUSTRALIA) PTY LTD",,"Arrivederci",,"DERRYN F",,,,,,,,,,,,
"PO00208","A0000982","Corflute 2440 x 1220 x 3 mm Thick White",,,,,20,"L00860",292.4,29.24,321.64,14.62,"$",292.4,29.24,321.64,14.62,"Received","Received","Kemal","19/11/2025","19/11/2025","25/11/2025",,"20/11/2025",137519,"20/11/2025","21/11/2025",,6,"V00061","BFS PLASTICS PTY LTD",,"Corflute","Y",,,"N",,,,,,,,,,
"PO00208","A00141","FREIGHT INWARD",,,"AG00011","FREIGHT INWARD",1,"L00861",60,6,66,60,"$",60,6,66,60,"Received","Received","Kemal","19/11/2025","19/11/2025","25/11/2025",,"20/11/2025",137519,"20/11/2025","21/11/2025",,6,"V00061","BFS PLASTICS PTY LTD",,"Corflute","Y",,,"N",,,,,,,,,,
"PO00207","A0000979","1200MM CLEAR POLY TUBE 100UM 25KG 113M/ROLL","SUPPLY 1X ROLL 113M LONG",2317,"AG00066","PACKAGING",113,"L00847",250.45,25.05,275.5,2.2163716814159,"AUD",250.45,25.05,275.5,2.2163716814159,"Received","Received","David C","18/11/2025","20/11/2025","25/11/2025",,,1,,,,5,"V00113","ABL DISTRIBUTION","PLEASE DELIVER TO OUR MOLENDINAR ADDRESS","STOCK","Y","DAVID C",,,,,,,,,,,,
"PO00206","A0000578","SMALL DOOR FROM TECHSYS",,,,,10,"L00845",0,,0,0,"$",0,,0,0,"Received","Received","Kemal","14/11/2025","14/11/2025","14/11/2025",,,,,,,0,"V00310","TECHSYS ENGINEERING",,17540,"Y",,,,,,,,,,,,,
"PO00205","A0000951","INTEGRATED ON/OFF VALVE BODY",,301477,"AG00065","OMAX",2,"L00839",113.4376,11.34,124.7776,56.7188,"USD",166.82,16.68,183.5,83.41,"Received","Received","David C","14/11/2025","30/12/2025","30/12/2025",,,1,,,,0,"XM-AU-001-250530","ZAIGEO MACHINERY TECHNOLOGY CO., LTD",,"STOCK",,"STEPHEN P",,"N",,,,,,,,,,
"PO00205","A0000952","NON-INTEGRATED ON/OFF VALVE REBUILD KIT",,301259,"AG00065","OMAX",6,"L00840",348.3572,34.84,383.1972,58.059533333333,"USD",512.29,51.23,563.52,85.381666666667,"Received","Received","David C","14/11/2025","30/12/2025","30/12/2025",,,1,,,,0,"XM-AU-001-250530","ZAIGEO MACHINERY TECHNOLOGY CO., LTD",,"STOCK",,"STEPHEN P",,"N",,,,,,,,,,
"PO00205","A0000955","DYNAMIC SEAL",,302951,"AG00065","OMAX",15,"L00841",67.1976,6.72,73.9176,4.47984,"USD",98.82,9.88,108.7,6.588,"Received","Received","David C","14/11/2025","30/12/2025","30/12/2025",,,1,,,,0,"XM-AU-001-250530","ZAIGEO MACHINERY TECHNOLOGY CO., LTD",,"STOCK",,"STEPHEN P",,"N",,,,,,,,,,
"PO00205","A0000956","PLUNGER ROD ASSEMBLY",,304885,"AG00065","OMAX",1,"L00842",533.9972,53.4,587.3972,533.9972,"USD",785.29,78.53,863.82,785.29,"Received","Received","David C","14/11/2025","30/12/2025","30/12/2025",,,1,,,,0,"XM-AU-001-250530","ZAIGEO MACHINERY TECHNOLOGY CO., LTD",,"STOCK",,"STEPHEN P",,"N",,,,,,,,,,
"PO00205","A0000957","SSS-8.00-0.76-101.6 NOZZLE",,"SSS-8.00-0.76-101.6","AG00065","OMAX",10,"L00843",588.7984,58.88,647.6784,58.87984,"USD",865.88,86.59,952.47,86.588,"Received","Received","David C","14/11/2025","30/12/2025","30/12/2025",,,1,,,,0,"XM-AU-001-250530","ZAIGEO MACHINERY TECHNOLOGY CO., LTD",,"STOCK",,"STEPHEN P",,"N",,,,,,,,,,
"PO00205","A0000958","ENDUROMAX BACKUP RING ASSEMBLY NEW LOOSER SPEC HOLE",,"308107-4","AG00065","OMAX",2,"L00844",257.618,25.76,283.378,128.809,"USD",378.85,37.89,416.74,189.425,"Received","Received","David C","14/11/2025","30/12/2025","30/12/2025",,,1,,,,0,"XM-AU-001-250530","ZAIGEO MACHINERY TECHNOLOGY CO., LTD",,"STOCK",,"STEPHEN P",,"N",,,,,,,,,,
"PO00205","FREIGHT","FREIGHT",,,,,1,"L00846",97.24,9.72,106.96,97.24,"USD",143,14.3,157.3,143,"Received","Received","David C","14/11/2025","30/12/2025","30/12/2025",,,1,,,,0,"XM-AU-001-250530","ZAIGEO MACHINERY TECHNOLOGY CO., LTD",,"STOCK",,"STEPHEN P",,"N",,,,,,,,,,
"PO00203","A00141","FREIGHT INWARD",,,"AG00011","FREIGHT INWARD",1,"L00837",204,0,204,204,"USD",300,0,300,300,"Received","Received","David C","13/11/2025","29/12/2025","14/01/2026",20251112,"13/11/2025",20251112,"14/11/2025","14/11/2025","21/12/2025",16,"V00013","www.faryuan.com","FARYUAN ELECTRIC
ON FY-20251119
IN FY-20251119","STOCK","Y","DAVID C",,,,,,,,,,,,
"PO00203","VLPE-048","WARNING LIGHT RED STEADY ON 12VDC 1W",,"LTE-5051-R-S","AG00005.3","Electrical",50,"L00835",136,0,136,2.72,"USD",200,0,200,4,"Received","Received","David C","13/11/2025","29/12/2025","14/01/2026",20251112,"13/11/2025",20251112,"14/11/2025","14/11/2025","21/12/2025",16,"V00013","www.faryuan.com","FARYUAN ELECTRIC
ON FY-20251119
IN FY-20251119","STOCK","Y","DAVID C",,,,,0,,,,"'-","'-",,
"PO00203","VLPE-049","WARNING LIGHT GREEN STEADY ON  12VDC 1W",,"LTE-5051-G-S","AG00005.3","Electrical",50,"L00836",136,0,136,2.72,"USD",200,0,200,4,"Received","Received","David C","13/11/2025","29/12/2025","14/01/2026",20251112,"13/11/2025",20251112,"14/11/2025","14/11/2025","21/12/2025",16,"V00013","www.faryuan.com","FARYUAN ELECTRIC
ON FY-20251119
IN FY-20251119","STOCK","Y","DAVID C",,,,,0,,,,"'-","'-",,
"PO00202","A0000943","ELECTROPOLISH - SOUTHERN STAINLESS","4x VACUUM PAD HANGERS PFP_300_40_W_001",,,,4,"L00826",120,12,132,30,"AUD",120,12,132,30,"Received","Received","David C","10/11/2025","17/11/2025","18/11/2025",,,63632,"13/11/2025","30/12/2025",,1,"V00279","SOUTHERN STAINLESS",,"SN686 - CVLBMP_DVS Unitherm","Y","DAVID C",,"Y",,,,,,,,,,
"PO00201","16mm Plate Aluminium 5083","16mm Plate Aluminium 5083","2x 2400 x 1200",,"AG00009.10","Material Raw Sheet & Plate Aluminium",5.76,"L00824",1918.08,191.81,2109.89,333,"AUD",1918.08,191.81,2109.89,333,"Received","Received","Kemal","10/11/2025","17/11/2025","25/11/2025",,"10/11/2025","014499ib",,"12/11/2025",,8,"V00105","TSM - THE STEEL MARKET PTY. LTD",,"Stella","Y","DAVID C",,"Y",,,,,,,,,,
"PO00201","A00141","FREIGHT INWARD",,,"AG00011","FREIGHT INWARD",1,"L00825",75,7.5,82.5,75,"AUD",75,7.5,82.5,75,"Received","Received","Kemal","10/11/2025","17/11/2025","25/11/2025",,"10/11/2025","014499ib",,"12/11/2025",,8,"V00105","TSM - THE STEEL MARKET PTY. LTD",,"Stella","Y","DAVID C",,"Y",,,,,,,,,,
"PO00200","A0000886","1"" sched 80 pipe 316 SS - 33.4 OD - 23.8 ID","6.1 mtr length",,,,3,"L00822",951.6,95.16,1046.76,317.2,"AUD",951.6,95.16,1046.76,317.2,"Received","Received","Kemal","10/11/2025","10/11/2025","25/11/2025",,"12/11/2025",2262668,"12/11/2025","30/12/2025",,15,"V00245","MIDWAY METALS",,"Marto","Y","DERRYN F",,"Y",,,,,,,,,,
"PO00200","A00141","FREIGHT INWARD",,,"AG00011","FREIGHT INWARD",1,"L00823",0,0,0,0,"AUD",0,0,0,0,"Received","Received","Kemal","10/11/2025","10/11/2025","25/11/2025",,"12/11/2025",2262668,"12/11/2025","30/12/2025",,15,"V00245","MIDWAY METALS",,"Marto","Y","DERRYN F",,"Y",,,,,,,,,,
"PO00199","A0000940","5mm 304 stainless steel","2400 x 1200",,,,1,"L00818",555,55.5,610.5,555,"AUD",555,55.5,610.5,555,"Received","Received","Kemal","06/11/2025","07/11/2025","10/11/2025",,"06/11/2025","014456IB","10/11/2025","10/11/2025",,3,"V00105","TSM - THE STEEL MARKET PTY. LTD",,"Vac Lift & 5mm ally for Dave McCallum","Y","DAVID C",,"Y",,,,,,,,,,
"PO00199","A0000941","3mm 304 stainless steel","2400 x 1200",,,,1,"L00819",320,32,352,320,"AUD",320,32,352,320,"Received","Received","Kemal","06/11/2025","07/11/2025","10/11/2025",,"06/11/2025","014456IB","10/11/2025","10/11/2025",,3,"V00105","TSM - THE STEEL MARKET PTY. LTD",,"Vac Lift & 5mm ally for Dave McCallum","Y","DAVID C",,"Y",,,,,,,,,,
"PO00199","A0000942","5mm 5083 aluminium","2400 x 1200",,,,2,"L00820",570,57,627,285,"AUD",570,57,627,285,"Received","Received","Kemal","06/11/2025","07/11/2025","10/11/2025",,"06/11/2025","014456IB","10/11/2025","10/11/2025",,3,"V00105","TSM - THE STEEL MARKET PTY. LTD",,"Vac Lift & 5mm ally for Dave McCallum","Y","DAVID C",,"Y",,,,,,,,,,
"PO00199","A00141","FREIGHT INWARD",,,"AG00011","FREIGHT INWARD",1,"L00821",75,7.5,82.5,75,"AUD",75,7.5,82.5,75,"Received","Received","Kemal","06/11/2025","07/11/2025","10/11/2025",,"06/11/2025","014456IB","10/11/2025","10/11/2025",,3,"V00105","TSM - THE STEEL MARKET PTY. LTD",,"Vac Lift & 5mm ally for Dave McCallum","Y","DAVID C",,"Y",,,,,,,,,,
"PO00198","A0000936","Machine Solid 2011 T6 - 90mm x 1100mm",,,,,1,"L00813",318.61,31.86,350.47,318.61,"AUD",318.61,31.86,350.47,318.61,"Received","Received","Kemal","06/11/2025","06/11/2025","18/11/2025",,"06/11/2025",75228710,"06/11/2025","30/12/2025",,12,"V00114","ACTION ALUMINIUM",,"Gem Cuts","Y",,,"N",,,,,,,,,,
"PO00198","A0000937","Machine Solid 2011 T6 - 100mm x 1100mm",,,,,1,"L00814",393.38,39.34,432.72,393.38,"AUD",393.38,39.34,432.72,393.38,"Received","Received","Kemal","06/11/2025","06/11/2025","18/11/2025",,"06/11/2025",75228710,"06/11/2025","30/12/2025",,12,"V00114","ACTION ALUMINIUM",,"Gem Cuts","Y",,,"N",,,,,,,,,,
"PO00198","A0000938","Machine Solid 2011 T6 - 60mm x 750mm",,,,,1,"L00815",120.08,12.01,132.09,120.08,"AUD",120.08,12.01,132.09,120.08,"Received","Received","Kemal","06/11/2025","06/11/2025","18/11/2025",,"06/11/2025",75228710,"06/11/2025","30/12/2025",,12,"V00114","ACTION ALUMINIUM",,"Gem Cuts","Y",,,"N",,,,,,,,,,
"PO00198","A0000939","3mm 5005 aluminium sheet",,,,,1,"L00900",190.14,19.01,209.15,190.14,"AUD",190.14,19.01,209.15,190.14,"Received","Received","Kemal","06/11/2025","26/11/2025","18/11/2025",,"06/11/2025",75228710,"06/11/2025","30/12/2025",,0,"V00114","ACTION ALUMINIUM",,"Gem Cuts","Y",,,"N",,,,,,,,,,
"PO00197","A0000934","""Oscar ll"" E-Polished",,,,,3,"L00809",120,12,132,40,"$",120,12,132,40,"Received","Received","Kemal","06/11/2025","06/11/2025","18/11/2025",,"06/11/2025",63631,"13/11/2025","30/12/2025",,12,"V00279","SOUTHERN STAINLESS",,"Polishing","Y","DAVID C",,"Y",,,,,,,,,,
"PO00196","PB_03_W_001","Slew Header Weldment","POWDERCOAT",,"AG00004.2","PipeBOSS",1,,145,14.5,159.5,145,"$",145,14.5,159.5,145,"Received","Received","David C","05/11/2025","21/11/2025","05/12/2025",,,"INV-BPC18962","21/11/2025","30/12/2025",,14,"V00183","BUNDALL POWDER COATING",,"STOCK","Y","DAVID C",,"Y",,,,,,,,,,
"PO00196","PB_04_010","Slide Spacer Plate","POWDERCOAT",,"AG00004.2","PipeBOSS",2,,60,6,66,30,"$",60,6,66,30,"Received","Received","David C","05/11/2025","21/11/2025","05/12/2025",,,"INV-BPC18962","21/11/2025","30/12/2025",,14,"V00183","BUNDALL POWDER COATING",,"STOCK","Y","DAVID C",,"Y",,,,,,,,,,
"PO00195","A0000916","32mm plate G350 - 370 x 370","Quote # 2425859",,,,1,"L00801",119.4,11.94,131.34,119.4,"$",119.4,11.94,131.34,119.4,"Received","Received","Kemal","05/11/2025","05/11/2025","18/11/2025",,"05/11/2025",2632503,"12/11/2025","30/12/2025",,13,"V00161","VULCAN PLATE PROCESSING",,"STOCK","Y","DAVID C",,,,,,,,,,,,
"PO00195","A0000918","36mm plate G350 - 270 x 270","Quote # 2425859",,,,1,"L00802",88.41,8.84,97.25,88.41,"$",88.41,8.84,97.25,88.41,"Received","Received","Kemal","05/11/2025","05/11/2025","18/11/2025",,"05/11/2025",2632503,"12/11/2025","30/12/2025",,13,"V00161","VULCAN PLATE PROCESSING",,"STOCK","Y","DAVID C",,,,,,,,,,,,
"PO00195","A00141","FREIGHT INWARD",,,"AG00011","FREIGHT INWARD",1,"L00803",40,4,44,40,"$",40,4,44,40,"Received","Received","Kemal","05/11/2025","05/11/2025","18/11/2025",,"05/11/2025",2632503,"12/11/2025","30/12/2025",,13,"V00161","VULCAN PLATE PROCESSING",,"STOCK","Y","DAVID C",,,,,,,,,,,,
"PO00193","PFP_300_40_TB065_002","HANGER PLATE",,,"AG00004.1","Vaclift",8,"L00799",32.5,3.25,35.75,4.0625,"$",32.5,3.25,35.75,4.0625,"Received","Received","David C","05/11/2025","05/11/2025","07/11/2025",,,20260314,"07/11/2025",,,2,"V00145","CUSTOM TRUCK BODIES AND TRAILERS",,"VACLIFT SN686","Y","DAVID C",,,,,,,,,,,,
"PO00192","A0000913","CVLBMP Site Box Top Plate Folding","As drawing provided",,,,1,"L00797",65,6.5,71.5,65,"AUD",65,6.5,71.5,65,"Received","Received","Kemal","04/11/2025","04/11/2025","07/11/2025",,"04/11/2025",20260313,"07/11/2025","07/11/2025",,3,"V00145","CUSTOM TRUCK BODIES AND TRAILERS",,"SN686 CVLBMP Unitherm","Y","DAVID C",,,,,,,,,,,,
"PO00192","A0000914","CVLBMP Site box accessory box Folding","As drawing provided",,,,1,"L00798",65,6.5,71.5,65,"AUD",65,6.5,71.5,65,"Received","Received","Kemal","04/11/2025","04/11/2025","07/11/2025",,"04/11/2025",20260313,"07/11/2025","07/11/2025",,3,"V00145","CUSTOM TRUCK BODIES AND TRAILERS",,"SN686 CVLBMP Unitherm","Y","DAVID C",,,,,,,,,,,,
"PO00191","A0000834","SISAL MOP 150MM X 2 SECTION","2 Section",,"AG000011","WORKSHOP GENERAL SUPPLIES",1,"L00796",0,0,0,0,"$",0,0,0,0,"Received","Received","Kemal","04/11/2025","04/11/2025","05/11/2025",,"04/11/2025",30312,"04/11/2025","07/11/2025",,1,"V00136","RITE PRICE DISTRIBUTORS",,"WORKSHOP SUPPLIES","Y","DAVID C",,,,,31.35,"RITE PRICE DISTRIBUTORS",,,,,,
"PO00191","A0000902","Sanding discs 8 inch for stainless steel - 240 grit","Box of 50",,,,50,"L00788",112.5,11.25,123.75,2.25,"$",112.5,11.25,123.75,2.25,"Received","Received","Kemal","04/11/2025","04/11/2025","05/11/2025",,"04/11/2025",30312,"04/11/2025","07/11/2025",,1,"V00136","RITE PRICE DISTRIBUTORS",,"WORKSHOP SUPPLIES","Y","DAVID C",,,,,,,,,,,,
"PO00191","A0000904","Sanding discs 8 inch for stainless steel - 120 grit","Box of 50",,,,1,"L00789",0,0,0,0,"$",0,0,0,0,"Received","Received","Kemal","04/11/2025","04/11/2025","05/11/2025",,"04/11/2025",30312,"04/11/2025","07/11/2025",,1,"V00136","RITE PRICE DISTRIBUTORS",,"WORKSHOP SUPPLIES","Y","DAVID C",,,,,,,,,,,,
"PO00191","A0000906","Cutting wax black","Bar",,,,3,"L00790",36.99,3.7,40.69,12.33,"$",36.99,3.7,40.69,12.33,"Received","Received","Kemal","04/11/2025","04/11/2025","05/11/2025",,"04/11/2025",30312,"04/11/2025","07/11/2025",,1,"V00136","RITE PRICE DISTRIBUTORS",,"WORKSHOP SUPPLIES","Y","DAVID C",,,,,,,,,,,,
"PO00191","A0000907","Blue Hubble polishing wax","Bar",,,,1,"L00791",32.64,3.26,35.9,32.64,"$",32.64,3.26,35.9,32.64,"Received","Received","Kemal","04/11/2025","04/11/2025","05/11/2025",,"04/11/2025",30312,"04/11/2025","07/11/2025",,1,"V00136","RITE PRICE DISTRIBUTORS",,"WORKSHOP SUPPLIES","Y","DAVID C",,,,,,,,,,,,
"PO00191","A0000908","Scotch Brite Pad Green",,,,,10,"L00792",26.6,2.66,29.26,2.66,"$",26.6,2.66,29.26,2.66,"Received","Received","Kemal","04/11/2025","04/11/2025","05/11/2025",,"04/11/2025",30312,"04/11/2025","07/11/2025",,1,"V00136","RITE PRICE DISTRIBUTORS",,"WORKSHOP SUPPLIES","Y","DAVID C",,,,,,,,,,,,
"PO00191","A0000909","White T-shirt rags","Bag",,,,1,"L00793",45,4.5,49.5,45,"$",45,4.5,49.5,45,"Received","Received","Kemal","04/11/2025","04/11/2025","05/11/2025",,"04/11/2025",30312,"04/11/2025","07/11/2025",,1,"V00136","RITE PRICE DISTRIBUTORS",,"WORKSHOP SUPPLIES","Y","DAVID C",,,,,,,,,,,,
"PO00191","A0000910","Thinners 20 L drum","20 L drum",,,,1,"L00794",101.41,10.14,111.55,101.41,"$",101.41,10.14,111.55,101.41,"Received","Received","Kemal","04/11/2025","04/11/2025","05/11/2025",,"04/11/2025",30312,"04/11/2025","07/11/2025",,1,"V00136","RITE PRICE DISTRIBUTORS",,"WORKSHOP SUPPLIES","Y","DAVID C",,,,,,,,,,,,
"PO00191","A0000911","Orange Grit 20 L Tub hand cleaner","20 L tub",,,,1,"L00795",0,0,0,0,"$",0,0,0,0,"Received","Received","Kemal","04/11/2025","04/11/2025","05/11/2025",,"04/11/2025",30312,"04/11/2025","07/11/2025",,1,"V00136","RITE PRICE DISTRIBUTORS",,"WORKSHOP SUPPLIES","Y","DAVID C",,,,,,,,,,,,
"PO00190","A0000899","304 #1 16mm 3000 x 1500","3000 x 1500 x 16mm",,,,1,"L00785",2576,257.6,2833.6,2576,"AUD",2576,257.6,2833.6,2576,"Received","Received","Kemal","04/11/2025","05/11/2025","05/11/2025",,"04/11/2025","SO 5059556SB-1","05/11/2025","06/11/2025",,0,"V00313","Dalsteel Metals",,"V00313",,"DERRYN F",,,,,,,,,,,,
"PO00190","A0000901","304 #1 20mm 2438 x 1219","2438 x 1219 x 20mm",,,,1,"L00786",2247,224.7,2471.7,2247,"AUD",2247,224.7,2471.7,2247,"Received","Received","Kemal","04/11/2025","05/11/2025","05/11/2025",,"04/11/2025","SO 5059556SB-1","05/11/2025","06/11/2025",,0,"V00313","Dalsteel Metals",,"V00313",,"DERRYN F",,,,,,,,,,,,
"PO00190","A00141","FREIGHT INWARD",,,"AG00011","FREIGHT INWARD",1,"L00787",75,7.5,82.5,75,"AUD",75,7.5,82.5,75,"Received","Received","Kemal","04/11/2025","05/11/2025","05/11/2025",,"04/11/2025","SO 5059556SB-1","05/11/2025","06/11/2025",,0,"V00313","Dalsteel Metals",,"V00313",,"DERRYN F",,,,,,,,,,,,
"PO00189","A0000526","BMGARSUPD20 SUPER BLAST GARNET D 80# TONNE",,"BMGARSUPD20","AG00004.3","Water Jet Cutting",4,"L00783",2380,238,2618,595,"AUD",2380,238,2618,595,"Received","Received","Kemal","03/11/2025","03/11/2025","07/11/2025",1,"03/12/2025",1,"03/12/2025","03/12/2025",,4,"V00198","INDUSTRIAL MINERALS",,"STOCK",,"DERRYN F",,,,,595.00,"INDUSTRIAL MINERALS",,,,,,
"PO00189","A00141","FREIGHT INWARD",,,"AG00011","FREIGHT INWARD",1,"L00784",0,0,0,0,"AUD",0,0,0,0,"Received","Received","Kemal","03/11/2025","03/11/2025","07/11/2025",1,"03/12/2025",1,"03/12/2025","03/12/2025",,4,"V00198","INDUSTRIAL MINERALS",,"STOCK",,"DERRYN F",,,,,,,,,,,,
"PO00188","A0000898","Ss316 - 8.0 x 1500 x 3048",,,,,1,"L00781",2195,219.5,2414.5,2195,"$",2195,219.5,2414.5,2195,"Received","Received","Kemal","03/11/2025","03/11/2025","03/11/2025",,"03/11/2025","014350IB","04/11/2025","05/11/2025",,0,"V00105","TSM - THE STEEL MARKET PTY. LTD",,"V00105","Y",,,"Y",,,,,,,,,,
"PO00188","A00141","FREIGHT INWARD",,,"AG00011","FREIGHT INWARD",1,"L00782",0,0,0,0,"$",0,0,0,0,"Received","Received","Kemal","03/11/2025","03/11/2025","03/11/2025",,"03/11/2025","014350IB","04/11/2025","05/11/2025",,0,"V00105","TSM - THE STEEL MARKET PTY. LTD",,"V00105","Y",,,"Y",,,,,,,,,,
"PO00187","A0000891","BUZZER",,"S6114","AG00005.3","Electrical",1,"L00773",2.8,0.28,3.08,2.8,"AUD",2.8,0.28,3.08,2.8,"Received","Received","David C","30/10/2025","11/12/2025","11/11/2025",,"30/10/2025",1817714,"30/10/2025","31/10/2025",,0,"V00042","ALTRONICS","DO NOT CHARGE TO ANY CREDIT CARDS, INVOICE BLUE WATER ENGINEERING & WE WILL TRANSFER REQUIRED FUNDS","CVL CONTROL BOX REVISION","Y",,,,,,"$1.03",,,,,"'-",,
"PO00187","A0000892","DC-DC BOOSTER",,"Z6339","AG00004.1","Vaclift",1,"L00775",13.95,1.4,15.35,13.95,"AUD",13.95,1.4,15.35,13.95,"Received","Received","David C","30/10/2025","11/12/2025","11/11/2025",,"30/10/2025",1817714,"30/10/2025","31/10/2025",,0,"V00042","ALTRONICS","DO NOT CHARGE TO ANY CREDIT CARDS, INVOICE BLUE WATER ENGINEERING & WE WILL TRANSFER REQUIRED FUNDS","CVL CONTROL BOX REVISION","Y",,,,,,,,,,,,,
"PO00187","A0000893","USB CONNECTOR",,"P9719","AG00004.1","Vaclift",1,"L00774",7.37,0.74,8.11,7.37,"AUD",7.37,0.74,8.11,7.37,"Received","Received","David C","30/10/2025","11/12/2025","11/11/2025",,"30/10/2025",1817714,"30/10/2025","31/10/2025",,0,"V00042","ALTRONICS","DO NOT CHARGE TO ANY CREDIT CARDS, INVOICE BLUE WATER ENGINEERING & WE WILL TRANSFER REQUIRED FUNDS","CVL CONTROL BOX REVISION","Y",,,,,,,,,,,,,
"PO00187","A0000894","BATTERY HOLDER",,"S5039","AG00004.1","Vaclift",1,"L00776",1.17,0.12,1.29,1.17,"AUD",1.17,0.12,1.29,1.17,"Received","Received","David C","30/10/2025","11/12/2025","11/11/2025",,"30/10/2025",1817714,"30/10/2025","31/10/2025",,0,"V00042","ALTRONICS","DO NOT CHARGE TO ANY CREDIT CARDS, INVOICE BLUE WATER ENGINEERING & WE WILL TRANSFER REQUIRED FUNDS","CVL CONTROL BOX REVISION","Y",,,,,,,,,,,,,
"PO00187","A0000895","BATTERY 18650",,"S4737A","AG00004.1","Vaclift",1,"L00777",15.23,1.52,16.75,15.23,"AUD",15.23,1.52,16.75,15.23,"Received","Received","David C","30/10/2025","11/12/2025","11/11/2025",,"30/10/2025",1817714,"30/10/2025","31/10/2025",,0,"V00042","ALTRONICS","DO NOT CHARGE TO ANY CREDIT CARDS, INVOICE BLUE WATER ENGINEERING & WE WILL TRANSFER REQUIRED FUNDS","CVL CONTROL BOX REVISION","Y",,,,,,,,,,,,,
"PO00187","A0000896","CIRCUIT BREAKER",,"S5621","AG00004.1","Vaclift",1,"L00778",5.29,0.53,5.82,5.29,"AUD",5.29,0.53,5.82,5.29,"Received","Received","David C","30/10/2025","11/12/2025","11/11/2025",,"30/10/2025",1817714,"30/10/2025","31/10/2025",,0,"V00042","ALTRONICS","DO NOT CHARGE TO ANY CREDIT CARDS, INVOICE BLUE WATER ENGINEERING & WE WILL TRANSFER REQUIRED FUNDS","CVL CONTROL BOX REVISION","Y",,,,,,,,,,,,,
"PO00187","A0000897","CHARGE MODULE",,"Z6388A","AG00004.1","Vaclift",1,"L00779",6.3,0.63,6.93,6.3,"AUD",6.3,0.63,6.93,6.3,"Received","Received","David C","30/10/2025","11/12/2025","11/11/2025",,"30/10/2025",1817714,"30/10/2025","31/10/2025",,0,"V00042","ALTRONICS","DO NOT CHARGE TO ANY CREDIT CARDS, INVOICE BLUE WATER ENGINEERING & WE WILL TRANSFER REQUIRED FUNDS","CVL CONTROL BOX REVISION","Y",,,,,,,,,,,,,
"PO00187","A00141","FREIGHT INWARD","FREIGHT",,"AG00011","FREIGHT INWARD",1,"L00780",21.09,2.11,23.2,21.09,"AUD",21.09,2.11,23.2,21.09,"Received","Received","David C","30/10/2025","11/12/2025","11/11/2025",,"30/10/2025",1817714,"30/10/2025","31/10/2025",,0,"V00042","ALTRONICS","DO NOT CHARGE TO ANY CREDIT CARDS, INVOICE BLUE WATER ENGINEERING & WE WILL TRANSFER REQUIRED FUNDS","CVL CONTROL BOX REVISION","Y",,,,,,,,,,,,,
"PO00187","VLPE-024","3pin plug XLR female chassis (control box)charger",,"PO850","AG00005.3","Electrical",12,"L00772",83.76,8.38,92.14,6.98,"AUD",83.76,8.38,92.14,6.98,"Received","Received","David C","30/10/2025","11/12/2025","11/11/2025",,"30/10/2025",1817714,"30/10/2025","31/10/2025",,0,"V00042","ALTRONICS","DO NOT CHARGE TO ANY CREDIT CARDS, INVOICE BLUE WATER ENGINEERING & WE WILL TRANSFER REQUIRED FUNDS","CVL CONTROL BOX REVISION","Y",,,,,,"$5.66","Altronics",,"P0850","Electus","'-","PS1054",
"PO00187","VLPE-032","Panel mount for 5mm LED","1x BAG CONTAINING 100",,"AG00005.3","Electrical",1,"L00768",8.51,0.85,9.36,8.51,"AUD",8.51,0.85,9.36,8.51,"Received","Received","David C","30/10/2025","11/12/2025","11/11/2025",,"30/10/2025",1817714,"30/10/2025","31/10/2025",,0,"V00042","ALTRONICS","DO NOT CHARGE TO ANY CREDIT CARDS, INVOICE BLUE WATER ENGINEERING & WE WILL TRANSFER REQUIRED FUNDS","CVL CONTROL BOX REVISION","Y",,,,,,"$1.03",,,,"www.techbrands.com","'-",,
"PO00187","VLPE-038","Connector DC female bulkhead 2.1mm",,,"AG00005.3","Electrical",12,"L00771",35.04,3.5,38.54,2.92,"AUD",35.04,3.5,38.54,2.92,"Received","Received","David C","30/10/2025","11/12/2025","11/11/2025",,"30/10/2025",1817714,"30/10/2025","31/10/2025",,0,"V00042","ALTRONICS","DO NOT CHARGE TO ANY CREDIT CARDS, INVOICE BLUE WATER ENGINEERING & WE WILL TRANSFER REQUIRED FUNDS","CVL CONTROL BOX REVISION","Y",,,,,,"$2.80",,,,"www.altronics.com.au","'-",,
"PO00187","VLPE-043","Capacitor for relay/pump 16V 4700uF",,"R5222","AG00005.3","Electrical",12,"L00770",9.84,0.98,10.82,0.82,"AUD",9.84,0.98,10.82,0.82,"Received","Received","David C","30/10/2025","11/12/2025","11/11/2025",,"30/10/2025",1817714,"30/10/2025","31/10/2025",,0,"V00042","ALTRONICS","DO NOT CHARGE TO ANY CREDIT CARDS, INVOICE BLUE WATER ENGINEERING & WE WILL TRANSFER REQUIRED FUNDS","CVL CONTROL BOX REVISION","Y",,,,,,"$4.18",,,,"www.altronics.com.au","'-",,
"PO00187","VLPE-055","Fuse holder glass M205 panel mount safe",,,"AG00005.3","Electrical",12,"L00769",20.28,2.03,22.31,1.69,"AUD",20.28,2.03,22.31,1.69,"Received","Received","David C","30/10/2025","11/12/2025","11/11/2025",,"30/10/2025",1817714,"30/10/2025","31/10/2025",,0,"V00042","ALTRONICS","DO NOT CHARGE TO ANY CREDIT CARDS, INVOICE BLUE WATER ENGINEERING & WE WILL TRANSFER REQUIRED FUNDS","CVL CONTROL BOX REVISION","Y",,,,,,"$1.69","Altronics",,,"'-","'-",,
"PO00186","A0000887","Bend 3mm Gal part as drawing supplied.",,,,,71,"L00767",650,65,715,9.1549295774648,"$",650,65,715,9.1549295774648,"Received","Received","Kemal","30/10/2025","30/10/2025","07/11/2025",,,20260312,"07/11/2025",,,8,"V00145","CUSTOM TRUCK BODIES AND TRAILERS",,"Nationwide Engineering","Y","DAVID C",,,,,,,,,,,,
"PO00185","A0000886","1"" sched 80 pipe 316 SS - 33.4 OD - 23.8 ID","6.1 mtr length",,,,3,"L00765",951.6,95.16,1046.76,317.2,"$",951.6,95.16,1046.76,317.2,"Received","Received","Kemal","29/10/2025","29/10/2025","31/10/2025",,"29/10/2025",2261317,"06/11/2025","30/11/2025",,2,"V00245","MIDWAY METALS",,34,"Y","DAVID C",,"Y",,,,,,,,,,
"PO00185","A00141","FREIGHT INWARD",,,"AG00011","FREIGHT INWARD",1,"L00766",0,0,0,0,"$",0,0,0,0,"Received","Received","Kemal","29/10/2025","29/10/2025","31/10/2025",,"29/10/2025",2261317,"06/11/2025","30/11/2025",,2,"V00245","MIDWAY METALS",,34,"Y","DAVID C",,"Y",,,,,,,,,,
"PO00184","A0000885","Bend 5mm aluminium part as drawing supplied.",,,,,12,"L00764",156,15.6,171.6,13,"$",156,15.6,171.6,13,"Received","Received","Kemal","29/10/2025","29/10/2025","07/11/2025",,"29/10/2025",20260311,,"03/10/2025",,9,"V00145","CUSTOM TRUCK BODIES AND TRAILERS",,"Dave McCallun","Y","DAVID C",,,,,,,,,,,,
"PO00183","A0000881","Alu- plate H112 EN AW-5083 32 x 1,250 x 2,500 mm IpC 3.1 - EN 10204",,,,,1,"L00758",2032,203.2,2235.2,2032,"AUD",2032,203.2,2235.2,2032,"Received","Received","Kemal","28/10/2025","28/10/2025","05/11/2025",,"28/10/2025",5900026526,"28/10/2025","03/11/2025",,8,"V00269","THYSSENKRUPP MATERIALS AUSTRALIA PTY LTD",,,,,,,,,,,,,,,,
"PO00183","A0000882","Test Certtificate",,,,,1,"L00759",20,2,22,20,"AUD",20,2,22,20,"Received","Received","Kemal","28/10/2025","28/10/2025","05/11/2025",,"28/10/2025",5900026526,"28/10/2025","03/11/2025",,8,"V00269","THYSSENKRUPP MATERIALS AUSTRALIA PTY LTD",,,,,,,,,,,,,,,,
"PO00183","A0000883","Packing",,,,,1,"L00760",20,2,22,20,"AUD",20,2,22,20,"Received","Received","Kemal","28/10/2025","28/10/2025","05/11/2025",,"28/10/2025",5900026526,"28/10/2025","03/11/2025",,8,"V00269","THYSSENKRUPP MATERIALS AUSTRALIA PTY LTD",,,,,,,,,,,,,,,,
"PO00183","A00141","FREIGHT INWARD",,,"AG00011","FREIGHT INWARD",1,"L00761",160,16,176,160,"AUD",160,16,176,160,"Received","Received","Kemal","28/10/2025","28/10/2025","05/11/2025",,"28/10/2025",5900026526,"28/10/2025","03/11/2025",,8,"V00269","THYSSENKRUPP MATERIALS AUSTRALIA PTY LTD",,,,,,,,,,,,,,,,
"PO00182","PHV_470_225_W_002","PHV 470 x 225 x 122H Hanger Plate TB65 Weldment","ELECTRO POLISH",,"AG00004.1","Vaclift",3,,60,6,66,20,"$",60,6,66,20,"Received","Received","David C","27/10/2025","07/11/2025","27/10/2025",,,1,,,,0,"V00279","SOUTHERN STAINLESS",,"STOCK","Y","DAVID C",,"Y",,,,,,,,,,
"PO00181","A0000218","GFDSS12540 - ALPHA 125X22.2MM 40G ZIRCONIA FLAP DISC",,,"AG000011","WORKSHOP GENERAL SUPPLIES",10,"L00754",73,7.3,80.3,7.3,"$",73,7.3,80.3,7.3,"Received","Received","Admin","27/10/2025","27/10/2025","24/10/2025",,"24/10/2025","INV-47292","24/10/2025","30/11/2025",,0,"V00128","BUILD IT FASTENERS",,"STOCK",,"DAVID C",,,,,,,,,,,,
"PO00181","A0000877","CT-R28-500BT - CHEMTOOLS NICKEL ANTI-SEIZE BRUSH TOP 500G",,,"AG000011","WORKSHOP GENERAL SUPPLIES",1,"L00755",49.33,4.93,54.26,49.33,"$",49.33,4.93,54.26,49.33,"Received","Received","Admin","27/10/2025","27/10/2025","24/10/2025",,"24/10/2025","INV-47292","24/10/2025","30/11/2025",,0,"V00128","BUILD IT FASTENERS",,"STOCK",,"DAVID C",,,,,49.33,"BUILD IT FASTENERS",,,,,,
"PO00180","SPD_BAR_065_1000_001","Spreader 65mm 1000mm Weldment","ZINCPLATE",,"AG00004.1","Vaclift",6,,0,0,0,0,"$",0,0,0,0,"Received","Received","David C","24/10/2025","24/10/2025","04/11/2025",,"24/10/2025","INV-22396","04/11/2025","06/11/2025",,11,"V00122","GOLD COAST ELECTROPLATING",,,"Y",,,,,,,,,,,,,
"PO00180","TBPE_W_065_1300_001","Tool Bar Plug in Extension 1300 L Weldment","ZINCPLATE ALL PARTS",,"AG00004.1","Vaclift",2,,274.87,27.49,302.36,137.435,"$",274.87,27.49,302.36,137.435,"Received","Received","David C","24/10/2025","03/11/2025","04/11/2025",,"24/10/2025","INV-22396","04/11/2025","06/11/2025",,1,"V00122","GOLD COAST ELECTROPLATING",,,"Y",,,,,,,,,,,,,
"PO00179","A0000259","3404 1/4"" FBSP EXTRUDED ELBOW",,,"AG00004.1","Vaclift",20,"L00745",144,14.4,158.4,7.2,"AUD",144,14.4,158.4,7.2,"Received","Received","Admin","24/10/2025","24/10/2025","24/10/2025",,"24/10/2025",1361340,"24/10/2025","30/11/2025",,0,"V00293","HOSE SUPPLIERS AUSTRALIA",,"STOCK",,"DAVID C",,,,,7.20,,,,,,,
"PO00179","A0000261","CB757750 CYBERBOND SH27 YELLOW MEDIUM STRENGTH PIPE SEALANT 50ML",,,"AG000011","WORKSHOP GENERAL SUPPLIES",1,"L00747",30,3,33,30,"AUD",30,3,33,30,"Received","Received","Admin","24/10/2025","24/10/2025","24/10/2025",,"24/10/2025",1361340,"24/10/2025","30/11/2025",,0,"V00293","HOSE SUPPLIERS AUSTRALIA",,"STOCK",,"DAVID C",,,,,30.00,,,,,,,
"PO00179","A0000872","6408AK 1/2"" MBSP ALLEN KEY PLUG",,,"AG000011","WORKSHOP GENERAL SUPPLIES",10,"L00744",141,14.1,155.1,14.1,"AUD",141,14.1,155.1,14.1,"Received","Received","Admin","24/10/2025","24/10/2025","24/10/2025",,"24/10/2025",1361340,"24/10/2025","30/11/2025",,0,"V00293","HOSE SUPPLIERS AUSTRALIA",,"STOCK",,"DAVID C",,,,,14.10,"HOSE SUPPLIERS AUSTRALIA",,,,,,
"PO00179","A0000873","PFM50802 8MMM X 1/8"" PUSH FIT ELBOW",,,"AG000011","WORKSHOP GENERAL SUPPLIES",10,"L00746",42,4.2,46.2,4.2,"AUD",42,4.2,46.2,4.2,"Received","Received","Admin","24/10/2025","24/10/2025","24/10/2025",,"24/10/2025",1361340,"24/10/2025","30/11/2025",,0,"V00293","HOSE SUPPLIERS AUSTRALIA",,"STOCK",,"DAVID C",,,,,4.20,"HOSE SUPPLIERS AUSTRALIA",,,,,,
"PO00179","A0000874","20SM 1/4"" MBSP X FEMALE NITTO CUPLA",,,"AG000011","WORKSHOP GENERAL SUPPLIES",5,"L00748",60.5,6.05,66.55,12.1,"AUD",60.5,6.05,66.55,12.1,"Received","Received","Admin","24/10/2025","24/10/2025","24/10/2025",,"24/10/2025",1361340,"24/10/2025","30/11/2025",,0,"V00293","HOSE SUPPLIERS AUSTRALIA",,"STOCK",,"DAVID C",,,,,6.05,"HOSE SUPPLIERS AUSTRALIA",,,,,,
"PO00179","A0000875",730402,,,"AG000011","WORKSHOP GENERAL SUPPLIES",2,"L00749",4.4,0.44,4.84,2.2,"AUD",4.4,0.44,4.84,2.2,"Received","Received","Admin","24/10/2025","24/10/2025","24/10/2025",,"24/10/2025",1361340,"24/10/2025","30/11/2025",,0,"V00293","HOSE SUPPLIERS AUSTRALIA",,"STOCK",,"DAVID C",,,,,2.20,"HOSE SUPPLIERS AUSTRALIA",,,,,,
"PO00179","VLPA-081","Nitto Type Male Air Hose Fitting 1 quarter BSP",,,"AG00005.2","Air System",10,"L00750",43,4.3,47.3,4.3,"AUD",43,4.3,47.3,4.3,"Received","Received","Admin","24/10/2025","24/10/2025","24/10/2025",,"24/10/2025",1361340,"24/10/2025","30/11/2025",,0,"V00293","HOSE SUPPLIERS AUSTRALIA",,"STOCK",,"DAVID C",,,,,3.00,,,,,,,
"PO00178","A0000218","GFDSS12540 - ALPHA 125X22.2MM 40G ZIRCONIA FLAP DISC",,,"AG000011","WORKSHOP GENERAL SUPPLIES",1,"L00743",7.3,0.73,8.03,7.3,"AUD",7.3,0.73,8.03,7.3,"Received","Received","Admin","24/10/2025","24/10/2025","24/10/2025",,"24/10/2025",1,,"28/10/2025",,0,"V00128","BUILD IT FASTENERS",,"STOCK",,"DERRYN F",,,,,,,,,,,,
"PO00178","A0000220","METH1L - METHYLATED SPIRITS 1 LTR",,,"AG000011","WORKSHOP GENERAL SUPPLIES",1,"L00742",8.2,0.82,9.02,8.2,"AUD",8.2,0.82,9.02,8.2,"Received","Received","Admin","24/10/2025","24/10/2025","24/10/2025",,"24/10/2025",1,,"28/10/2025",,0,"V00128","BUILD IT FASTENERS",,"STOCK",,"DERRYN F",,,,,,,,,,,,
"PO00177","CVL500PT_01MF_001_REV A","Main Frame 0-500kg Weldment","POWDER COAT BLAZE BLUE",,"AG00004.1","Vaclift",1,,60,6,66,60,"$",60,6,66,60,"Received","Received","David C","23/10/2025","23/10/2025","31/10/2025",,"23/10/2025","INV-BPC18929","05/11/2025","30/12/2025",,8,"V00183","BUNDALL POWDER COATING",,"VACLIFT","Y","DAVID C",,"Y",,,,,,,,,,
"PO00177","HA_CVLBNT_W_0690_001","CVLBNT Handle Frame 690mm L Weldment","POWDERCOAT",,"AG00004.1","Vaclift",2,,120,12,132,60,"$",120,12,132,60,"Received","Received","David C","23/10/2025","23/10/2025","31/10/2025",,"23/10/2025","INV-BPC18929","05/11/2025","30/12/2025",,8,"V00183","BUNDALL POWDER COATING",,"VACLIFT","Y","DAVID C",,"Y",,,,,,,,,,
"PO00177","HA_CVL_W_0690_001","CVL Handle Frame 690mm L Weldment","Powder Coating",,"AG00004.1","Vaclift",3,,180,18,198,60,"$",180,18,198,60,"Received","Received","David C","23/10/2025","23/10/2025","31/10/2025",,"23/10/2025","INV-BPC18929","05/11/2025","30/12/2025",,8,"V00183","BUNDALL POWDER COATING",,"VACLIFT","Y","DAVID C",,"Y",,,,,,,,,,
"PO00175","A0000450-del1769723745","22.3KG PLAIN CARBON RAIL JIS E1103 12.19M ID 102438","SUPPLY 1x 12M LENGTH",102438,"AG00004","Blue Water Engineering",12,"L00727",2559.39,255.94,2815.33,213.2825,"$",2559.39,255.94,2815.33,213.2825,"Received","Received","David C","22/10/2025","05/11/2025","06/11/2025",,"22/10/2025","SO: 23761968","22/10/2025","29/10/2025",,1,"V00125","INFRABUILD STEEL CENTRE",,"CO00035","Y",,,,,,2559.35,"INFRABUILD STEEL  CENTRE",,,,,,
"PO00175","A00141","FREIGHT INWARD","FREIGHT",,"AG00011","FREIGHT INWARD",1,"L00757",63,6.3,69.3,63,"$",63,6.3,69.3,63,"Received","Received","David C","22/10/2025","05/11/2025","06/11/2025",,"22/10/2025","SO: 23761968","22/10/2025","29/10/2025",,1,"V00125","INFRABUILD STEEL CENTRE",,"CO00035","Y",,,,,,,,,,,,,
"PO00174","A0000865","10mm 316 stainless steel","2400 x 1200",,,,1,"L00723",1818,181.8,1999.8,1818,"$",1818,181.8,1999.8,1818,"Received","Received","Kemal","22/10/2025","22/10/2025","24/10/2025",,"22/10/2025",2259669,"30/10/2025","30/11/2025",,2,"V00245","MIDWAY METALS",,,"Y",,,"Y",,,,,,,,,,
"PO00174","A0000866","3mm 316 stainless steel","2400 x 1200",,,,1,"L00724",535,53.5,588.5,535,"$",535,53.5,588.5,535,"Received","Received","Kemal","22/10/2025","22/10/2025","24/10/2025",,"22/10/2025",2259669,"30/10/2025","30/11/2025",,2,"V00245","MIDWAY METALS",,,"Y",,,"Y",,,,,,,,,,
"PO00174","A00141","FREIGHT INWARD",,,"AG00011","FREIGHT INWARD",1,"L00725",0,0,0,0,"$",0,0,0,0,"Received","Received","Kemal","22/10/2025","22/10/2025","24/10/2025",,"22/10/2025",2259669,"30/10/2025","30/11/2025",,2,"V00245","MIDWAY METALS",,,"Y",,,"Y",,,,,,,,,,
"PO00173","A0000861","1mm PETG Sheet 2440mm x 1220mm",,,,,6,"L00721",237.21,23.72,260.93,39.535,"$",237.21,23.72,260.93,39.535,"Received","Received","Kemal","22/10/2025","22/10/2025","31/10/2025",,"22/10/2025","SOAU064830","22/10/2025","27/10/2025",,9,"V00199","PLASTRAL PTY LTD",,,"Y",,,"N",,,,,,,,,,
"PO00172","TB065_2260_001","Tool Bar 2260 L to Suit Frame 570 W RHS 70 L CTS 1000 kg W.L.L.","ZINCPLATE",,"AG00004.1","Vaclift",1,,30,3,33,30,"$",30,3,33,30,"Received","Received","David C","22/10/2025","22/10/2025","22/10/2025",1,"22/10/2025",1,"22/10/2025","24/10/2025","22/10/2025",0,"V00122","GOLD COAST ELECTROPLATING",,"STOCK","Y","DAVID C",,,,,,,,,,,,
"PO00171","TBPE_065_0306_002","Plug Folding TB65x4 306mm L","FOLD AS DRAWN",,"AG00004.1","Vaclift",16,,150,15,165,9.375,"$",150,15,165,9.375,"Received","Received","David C","22/10/2025","22/10/2025","23/10/2025",,"22/10/2025",20260255,"23/10/2025","23/11/2025",,1,"V00145","CUSTOM TRUCK BODIES AND TRAILERS",,,"Y",,,,,,,,,,,,,
"PO00170","PHV_470_225_002","PHV Vulcanized Rubber Plate 470x225","VOLCANISE PAD PLATES",,"AG00004.1","Vaclift",42,"L00719",8274,827.4,9101.4,197,"$",8274,827.4,9101.4,197,"Received","Received","David C","21/10/2025","21/10/2025","11/11/2025",,"21/10/2025",45973,"20/10/2025","28/10/2025",,21,"CU0001","ALLIED RUBBER",,"STOCK","Y","DAVID C",,,,,,,,,,,,
"PO00168","RHS 100x100x3 Aluminium 6060 T5 AL","RHS 100x100x3 Aluminium 6060 T5 AL","1x 6m Length",,"AG00009.14","Material Raw RHS Aluminium",3.25,"L00715",98.8,9.88,108.68,30.4,"AUD",98.8,9.88,108.68,30.4,"Received","Received","David C","17/10/2025","24/10/2025","23/10/2025",,"20/10/2025",75226868,"22/10/2025","30/11/2025",,0,"V00114","ACTION ALUMINIUM",,"STOCK","Y","DAVID C",,"N",,,,,,,,,,
"PO00167","1.6mm Tread Plate Aluminum","1.6mm Tread Plate Aluminum","2400 x 1200",,"AG00009.28","Material Raw Tread Plate",1,"L00709",98,9.8,107.8,98,"AUD",98,9.8,107.8,98,"Received","Received","Kemal","16/10/2025","17/10/2025","22/10/2025",,"16/10/2025","SO 5059088SB-1","16/10/2025","20/10/2025",,5,"V00313","Dalsteel Metals",,,,,,,,,,,,,,,,
"PO00167","1.6mm Tread Plate Aluminum","1.6mm Tread Plate Aluminum","3000 x 1500",,"AG00009.28","Material Raw Tread Plate",2,"L00708",282,28.2,310.2,141,"AUD",282,28.2,310.2,141,"Received","Received","Kemal","16/10/2025","17/10/2025","22/10/2025",,"16/10/2025","SO 5059088SB-1","16/10/2025","20/10/2025",,5,"V00313","Dalsteel Metals",,,,,,,,,,,,,,,,
"PO00167","A00141","FREIGHT INWARD",,,"AG00011","FREIGHT INWARD",1,"L00710",75,7.5,82.5,75,"AUD",75,7.5,82.5,75,"Received","Received","Kemal","16/10/2025","17/10/2025","22/10/2025",,"16/10/2025","SO 5059088SB-1","16/10/2025","20/10/2025",,5,"V00313","Dalsteel Metals",,,,,,,,,,,,,,,,
"PO00166","16mm Plate Aluminium 5083","16mm Plate Aluminium 5083","2400 x 1200",,"AG00009.10","Material Raw Sheet & Plate Aluminium",2.88,"L00702",959.04,95.9,1054.94,333,"AUD",959.04,95.9,1054.94,333,"Received","Received","Kemal","15/10/2025","22/10/2025","21/10/2025",,"15/10/2025","014019IB","21/10/2025","17/10/2025",,0,"V00105","TSM - THE STEEL MARKET PTY. LTD",,1,"Y","DERRYN F",,"Y",,,,,,,,,,
"PO00166","A00141","FREIGHT INWARD",,,"AG00011","FREIGHT INWARD",1,"L00703",75,7.5,82.5,75,"AUD",75,7.5,82.5,75,"Received","Received","Kemal","15/10/2025","22/10/2025","21/10/2025",,"15/10/2025","014019IB","21/10/2025","17/10/2025",,0,"V00105","TSM - THE STEEL MARKET PTY. LTD",,1,"Y","DERRYN F",,"Y",,,,,,,,,,
"PO00165","A0000735","LABOUR ONLY","FOLD SITE BOX LID",,"AG00004.1","Vaclift",1,"L00705",65,6.5,71.5,65,"$",65,6.5,71.5,65,"Received","Received","David C","15/10/2025","23/10/2025","21/10/2025",,"17/10/2025",20260249,"22/10/2025","19/11/2025","01/12/2025",0,"V00145","CUSTOM TRUCK BODIES AND TRAILERS",,"STOCK",,,,,,,,,,,,,,
"PO00165","A0000827","CVLBMP SITE BOX WELDMENT","PAINT FRAME BLAZE BLUE",,"AG00004.1","Vaclift",1,,425,42.5,467.5,425,"$",425,42.5,467.5,425,"Received","Received","David C","15/10/2025","23/10/2025","21/10/2025",,"17/10/2025",20260249,"22/10/2025","19/11/2025","01/12/2025",0,"V00145","CUSTOM TRUCK BODIES AND TRAILERS",,"STOCK",,,,,,,,,,,,,,
"PO00164","PHV_470_225_002","PHV Vulcanized Rubber Plate 470x225","WIP BLAST ONE SIDE ONLY",,"AG00004.1","Vaclift",42,"L00699",8223.6,822.36,9045.96,195.8,"AUD",8223.6,822.36,9045.96,195.8,"Received","Received","David C","15/10/2025","22/10/2025","21/10/2025",,"15/10/2025","INV-BPC18903","23/10/2025","30/11/2025",,0,"V00183","BUNDALL POWDER COATING",,"STOCK","Y","DAVID C",,"Y",,,,,,,,,,
"PO00163","NOY_GNG_005","Trigger Tube","POWDER COAT",,"AG00064","OUTSIDE CUSTOMER",10,,80,8,88,8,"$",80,8,88,8,"Received","Received","David C","15/10/2025","23/10/2025","29/10/2025",,"15/10/2025","INV-BPC18902","05/11/2025","30/12/2025",,6,"V00183","BUNDALL POWDER COATING",,"NOY INDUSTRIES","Y","DAVID C",,"Y",,,,,,,,,,
"PO00163","NOY_GNG_006","BARREL Tube","POWDER COAT",,"AG00064","OUTSIDE CUSTOMER",10,,160,16,176,16,"$",160,16,176,16,"Received","Received","David C","15/10/2025","23/10/2025","29/10/2025",,"15/10/2025","INV-BPC18902","05/11/2025","30/12/2025",,6,"V00183","BUNDALL POWDER COATING",,"NOY INDUSTRIES","Y","DAVID C",,"Y",,,,,,,,,,
"PO00163","NOY_GNG_007","BARREL END PLATE","POWDER COAT",,"AG00064","OUTSIDE CUSTOMER",10,,60,6,66,6,"$",60,6,66,6,"Received","Received","David C","15/10/2025","23/10/2025","29/10/2025",,"15/10/2025","INV-BPC18902","05/11/2025","30/12/2025",,6,"V00183","BUNDALL POWDER COATING",,"NOY INDUSTRIES","Y","DAVID C",,"Y",,,,,,,,,,
"PO00163","NOY_GNG_012","HANDLE","POWDER COAT",,"AG00064","OUTSIDE CUSTOMER",10,,120,12,132,12,"$",120,12,132,12,"Received","Received","David C","15/10/2025","23/10/2025","29/10/2025",,"15/10/2025","INV-BPC18902","05/11/2025","30/12/2025",,6,"V00183","BUNDALL POWDER COATING",,"NOY INDUSTRIES","Y","DAVID C",,"Y",,,,,,,,,,
"PO00163","NOY_GNG_015","HANDLE CLAMP","POWDER COAT",,"AG00064","OUTSIDE CUSTOMER",10,,80,8,88,8,"$",80,8,88,8,"Received","Received","David C","15/10/2025","23/10/2025","29/10/2025",,"15/10/2025","INV-BPC18902","05/11/2025","30/12/2025",,6,"V00183","BUNDALL POWDER COATING",,"NOY INDUSTRIES","Y","DAVID C",,"Y",,,,,,,,,,
"PO00163","NOY_GNG_015~01","HANDLE LONG CLAMP","POWDER COAT",,"AG00064","OUTSIDE CUSTOMER",10,,80,8,88,8,"$",80,8,88,8,"Received","Received","David C","15/10/2025","24/10/2025","29/10/2025",,"15/10/2025","INV-BPC18902","05/11/2025","30/12/2025",,5,"V00183","BUNDALL POWDER COATING",,"NOY INDUSTRIES","Y","DAVID C",,"Y",,,,,,,,,,
"PO00162","A0000817","PHV 470 x 225 x 122 H Hanger Plate To Suit TB50 Weldment","ELECTROPOLISH",,,,10,,250,25,275,25,"$",250,25,275,25,"Received","Received","David C","15/10/2025","15/10/2025","20/10/2025",,"15/10/2025",63488,"20/10/2025","30/11/2025",,5,"V00279","SOUTHERN STAINLESS",,,,,,"Y",,,,,,,,,,
"PO00162","A0000818","VACUUM PAD TO SUIT CORRIGATED IRON ASSEMBLY","ELECTROPOLISH",,"AG00004.1","Vaclift",3,,60,6,66,20,"$",60,6,66,20,"Received","Received","David C","15/10/2025","15/10/2025","20/10/2025",,"15/10/2025",63488,"20/10/2025","30/11/2025",,5,"V00279","SOUTHERN STAINLESS",,,,,,"Y",,,,,,,,,,
"PO00162","PR_W_065_002","Round Pad Ø150 Spring Mounted 179H TB65 TP Mount Weldment","ELECTROPOLISH",,"AG00004.1","Vaclift",7,,105,10.5,115.5,15,"$",105,10.5,115.5,15,"Received","Received","David C","15/10/2025","23/10/2025","20/10/2025",,"15/10/2025",63488,"20/10/2025","30/11/2025",,0,"V00279","SOUTHERN STAINLESS",,,,,,"Y",,,,,,,,,,
"PO00161","A0000804","""Emira 3"" E-Polished",,,,,1,"L00677",1,0.1,1.1,1,"$",1,0.1,1.1,1,"Received","Received","Kemal","15/10/2025","15/10/2025","17/10/2025",,"15/10/2025",1,,"17/10/2025",,2,"V00279","SOUTHERN STAINLESS",,"STOCK","Y","DERRYN F",,"Y",,,,,,,,,,
"PO00161","A0000805","""M Two"" E-Polished",,,,,1,"L00678",1,0.1,1.1,1,"$",1,0.1,1.1,1,"Received","Received","Kemal","15/10/2025","15/10/2025","17/10/2025",,"15/10/2025",1,,"17/10/2025",,2,"V00279","SOUTHERN STAINLESS",,"STOCK","Y","DERRYN F",,"Y",,,,,,,,,,
"PO00161","A0000807","""Audacious"" E-Polished",,,,,1,"L00679",1,0.1,1.1,1,"$",1,0.1,1.1,1,"Received","Received","Kemal","15/10/2025","15/10/2025","17/10/2025",,"15/10/2025",1,,"17/10/2025",,2,"V00279","SOUTHERN STAINLESS",,"STOCK","Y","DERRYN F",,"Y",,,,,,,,,,
"PO00160","A00141","FREIGHT INWARD","FREIGHT",,"AG00011","FREIGHT INWARD",1,"L00716",35,3.5,38.5,35,"AUD",35,3.5,38.5,35,"Received","Received","David C","13/10/2025","24/11/2025","17/10/2025",,"13/10/2025",39044178,"14/10/2025","18/10/2025",,0,"V00314","PSI FLUID POWER","CONTACT MARTIN TURNER",,,,,,,,,,,,,,,
"PO00160","VLPA-099","VACUUM CUP FLAT OVAL 300X40 NBR - GREY",,"9.300X40.064.1GR","AG00005.2","Air System",20,"L00676",3596.6,359.66,3956.26,179.83,"AUD",3596.6,359.66,3956.26,179.83,"Received","Received","David C","13/10/2025","24/11/2025","17/10/2025",,"13/10/2025",39044178,"14/10/2025","18/10/2025",,0,"V00314","PSI FLUID POWER","CONTACT MARTIN TURNER",,,,,,,,,,,,,,,
"PO00159","A0000798","OSCAR II in 20mm opal acrylic with 6mm wide x 13mm deep groove","Please see file attached",,,,2,"L00673",792.9,79.29,872.19,396.45,"$",792.9,79.29,872.19,396.45,"Received","Received","Kemal","10/10/2025","10/10/2025","22/10/2025",,"10/10/2025",00051118,"22/10/2025","24/10/2025",,12,"V00249","BELOVED ORANGE",,,,,,,,,,,,,,,,
"PO00158","A0000796","LED component and silicone encapsulation fitted into the letters supplied by you (2 x OSCAR II","2 x signs total",,,,1,"L00670",1910,191,2101,1910,"$",1910,191,2101,1910,"Received","Received","Kemal","09/10/2025","09/10/2025","03/11/2025",1,"09/10/2025",1,"03/11/2025","30/11/2025","03/11/2025",25,"V00214","NPA (NEON PRODUCTS AUSTRALIA) PTY LTD",,"STOCK","Y","DERRYN F",,,,,,,,,,,,
"PO00158","A0000797","Casambi blue tooth dimmers","2 x dimmers",,,,1,"L00671",300,30,330,300,"$",300,30,330,300,"Received","Received","Kemal","09/10/2025","09/10/2025","03/11/2025",1,"09/10/2025",1,"03/11/2025","30/11/2025","03/11/2025",25,"V00214","NPA (NEON PRODUCTS AUSTRALIA) PTY LTD",,"STOCK","Y","DERRYN F",,,,,,,,,,,,
"PO00158","A00141","FREIGHT INWARD","Freight back to BWE once job is complete. TBD.",,"AG00011","FREIGHT INWARD",1,"L00672",1,0.1,1.1,1,"$",1,0.1,1.1,1,"Received","Received","Kemal","09/10/2025","09/10/2025","03/11/2025",1,"09/10/2025",1,"03/11/2025","30/11/2025","03/11/2025",25,"V00214","NPA (NEON PRODUCTS AUSTRALIA) PTY LTD",,"STOCK","Y","DERRYN F",,,,,,,,,,,,
"PO00157","A0000795","1.95 Galvabond G2 Z275 100mm (coil) (1 tonne)",,,,,1,"L00668",2391.34,239.13,2630.47,2391.34,"AUD",2391.34,239.13,2630.47,2391.34,"Received","Received","Kemal","09/10/2025","13/10/2025","10/10/2025",,"09/10/2025",2608566,"10/10/2025","16/10/2025",,0,"V00251","VULCAN COIL DIVISION",,0,"Y","DAVID C",,,,,,,,,,,,
"PO00157","A00141","FREIGHT INWARD",,,"AG00011","FREIGHT INWARD",1,"L00669",95,9.5,104.5,95,"AUD",95,9.5,104.5,95,"Received","Received","Kemal","09/10/2025","13/10/2025","10/10/2025",,"09/10/2025",2608566,"10/10/2025","16/10/2025",,0,"V00251","VULCAN COIL DIVISION",,0,"Y","DAVID C",,,,,,,,,,,,
"PO00156","1.6mm Tread Plate Aluminum","1.6mm Tread Plate Aluminum","2400 x 1200",,"AG00009.28","Material Raw Tread Plate",2,"L00665",196,19.6,215.6,98,"AUD",196,19.6,215.6,98,"Received","Received","Kemal","09/10/2025","10/10/2025","13/10/2025",,"09/10/2025","PF 5058929B-1","09/10/2025","10/10/2025",,3,"V00313","Dalsteel Metals",,,,,,,,,,,,,,,,
"PO00156","1.6mm Tread Plate Aluminum","1.6mm Tread Plate Aluminum","3000 x 1500",,"AG00009.28","Material Raw Tread Plate",2,"L00666",282,28.2,310.2,141,"AUD",282,28.2,310.2,141,"Received","Received","Kemal","09/10/2025","10/10/2025","13/10/2025",,"09/10/2025","PF 5058929B-1","09/10/2025","10/10/2025",,3,"V00313","Dalsteel Metals",,,,,,,,,,,,,,,,
"PO00156","FREIGHT","FREIGHT",,,,,1,"L00667",75,7.5,82.5,75,"AUD",75,7.5,82.5,75,"Received","Received","Kemal","09/10/2025","10/10/2025","13/10/2025",,"09/10/2025","PF 5058929B-1","09/10/2025","10/10/2025",,3,"V00313","Dalsteel Metals",,,,,,,,,,,,,,,,
"PO00155","6mm Mild Steel Plate AS 3678 Grade 250-del1768882920","6mm Mild Steel Plate AS 3678 Grade 250","2400 x 1200",,"AG00009.15","Material Raw RHS Steel",2,"L00660",383.38,38.34,421.72,191.69,"$",383.38,38.34,421.72,191.69,"Received","Received","Kemal","09/10/2025","09/10/2025","13/10/2025",,"09/10/2025","PF INV SO1058923","09/10/2025","10/10/2025",,4,"151193+","SELECTION STEEL",,,,,,"N",,,,,,,,,,
"PO00155","A0000791","8mm Mild Steel Plate Grade 250","2400 x 1200",,"AG00009.15","Material Raw RHS Steel",2,"L00661",515.46,51.55,567.01,257.73,"$",515.46,51.55,567.01,257.73,"Received","Received","Kemal","09/10/2025","09/10/2025","13/10/2025",,"09/10/2025","PF INV SO1058923","09/10/2025","10/10/2025",,4,"151193+","SELECTION STEEL",,,,,,"N",,,,,,,,,,
"PO00155","A00141","FREIGHT INWARD",,,"AG00011","FREIGHT INWARD",1,"L00662",80,8,88,80,"$",80,8,88,80,"Received","Received","Kemal","09/10/2025","09/10/2025","13/10/2025",,"09/10/2025","PF INV SO1058923","09/10/2025","10/10/2025",,4,"151193+","SELECTION STEEL",,,,,,"N",,,,,,,,,,
"PO00154","A0000788","PB_02- TOP ADAPTOR WELDMENT",,,,,1,"L00659",145,14.5,159.5,145,"$",145,14.5,159.5,145,"Received","Received","David C","08/10/2025","17/10/2025","23/10/2025",,"08/10/2025","INV-BPC18878","23/10/2025","30/11/2025",,6,"V00183","BUNDALL POWDER COATING",,"STOCK",,"DAVID C",,"Y",,,,,,,,,,
"PO00153","A0000784","LARGE DOOR FROM TECHSYS",,,"AG00064","OUTSIDE CUSTOMER",10,"L00656",0,0,0,0,"$",0,0,0,0,"Received","Received","Kemal","07/10/2025","07/10/2025","07/10/2025",,"07/10/2025",,,"07/10/2025","07/10/2025",0,"V00310","TECHSYS ENGINEERING",,,,,,,,,0,,,,,,,
"PO00152","A0000786","IZD20KPSEP SEPTONE PLASTIC PUMP TO SUIT 20KG CONTAINER",,10461500,"AG000011","WORKSHOP GENERAL SUPPLIES",1,"L00655",28.27,2.83,31.1,28.27,"$",28.27,2.83,31.1,28.27,"Received","Received","Admin","07/10/2025","20/09/2025","20/09/2025",,"18/09/2025","INV-29272","19/09/2025","30/10/2025",,0,"V00136","RITE PRICE DISTRIBUTORS",,"STOCK",,"DERRYN F",,,,,28.27,"RITE PRICE DISTRIBUTORES",,,,,,
"PO00151","A0000776","m3x16 pan phillips ZP","BOX",,"AG00004.1","Vaclift",200,"L00652",9.72,0.97,10.69,0.0486,"$",9.72,0.97,10.69,0.0486,"Received","Received","Kemal","02/10/2025","10/10/2025","03/10/2025",,"02/10/2025","INV-46837","02/10/2025","03/10/2025",,0,"V00128","BUILD IT FASTENERS",,,,,,,,,,,,,,,,
"PO00151","A0000777","STANLEY KNIFE",,,,,2,"L00653",24,2.4,26.4,12,"$",24,2.4,26.4,12,"Received","Received","Kemal","02/10/2025","10/10/2025","03/10/2025",,"02/10/2025","INV-46837","02/10/2025","03/10/2025",,0,"V00128","BUILD IT FASTENERS",,,,,,,,,,,,,,,,
"PO00151","A0000778","STANLEY KNIFE BLADES","PACKET",,,,1,"L00654",38.2,3.82,42.02,38.2,"$",38.2,3.82,42.02,38.2,"Received","Received","Kemal","02/10/2025","10/10/2025","03/10/2025",,"02/10/2025","INV-46837","02/10/2025","03/10/2025",,0,"V00128","BUILD IT FASTENERS",,,,,,,,,,,,,,,,
"PO00151","M6 FLAT WASHER ZP","M6 FLAT WASHER ZP","BOX",,,,200,"L00648",4,0.4,4.4,0.02,"$",4,0.4,4.4,0.02,"Received","Received","Kemal","02/10/2025","10/10/2025","03/10/2025",,"02/10/2025","INV-46837","02/10/2025","03/10/2025",,0,"V00128","BUILD IT FASTENERS",,,,,,,,,,,,,,,,
"PO00151","M6 NYLOC NUT ZP","M6 NYLOC NUT ZP","BOX",,"AG00007","Fastener",200,"L00649",6,0.6,6.6,0.03,"$",6,0.6,6.6,0.03,"Received","Received","Kemal","02/10/2025","10/10/2025","03/10/2025",,"02/10/2025","INV-46837","02/10/2025","03/10/2025",,0,"V00128","BUILD IT FASTENERS",,,,,,,,,,,,,,,,
"PO00151","M8 FLAT WASHER ZP","M8 FLAT WASHER ZP","BOX","M8WZPE","AG00007","Fastener",200,"L00650",4,0.4,4.4,0.02,"$",4,0.4,4.4,0.02,"Received","Received","Kemal","02/10/2025","10/10/2025","03/10/2025",,"02/10/2025","INV-46837","02/10/2025","03/10/2025",,0,"V00128","BUILD IT FASTENERS",,,,,,,,,,,,,,,,
"PO00151","M8 NYLOC NUT ZP","M8 NYLOC NUT ZP","BOX",,"AG00007","Fastener",200,"L00651",10,1,11,0.05,"$",10,1,11,0.05,"Received","Received","Kemal","02/10/2025","10/10/2025","03/10/2025",,"02/10/2025","INV-46837","02/10/2025","03/10/2025",,0,"V00128","BUILD IT FASTENERS",,,,,,,,,,,,,,,,
"PO00149","Round Tube Ø76 x 1.6 6060 T5 AL","Round Tube Ø76 x 1.6 6060 T5 AL","LENGTH 6M",,"AG00009.02","Material Raw CHS Steel",6,"L00643",58.5,5.85,64.35,9.75,"AUD",58.5,5.85,64.35,9.75,"Received","Received","David C","01/10/2025","01/10/2025","02/10/2025",,"01/10/2025",75224278,"01/10/2025","30/11/2025",,1,"V00114","ACTION ALUMINIUM","BWE TO PICKUP",,,,,"N",,,,,,,,,,
"PO00148","A0000768","20mm mild steel GR250","3000 x 1500 x 20mm",,,,1,"L00641",1451.81,145.18,1596.99,1451.81,"$",1451.81,145.18,1596.99,1451.81,"Received","Received","Kemal","30/09/2025","01/10/2025","01/10/2025",,"29/09/2025",2600024,"01/10/2025","30/11/2025",,0,"V00161","VULCAN PLATE PROCESSING",,0,,"DAVID C",,,,,,,,,,,,
"PO00148","A00141","FREIGHT INWARD",,,"AG00011","FREIGHT INWARD",1,"L00642",60,6,66,60,"$",60,6,66,60,"Received","Received","Kemal","30/09/2025","01/10/2025","01/10/2025",,"29/09/2025",2600024,"01/10/2025","30/11/2025",,0,"V00161","VULCAN PLATE PROCESSING",,0,,"DAVID C",,,,,,,,,,,,
"PO00147","PB_04_008","TOP PLATE","PRESS AS PER DRAWING",,"AG00004.2","PipeBOSS",1,,240,24,264,240,"AUD",240,24,264,240,"Received","Received","David C","30/09/2025","30/09/2025","31/10/2025",,"15/10/2025","PF 132236","15/10/2025","15/10/2025",,31,"V00312","BENDWORX",,,,,,,,,,,,,,,,
"PO00147","PB_05_006","JAW FACE PLATE","PRESS AS DRAWN",,"AG00004.2","PipeBOSS",2,,120,12,132,60,"AUD",120,12,132,60,"Received","Received","David C","30/09/2025","30/09/2025","31/10/2025",,"15/10/2025","PF 132236","15/10/2025","15/10/2025",,31,"V00312","BENDWORX",,,,,,,,,,,,,,,,
"PO00141","PHV_470_225_W_002","PHV 470 x 225 x 122H Hanger Plate TB65 Weldment","ELTROPOLISH",,"AG00004.1","Vaclift",25,,500,50,550,20,"$",500,50,550,20,"Received","Received","David C","24/09/2025","08/10/2025","30/09/2025",,"24/09/2025",63389,"30/09/2025","30/10/2025",,0,"V00279","SOUTHERN STAINLESS",,,,,,"Y",,,,,,,,,,
"PO00140","A0000727","FORKLIFT GAS",,,,,3,"L00613",95.25,9.53,104.78,31.75,"$",95.25,9.53,104.78,31.75,"Received","Received","Kemal","23/09/2025","23/09/2025","26/09/2025",,"23/09/2025",4040212155,"29/09/2025","30/09/2025",,3,"V1210369","BOC GASES",,,,,,,,,,,,,,,,
"PO00140","A0000728","FORKLIFT GAS RETURN",,,,,3,"L00614",4.09,0.41,4.5,1.3633333333333,"$",4.09,0.41,4.5,1.3633333333333,"Received","Received","Kemal","23/09/2025","23/09/2025","26/09/2025",,"23/09/2025",4040212155,"29/09/2025","30/09/2025",,3,"V1210369","BOC GASES",,,,,,,,,,,,,,,,
"PO00140","A0000729","ARGO SHEILD LIGHT ""G""",,,,,1,"L00615",96.92,9.69,106.61,96.92,"$",96.92,9.69,106.61,96.92,"Received","Received","Kemal","23/09/2025","23/09/2025","26/09/2025",,"23/09/2025",4040212155,"29/09/2025","30/09/2025",,3,"V1210369","BOC GASES",,,,,,,,,,,,,,,,
"PO00140","A0000730","ARGO SHEILD LIGHT ""G"" RETURN",,,,,1,"L00616",2.76,0.28,3.04,2.76,"$",2.76,0.28,3.04,2.76,"Received","Received","Kemal","23/09/2025","23/09/2025","26/09/2025",,"23/09/2025",4040212155,"29/09/2025","30/09/2025",,3,"V1210369","BOC GASES",,,,,,,,,,,,,,,,
"PO00140","A0000731","OXY ""G""",,,,,1,"L00617",1,0.1,1.1,1,"$",1,0.1,1.1,1,"Received","Received","Kemal","23/09/2025","23/09/2025","26/09/2025",,"23/09/2025",4040212155,"29/09/2025","30/09/2025",,3,"V1210369","BOC GASES",,,,,,,,,,,,,,,,
"PO00140","A0000732","OXY ""G"" RETURN",,,,,1,"L00618",0,0,0,0,"$",0,0,0,0,"Received","Received","Kemal","23/09/2025","23/09/2025","26/09/2025",,"23/09/2025",4040212155,"29/09/2025","30/09/2025",,3,"V1210369","BOC GASES",,,,,,,,,,,,,,,,
"PO00139","20mm Plate Aluminium 5083","20mm Plate Aluminium 5083","2400 x 1200",,"AG00009.10","Material Raw Sheet & Plate Aluminium",2.88,"L00611",1209.6,120.96,1330.56,420,"$",1209.6,120.96,1330.56,420,"Received","Received","Kemal","23/09/2025","23/09/2025","01/10/2025",,"30/09/2025","013709IB","01/10/2025","02/10/2025",,8,"V00105","TSM - THE STEEL MARKET PTY. LTD",,"STOCK","Y","DERRYN F",,"Y",,,,,,,,,,
"PO00139","A0000726","2.5mm aluminium sheet","2400 x 1200",,,,5,"L00610",650,65,715,130,"$",650,65,715,130,"Received","Received","Kemal","23/09/2025","23/09/2025","01/10/2025",,"30/09/2025","013709IB","01/10/2025","02/10/2025",,8,"V00105","TSM - THE STEEL MARKET PTY. LTD",,"STOCK","Y","DERRYN F",,"Y",,,130,,,,,,,
"PO00139","A0000758","5MM 316 STAINLESS STEEL","2400 X 1200",,,,1,"L00631",915,91.5,1006.5,915,"$",915,91.5,1006.5,915,"Received","Received","Kemal","23/09/2025","30/09/2025","01/10/2025",,"30/09/2025","013709IB","01/10/2025","02/10/2025",,1,"V00105","TSM - THE STEEL MARKET PTY. LTD",,"STOCK","Y","DERRYN F",,"Y",,,,,,,,,,
"PO00139","A00141","FREIGHT INWARD",,,"AG00011","FREIGHT INWARD",1,"L00612",0,0,0,0,"$",0,0,0,0,"Received","Received","Kemal","23/09/2025","23/09/2025","01/10/2025",,"30/09/2025","013709IB","01/10/2025","02/10/2025",,8,"V00105","TSM - THE STEEL MARKET PTY. LTD",,"STOCK","Y","DERRYN F",,"Y",,,,,,,,,,
"PO00138","A0000526","BMGARSUPD20 SUPER BLAST GARNET D 80# TONNE","1 tonne x 4","BMGARSUPD20","AG00004.3","Water Jet Cutting",4,"L00609",2380,238,2618,595,"AUD",2380,238,2618,595,"Received","Received","Kemal","23/09/2025","23/09/2025","18/09/2025",,"23/09/2025","PRO FORMA 23/9/2025","23/09/2025","26/09/2025",,0,"V00198","INDUSTRIAL MINERALS",,,,,,,,,595.00,"INDUSTRIAL MINERALS",,,,,,
"PO00137","A00141","FREIGHT INWARD","FREIGHT","FREIGHT","AG00011","FREIGHT INWARD",1,"L00634",18.75,1.88,20.63,18.75,"$",18.75,1.88,20.63,18.75,"Received","Received","Admin","22/09/2025","30/09/2025","03/10/2025",,"22/09/2025","SF275497","25/09/2025","29/09/2025",,3,"V00294","Electus Distribution",,,,,,,,,,,,,,,,
"PO00137","VLPE-022","Battery Charger 110/240 350ma",,"MB3619","AG00005.3","Electrical",6,"L00607",118.86,11.89,130.75,19.81,"$",118.86,11.89,130.75,19.81,"Received","Received","Admin","22/09/2025","22/09/2025","03/10/2025",,"22/09/2025","SF275497","25/09/2025","29/09/2025",,11,"V00294","Electus Distribution",,,,,,,"SUPPLIER DESCRIPTION - 12V 1A SLA Battery Charger",,"$14.49",,,,"www.techbrands.com","'-",,
"PO00137","VLPE-037","Connector DC female Line 2.1mm",,"PS0526","AG00005.3","Electrical",12,"L00606",34.32,3.43,37.75,2.86,"$",34.32,3.43,37.75,2.86,"Received","Received","Admin","22/09/2025","22/09/2025","03/10/2025",,"22/09/2025","SF275497","25/09/2025","29/09/2025",,11,"V00294","Electus Distribution",,,,,,,,,"$2.86",,,,"www.techbrands.com","'-",,
"PO00137","VLPE-082","resistor 5K6 ohm for battery indicator",,"RR0590","AG00005.3","Electrical",4,"L00608",2.32,0.23,2.55,0.58,"$",2.32,0.23,2.55,0.58,"Received","Received","Admin","22/09/2025","22/09/2025","03/10/2025",,"22/09/2025","SF275497","25/09/2025","29/09/2025",,11,"V00294","Electus Distribution",,,,,,,,,".46c",,,,"'-","'-",,
"PO00136","A00141","FREIGHT INWARD",,,"AG00011","FREIGHT INWARD",1,"L00942",25,2.5,27.5,25,"AUD",25,2.5,27.5,25,"Received","Received","Admin","22/09/2025","05/12/2025","01/10/2025",,"22/09/2025",3133,"17/11/2025",,"22/09/2025",0,"V00206","SPECIALISED ANODISING SERVICE",,0,,"DAVID C",,,,,,,,,,,,
"PO00136","PHV_470_225_005","PHV 470x225 Backing Plate","BLACK",534,"AG00004.1","Vaclift",4,"L00604",48,4.8,52.8,12,"AUD",48,4.8,52.8,12,"Received","Received","Admin","22/09/2025","22/09/2025","01/10/2025",,"22/09/2025",3133,"17/11/2025",,"22/09/2025",9,"V00206","SPECIALISED ANODISING SERVICE",,0,,"DAVID C",,,,,,,,,,,,
"PO00135","3mm Sheet Galvabond AS1397-G2 Z275","3mm Sheet Galvabond AS1397-G2 Z275","2400 x 1200 x 2.95mm",,,,10,"L00602",1233.8,123.38,1357.18,123.38,"AUD",1233.8,123.38,1357.18,123.38,"Received","Received","Kemal","19/09/2025","19/09/2025","30/09/2025",,"19/09/2025","SO0959388","29/09/2025","24/09/2025",,11,"151193+","SELECTION STEEL",,,,,,"N",,,123.38,,,,,,,
"PO00135","A00141","FREIGHT INWARD",,,"AG00011","FREIGHT INWARD",1,"L00603",80,8,88,80,"AUD",80,8,88,80,"Received","Received","Kemal","19/09/2025","19/09/2025","30/09/2025",,"19/09/2025","SO0959388","29/09/2025","24/09/2025",,11,"151193+","SELECTION STEEL",,,,,,"N",,,,,,,,,,
"PO00134","10mm Plate Aluminium 5083","10mm Plate Aluminium 5083","3 X PLATES - 2400 x 1200",,"AG00009.10","Material Raw Sheet & Plate Aluminium",8.64,"L00599",1649.98,165,1814.98,190.96990740741,"$",1649.98,165,1814.98,190.96990740741,"Received","Received","Kemal","17/09/2025","24/09/2025","18/09/2025",,"17/09/2025","013457IB","19/09/2025","30/10/2025",,0,"V00105","TSM - THE STEEL MARKET PTY. LTD",,"STOCK","Y","DERRYN F",,"Y",,,,,,,,,,
"PO00134","A0000725","8mm Plate Aluminium 5083","1 X PLATE - 2400 x 1200",,"AG00009.10","Material Raw Sheet & Plate Aluminium",2.88,"L00600",459.99,46,505.99,159.71875,"$",459.99,46,505.99,159.71875,"Received","Received","Kemal","17/09/2025","24/09/2025","18/09/2025",,"17/09/2025","013457IB","19/09/2025","30/10/2025",,0,"V00105","TSM - THE STEEL MARKET PTY. LTD",,"STOCK","Y","DERRYN F",,"Y",,,,,,,,,,
"PO00134","A00141","FREIGHT INWARD",,,"AG00011","FREIGHT INWARD",1,"L00601",0,0,0,0,"$",0,0,0,0,"Received","Received","Kemal","17/09/2025","24/09/2025","18/09/2025",,"17/09/2025","013457IB","19/09/2025","30/10/2025",,0,"V00105","TSM - THE STEEL MARKET PTY. LTD",,"STOCK","Y","DERRYN F",,"Y",,,,,,,,,,
"PO00133","A0000218","GFDSS12540 - ALPHA 125X22.2MM 40G ZIRCONIA FLAP DISC","1 Box",,"AG000011","WORKSHOP GENERAL SUPPLIES",10,"L00595",73,7.3,80.3,7.3,"$",73,7.3,80.3,7.3,"Received","Received","Kemal","17/09/2025","24/09/2025","17/09/2025",,"17/09/2025","INV-46501","17/09/2025","30/10/2025",,0,"V00128","BUILD IT FASTENERS",,,,,,,,,,,,,,,,
"PO00133","A0000220","METH1L - METHYLATED SPIRITS 1 LTR","1 Bottol",,"AG000011","WORKSHOP GENERAL SUPPLIES",1,"L00597",8.2,0.82,9.02,8.2,"$",8.2,0.82,9.02,8.2,"Received","Received","Kemal","17/09/2025","24/09/2025","17/09/2025",,"17/09/2025","INV-46501","17/09/2025","30/10/2025",,0,"V00128","BUILD IT FASTENERS",,,,,,,,,,,,,,,,
"PO00133","A0000601","MX3-300 - INOX MX3 LUBRICANT 300G AEROSOL","2 Cans","MX3-300","AG00004.1","Vaclift",2,"L00596",23,2.3,25.3,11.5,"$",23,2.3,25.3,11.5,"Received","Received","Kemal","17/09/2025","24/09/2025","17/09/2025",,"17/09/2025","INV-46501","17/09/2025","30/10/2025",,0,"V00128","BUILD IT FASTENERS",,,,,,,,,11.50,"BUILD IT FASTENERS",,,,,,
"PO00133","A0000633","M830SHCSKZ - M8X30 CSK SOCKET SCREW Z/P 10.9","1 Box","M830SHCSKZ","AG00004.1","Vaclift",100,"L00591",24,2.4,26.4,0.24,"$",24,2.4,26.4,0.24,"Received","Received","Kemal","17/09/2025","24/09/2025","17/09/2025",,"17/09/2025","INV-46501","17/09/2025","30/10/2025",,0,"V00128","BUILD IT FASTENERS",,,,,,,,,0.29,"BUILD IT FASTENERS",,,,,,
"PO00133","A0000724","M12 X 20mm Cap Screw ZP","1 Box",,"AG00004.1","Vaclift",50,"L00594",24.5,2.45,26.95,0.49,"$",24.5,2.45,26.95,0.49,"Received","Received","Kemal","17/09/2025","24/09/2025","17/09/2025",,"17/09/2025","INV-46501","17/09/2025","30/10/2025",,0,"V00128","BUILD IT FASTENERS",,,,,,,,,,,,,,,,
"PO00133","M12 Spring Washer ZP","M12 Spring Washer ZP","1 Box",,"AG00007","Fastener",200,"L00593",12,1.2,13.2,0.06,"$",12,1.2,13.2,0.06,"Received","Received","Kemal","17/09/2025","24/09/2025","17/09/2025",,"17/09/2025","INV-46501","17/09/2025","30/10/2025",,0,"V00128","BUILD IT FASTENERS",,,,,,,,,,,,,,,,
"PO00133","M3 NYLOC NUT ZP","M3 NYLOC NUT ZP","1 Box",,"AG00007","Fastener",100,"L00590",2.58,0.26,2.84,0.0258,"$",2.58,0.26,2.84,0.0258,"Received","Received","Kemal","17/09/2025","24/09/2025","17/09/2025",,"17/09/2025","INV-46501","17/09/2025","30/10/2025",,0,"V00128","BUILD IT FASTENERS",,,,,,,,,,,,,,,,
"PO00133","M3 Pan Head Screw 6mm L","M3 Pan Head Screw 6mm L","1 Box",,"AG00004.1","Vaclift",200,"L00589",3.2,0.32,3.52,0.016,"$",3.2,0.32,3.52,0.016,"Received","Received","Kemal","17/09/2025","24/09/2025","17/09/2025",,"17/09/2025","INV-46501","17/09/2025","30/10/2025",,0,"V00128","BUILD IT FASTENERS",,,,,,,,,,,,,,,,
"PO00133","M5 NYLOC NUT ZP","M5 NYLOC NUT ZP","1 Box",,"AG00007","Fastener",200,"L00588",4,0.4,4.4,0.02,"$",4,0.4,4.4,0.02,"Received","Received","Kemal","17/09/2025","24/09/2025","17/09/2025",,"17/09/2025","INV-46501","17/09/2025","30/10/2025",,0,"V00128","BUILD IT FASTENERS",,,,,,,,,,,,,,,,
"PO00133","M6  Cuphead Bolt x 20mm L ZP","M6  Cuphead Bolt x 20mm L ZP","1 Box",,"AG00007","Fastener",200,"L00598",11.8,1.18,12.98,0.059,"$",11.8,1.18,12.98,0.059,"Received","Received","Kemal","17/09/2025","24/09/2025","17/09/2025",,"17/09/2025","INV-46501","17/09/2025","30/10/2025",,0,"V00128","BUILD IT FASTENERS",,,,,,,,,,,,,,,,
"PO00133","M8  Cuphead Bolt x 25mm L ZP","M8  Cuphead Bolt x 25mm L ZP","1 Box",,"AG00007","Fastener",200,"L00592",23.2,2.32,25.52,0.116,"$",23.2,2.32,25.52,0.116,"Received","Received","Kemal","17/09/2025","24/09/2025","17/09/2025",,"17/09/2025","INV-46501","17/09/2025","30/10/2025",,0,"V00128","BUILD IT FASTENERS",,,,,,,,,,,,,,,,
"PO00132","25mm Plate Mild Steel AS 3678 Grade 250","25mm Plate Mild Steel AS 3678 Grade 250","3000 x 1500 x 25mm mild steel plate",,"AG00009.11","Material Raw Sheet & Plate Mild Steel",4.5,"L00585",1575,157.5,1732.5,350,"AUD",1575,157.5,1732.5,350,"Received","Received","Kemal","15/09/2025","17/09/2025","18/09/2025",,"15/09/2025",2587048,"18/09/2025","30/10/2025",,1,"V00251","VULCAN COIL DIVISION","Quote #2378707","STOCK",,"DERRYN F",,,,,,,,,,,,
"PO00132","A00141","FREIGHT INWARD",,,"AG00011","FREIGHT INWARD",1,"L00586",105,10.5,115.5,105,"AUD",105,10.5,115.5,105,"Received","Received","Kemal","15/09/2025","17/09/2025","18/09/2025",,"15/09/2025",2587048,"18/09/2025","30/10/2025",,1,"V00251","VULCAN COIL DIVISION","Quote #2378707","STOCK",,"DERRYN F",,,,,,,,,,,,
"PO00130","A0000721","TEMP FOR COSTING",,,,,5,"L00582",5,0.5,5.5,1,"$",5,0.5,5.5,1,"Received","Received","David C","12/09/2025","12/09/2025","12/09/2025",01,"12/09/2025",01,"12/09/2025","12/09/2025","12/09/2025",0,"V00014","'-",,"STOCK",,"DAVID C",,,,,,,,,,,,
"PO00129","A00141","FREIGHT INWARD",,"1DELST","AG00011","FREIGHT INWARD",1,"L00587",18.75,1.88,20.63,18.75,"$",18.75,1.88,20.63,18.75,"Received","Received","David C","11/09/2025","24/10/2025","16/09/2025",,"11/09/2025","SF274671","12/09/2025","16/09/2025",,0,"V00294","Electus Distribution",,,,,,,,,,,,,,,,
"PO00129","VLPE-026","Buzzer (large) front panel",,"AB3464","AG00005.3","Electrical",10,"L00568",86.7,8.67,95.37,8.67,"$",86.7,8.67,95.37,8.67,"Received","Received","David C","11/09/2025","24/10/2025","16/09/2025",,"11/09/2025","SF274671","12/09/2025","16/09/2025",,0,"V00294","Electus Distribution",,,,,,,,,"$8.67","Electus",,"AB3464","www.altronics.com.au","'-","S6119A",
"PO00129","VLPE-080","Socket IC 8pin for Battery Indicator",,"PI6500","AG00005.3","Electrical",10,"L00576",2.7,0.27,2.97,0.27,"$",2.7,0.27,2.97,0.27,"Received","Received","David C","11/09/2025","24/10/2025","16/09/2025",,"11/09/2025","SF274671","12/09/2025","16/09/2025",,0,"V00294","Electus Distribution",,,,,,,,,".38c",,,,"www.altronics.com.au","'-",,
"PO00129","VLPE-081","Capacitor 10U 63V for Battery Indicator",,"RE6075","AG00005.3","Electrical",10,"L00575",2.1,0.21,2.31,0.21,"$",2.1,0.21,2.31,0.21,"Received","Received","David C","11/09/2025","24/10/2025","16/09/2025",,"11/09/2025","SF274671","12/09/2025","16/09/2025",,0,"V00294","Electus Distribution",,,,,,,,,".22c",,,,"'-","'-",,
"PO00129","VLPE-083","resistor 10K ohm for battery indicator","PACK OF 8","RR0596","AG00005.3","Electrical",6,"L00573",3.48,0.35,3.83,0.58,"$",3.48,0.35,3.83,0.58,"Received","Received","David C","11/09/2025","24/10/2025","16/09/2025",,"11/09/2025","SF274671","12/09/2025","16/09/2025",,0,"V00294","Electus Distribution",,,,,,,,,,,,,"'-","'-",,
"PO00129","VLPE-101","Trimpot HRZ 10K (for battery indicator)",,"RT4360","AG00005.3","Electrical",10,"L00574",8.1,0.81,8.91,0.81,"$",8.1,0.81,8.91,0.81,"Received","Received","David C","11/09/2025","24/10/2025","16/09/2025",,"11/09/2025","SF274671","12/09/2025","16/09/2025",,0,"V00294","Electus Distribution",,,,,,,,,,,,,"www.altronics.com.au","'-",,
"PO00129","VLPE-103","LED 5mm BICOL DIF Red/Green battery indicator",,"ZD0250","AG00005.3","Electrical",10,"L00577",5.3,0.53,5.83,0.53,"$",5.3,0.53,5.83,0.53,"Received","Received","David C","11/09/2025","24/10/2025","16/09/2025",,"11/09/2025","SF274671","12/09/2025","16/09/2025",,0,"V00294","Electus Distribution",,,,,,,,,,,,,"Ledsales.com.au","'-",,
"PO00129","VLPE-104","IC LM358N DIP8 (battery indicator)",,"ZL3358","AG00005.3","Electrical",10,"L00578",14,1.4,15.4,1.4,"$",14,1.4,15.4,1.4,"Received","Received","David C","11/09/2025","24/10/2025","16/09/2025",,"11/09/2025","SF274671","12/09/2025","16/09/2025",,0,"V00294","Electus Distribution",,,,,,,,,,,,,"'-","'-",,
"PO00129","VLPE-105","VREF diode LM336-2.5 (battery indicator)",,"ZV1624","AG00005.3","Electrical",10,"L00579",24.9,2.49,27.39,2.49,"$",24.9,2.49,27.39,2.49,"Received","Received","David C","11/09/2025","24/10/2025","16/09/2025",,"11/09/2025","SF274671","12/09/2025","16/09/2025",,0,"V00294","Electus Distribution",,,,,,,,,,,,,"'-","'-",,
"PO00129","VLPF-028","Enclosure control box for CVL 171 x 121 x 55mm",,"HB6218","AG00005.3","Electrical",5,"L00567",90.65,9.07,99.72,18.13,"$",90.65,9.07,99.72,18.13,"Received","Received","David C","11/09/2025","24/10/2025","16/09/2025",,"11/09/2025","SF274671","12/09/2025","16/09/2025",,0,"V00294","Electus Distribution",,,,,,,,,,"Electus Distribution",,"HB6218",,,,
"PO00128","A0000718","""YOT VIVA"" WITH CIRCLE - E-POLISHED",,,,,2,"L00565",2,0.2,2.2,1,"AUD",2,0.2,2.2,1,"Received","Received","Kemal","11/09/2025","11/09/2025","30/09/2025",,"11/09/2025",1,,,,19,"V00279","SOUTHERN STAINLESS",,"STOCK","Y","DERRYN F",,"Y",,,,,,,,,,
"PO00128","A0000719","""WHITE HAVEN 6500"" E-POLISHED",,,,,1,"L00566",1,0.1,1.1,1,"AUD",1,0.1,1.1,1,"Received","Received","Kemal","11/09/2025","11/09/2025","30/09/2025",,"11/09/2025",1,,,,19,"V00279","SOUTHERN STAINLESS",,"STOCK","Y","DERRYN F",,"Y",,,,,,,,,,
"PO00127","A0000714","Revcut Blue 200mm No-Hole Velstick Sanding Discs 320 Grit 50/Box","1 x BOX",,,,1,"L00563",89.5,8.95,98.45,89.5,"$",89.5,8.95,98.45,89.5,"Received","Received","Kemal","10/09/2025","10/09/2025","10/09/2025",,"10/09/2025",73809,"10/09/2025","30/09/2025",,0,"V00196","PACIFIC COATINGS",,,,,,,,,,,,,,,,
"PO00127","A0000717","SCOTCH -BRITE MULTI-FINISHING WHEEL 2S-150MM X 50MM X 25MM MEDIUM",,,,,2,"L00564",173.7,17.37,191.07,86.85,"$",173.7,17.37,191.07,86.85,"Received","Received","Kemal","10/09/2025","10/09/2025","10/09/2025",,"10/09/2025",73809,"10/09/2025","30/09/2025",,0,"V00196","PACIFIC COATINGS",,,,,,,,,,,,,,,,
"PO00126","PB_02_W_001","TOP ADAPTOR WELDMENT - SANDBLAST - POWDER COAT - MINT GREEN",,,"AG00004.2","PipeBOSS",1,"L00562",134.77,13.48,148.25,134.77,"AUD",134.77,13.48,148.25,134.77,"Received","Received","Admin","10/09/2025","10/09/2025","27/08/2025",6982,"19/08/2025","INV-BPC18735","27/08/2025","30/10/2025",,0,"V00183","BUNDALL POWDER COATING",,"STOCK","Y","DAVID C",,"Y",,,,,,,,,,
"PO00125","A0000714","Revcut Blue 200mm No-Hole Velstick Sanding Discs 320 Grit 50/Box","1 BOX",,,,2,"L00561",47.2,4.72,51.92,23.6,"$",47.2,4.72,51.92,23.6,"Received","Received","Kemal","10/09/2025","10/09/2025","11/10/2025",,"10/09/2025","INV-27646","10/09/2025","30/10/2025",,31,"V00136","RITE PRICE DISTRIBUTORS",,"STOCK",,"DERRYN F",,,,,,,,,,,,
"PO00125","A0000834","SISAL MOP 150MM X 2 SECTION","SISAL MOP",,"AG000011","WORKSHOP GENERAL SUPPLIES",1,"L00711",31.35,3.14,34.49,31.35,"$",31.35,3.14,34.49,31.35,"Received","Received","Kemal","10/09/2025","16/10/2025","11/10/2025",,"10/09/2025","INV-27646","10/09/2025","30/10/2025",,0,"V00136","RITE PRICE DISTRIBUTORS",,"STOCK",,"DERRYN F",,,,,31.35,"RITE PRICE DISTRIBUTORS",,,,,,
"PO00124","25mm Plate Mild Steel AS 3678 Grade 250","25mm Plate Mild Steel AS 3678 Grade 250","3000 x 1500 x 25mm mild steel plate",,"AG00009.11","Material Raw Sheet & Plate Mild Steel",4.5,"L00559",1575,157.5,1732.5,350,"AUD",1575,157.5,1732.5,350,"Received","Received","Kemal","10/09/2025","12/09/2025","11/09/2025",,"10/09/2025",2581604,"11/09/2025","30/10/2025",,0,"V00251","VULCAN COIL DIVISION","Quote #2378707","STOCK",,"DERRYN F",,,,,,,,,,,,
"PO00124","A00141","FREIGHT INWARD",,,"AG00011","FREIGHT INWARD",1,"L00560",105,10.5,115.5,105,"AUD",105,10.5,115.5,105,"Received","Received","Kemal","10/09/2025","12/09/2025","11/09/2025",,"10/09/2025",2581604,"11/09/2025","30/10/2025",,0,"V00251","VULCAN COIL DIVISION","Quote #2378707","STOCK",,"DERRYN F",,,,,,,,,,,,
"PO00123","NP40-12","40AH 12V AGM BATTERY",,,"AG00004.1","Vaclift",1,"L00558",122.73,12.27,135,122.73,"AUD",122.73,12.27,135,122.73,"Received","Received","Admin","09/09/2025","09/09/2025","08/09/2025",,"08/09/2025",156624,"08/09/2025","09/09/2025",,0,"V00311","BATTERY CENTRAL","PAID BY JOHNNY MAC",,,,,,,,135.00,"BATTERY CENTRAL",,,,,,
"PO00122","CVL1000NT_01MF_001_REV A","Main Frame 0-1000kg Weldment Combined","Powder Coat",,"AG00004.1","Vaclift",2,,2,0.2,2.2,1,"$",2,0.2,2.2,1,"Received","Received","David C","09/09/2025","09/09/2025","30/09/2025",,"17/09/2025",1,,"30/09/2025",,21,"V00183","BUNDALL POWDER COATING",,"STOCK","Y","DAVID C",,"Y",,,,,,,,,,
"PO00122","CVLB1000NT_01MF_001_REV A","Main Frame 0-1000kg to Suit 65 SHS Toolbar Weldment","powerder coat",,"AG00004.1","Vaclift",2,,60,6,66,30,"$",60,6,66,30,"Received","Received","David C","09/09/2025","17/09/2025","30/09/2025",,"17/09/2025",1,,"30/09/2025",,13,"V00183","BUNDALL POWDER COATING",,"STOCK","Y","DAVID C",,"Y",,,,,,,,,,
"PO00122","HA_CVL_W_0690_001","CVL Handle Frame 690mm L Weldment","Powder Coating",,"AG00004.1","Vaclift",2,,2,0.2,2.2,1,"$",2,0.2,2.2,1,"Received","Received","David C","09/09/2025","17/09/2025","30/09/2025",,"17/09/2025",1,,"30/09/2025",,13,"V00183","BUNDALL POWDER COATING",,"STOCK","Y","DAVID C",,"Y",,,,,,,,,,
"PO00122","SDL_T_40_001","Leg Cap Weldment","POWDER COAT SAFETY YELLOW",,"AG00004.1","Vaclift",10,,80,8,88,8,"$",80,8,88,8,"Received","Received","David C","09/09/2025","17/09/2025","30/09/2025",,"17/09/2025",1,,"30/09/2025",,13,"V00183","BUNDALL POWDER COATING",,"STOCK","Y","DAVID C",,"Y",,,,,,,,,,
"PO00121","CVL1000NT_01MF_001_REV A","Main Frame 0-1000kg Weldment Combined","Powder Coat",,"AG00004.1","Vaclift",2,,2,0.2,2.2,1,"$",2,0.2,2.2,1,"Received","Received","David C","09/09/2025","09/09/2025","13/10/2025",,,1,,,,34,"V00183","BUNDALL POWDER COATING",,"STOCK",,"DAVID C",,"Y",,,,,,,,,,
"PO00121","CVLB1000NT_01MF_001_REV A","Main Frame 0-1000kg to Suit 65 SHS Toolbar Weldment","powerder coat",,"AG00004.1","Vaclift",2,,60,6,66,30,"$",60,6,66,30,"Received","Received","David C","09/09/2025","17/09/2025","13/10/2025",,,1,,,,26,"V00183","BUNDALL POWDER COATING",,"STOCK",,"DAVID C",,"Y",,,,,,,,,,
"PO00121","HA_CVL_W_0690_001","CVL Handle Frame 690mm L Weldment","Powder Coating",,"AG00004.1","Vaclift",2,,2,0.2,2.2,1,"$",2,0.2,2.2,1,"Received","Received","David C","09/09/2025","17/09/2025","13/10/2025",,,1,,,,26,"V00183","BUNDALL POWDER COATING",,"STOCK",,"DAVID C",,"Y",,,,,,,,,,
"PO00121","SDL_T_40_001","Leg Cap Weldment","POWDER COAT SAFETY YELLOW",,"AG00004.1","Vaclift",10,,80,8,88,8,"$",80,8,88,8,"Received","Received","David C","09/09/2025","17/09/2025","13/10/2025",,,1,,,,26,"V00183","BUNDALL POWDER COATING",,"STOCK",,"DAVID C",,"Y",,,,,,,,,,
"PO00120","CVL1000NT_01MF_001_REV A","Main Frame 0-1000kg Weldment Combined","Powder Coat",,"AG00004.1","Vaclift",2,,120,12,132,60,"$",120,12,132,60,"Received","Received","David C","09/09/2025","09/09/2025","18/09/2025",,"09/09/2025","INV-BPC18792","17/09/2025","30/10/2025",,9,"V00183","BUNDALL POWDER COATING",,0,"Y","DAVID C",,"Y",,,,,,,,,,
"PO00120","CVLB1000NT_01MF_001_REV A","Main Frame 0-1000kg to Suit 65 SHS Toolbar Weldment","powerder coat",,"AG00004.1","Vaclift",2,,120,12,132,60,"$",120,12,132,60,"Received","Received","David C","09/09/2025","17/09/2025","18/09/2025",,"09/09/2025","INV-BPC18792","17/09/2025","30/10/2025",,1,"V00183","BUNDALL POWDER COATING",,0,"Y","DAVID C",,"Y",,,,,,,,,,
"PO00120","HA_CVL_W_0690_001","CVL Handle Frame 690mm L Weldment","Powder Coating",,"AG00004.1","Vaclift",2,,120,12,132,60,"$",120,12,132,60,"Received","Received","David C","09/09/2025","17/09/2025","18/09/2025",,"09/09/2025","INV-BPC18792","17/09/2025","30/10/2025",,1,"V00183","BUNDALL POWDER COATING",,0,"Y","DAVID C",,"Y",,,,,,,,,,
"PO00120","SDL_T_40_001","Leg Cap Weldment","POWDER COAT SAFETY YELLOW",,"AG00004.1","Vaclift",10,,80,8,88,8,"$",80,8,88,8,"Received","Received","David C","09/09/2025","17/09/2025","18/09/2025",,"09/09/2025","INV-BPC18792","17/09/2025","30/10/2025",,1,"V00183","BUNDALL POWDER COATING",,0,"Y","DAVID C",,"Y",,,,,,,,,,
"PO00119","A0000578","SMALL DOOR FROM TECHSYS",,,,,1,"L00550",0,0,0,0,"$",0,0,0,0,"Received","Received","David C","08/09/2025","08/09/2025","08/09/2025",,,,,,,0,"V00310","TECHSYS ENGINEERING",,,,,,,,,,,,,,,,
"PO00118","1.2mm Sheet Stainless Steel 304 No 4 PVC","1.2mm Sheet Stainless Steel 304 No 4 PVC","2400 x 1200 x 1.2mm Brush Finish",,"AG00009.12","Material Raw Sheet & Plate Stainless Steel",2.88,"L00552",136.97,13.7,150.67,47.559027777778,"AUD",136.97,13.7,150.67,47.559027777778,"Received","Received","Kemal","08/09/2025","08/09/2025","12/09/2025",,"08/09/2025",2249103,"12/09/2025","30/10/2025",,4,"V00245","MIDWAY METALS",,"STOCK",,"DERRYN F",,"Y",,,,,,,,,,
"PO00118","16mm Plate Stainless Steel 304 2B","16mm Plate Stainless Steel 304 2B","2400 x 1200 x 16mm",,"AG00009.12","Material Raw Sheet & Plate Stainless Steel",2.88,"L00549",2048,204.8,2252.8,711.11111111111,"AUD",2048,204.8,2252.8,711.11111111111,"Received","Received","Kemal","08/09/2025","08/09/2025","12/09/2025",,"08/09/2025",2249103,"12/09/2025","30/10/2025",,4,"V00245","MIDWAY METALS",,"STOCK",,"DERRYN F",,"Y",,,,,,,,,,
"PO00117","PL0441224BFL","SS PLATE 3042BFOL 4.0 X 1219 X 2438",,,,,2,"L00547",910,91,1001,455,"$",910,91,1001,455,"Received","Received","Admin","08/09/2025","08/09/2025","09/08/2025",6978,"12/08/2025","012783IB","21/08/2025","30/10/2025","08/08/2025",0,"V00105","TSM - THE STEEL MARKET PTY. LTD",,"STOCK","Y","DERRYN F",,"Y",,,455.00,"THE STEEL MARKET",,,,,,
"PO00117","S041812244FL","SS SHEET 304 4FOL 1.2 X 1219 X 2438",,,,,2,"L00548",280,28,308,140,"$",280,28,308,140,"Received","Received","Admin","08/09/2025","08/09/2025","09/08/2025",6978,"12/08/2025","012783IB","21/08/2025","30/10/2025","08/08/2025",0,"V00105","TSM - THE STEEL MARKET PTY. LTD",,"STOCK","Y","DERRYN F",,"Y",,,140.00,"THE STEEL MARKET",,,,,,
"PO00116","APL50831022","ALUM PL 5083 H116 10 X 1200 X 2400",,,"AG00009.29","Material Raw Extrusion Aluminium",4,"L00546",2200,220,2420,550,"$",2200,220,2420,550,"Received","Received","Admin","08/09/2025","08/09/2025","21/08/2025",6978,"12/08/2025","012784IB","21/08/2025","30/10/2025","21/08/2025",0,"V00105","TSM - THE STEEL MARKET PTY. LTD",,"STOCK","Y","DERRYN F",,"Y",,,550.00,,,,,,,
"PO00115","RSS60.33","ROUND SOLID 6061 T6 60.33 X 4.0 MTR",,,"AG00004","Blue Water Engineering",1.5,"L00545",144.17,14.42,158.59,96.113333333333,"AUD",144.17,14.42,158.59,96.113333333333,"Received","Received","Admin","08/09/2025","08/09/2025","25/08/2025",,"25/08/2025",75219421,"25/08/2025","30/09/2025",,0,"V00114","ACTION ALUMINIUM",,,,,,"N",,,96.11,"ACTION ALUMINIUM",,,,,,
"PO00114","A0000705","6MM PLATE BRASS",,,,,2,"L00543",2459.44,245.94,2705.38,1229.72,"$",2459.44,245.94,2705.38,1229.72,"Received","Received","Kemal","08/09/2025","08/09/2025","18/09/2025",,"08/09/2025","PF135115","08/09/2025","10/09/2025",,10,"V00120","GWS (GEORGE WESTON AND SONS)","2000 X 1000 X 6MM BRASS SHEET","STOCK",,"DERRYN F",,,,,,,,,,,,
"PO00114","A00141","FREIGHT INWARD",,,"AG00011","FREIGHT INWARD",1,"L00544",90,9,99,90,"$",90,9,99,90,"Received","Received","Kemal","08/09/2025","08/09/2025","18/09/2025",,"08/09/2025","PF135115","08/09/2025","10/09/2025",,10,"V00120","GWS (GEORGE WESTON AND SONS)","2000 X 1000 X 6MM BRASS SHEET","STOCK",,"DERRYN F",,,,,,,,,,,,
"PO00113","A0000703","LIGHT BRACKET","PRESS AS DRAWN",,"AG00064","OUTSIDE CUSTOMER",10,,130,13,143,13,"$",130,13,143,13,"Received","Received","Kemal","08/09/2025","16/09/2025","08/09/2025",,"03/09/2025",20260157,"08/09/2025","30/09/2025",,0,"V00145","CUSTOM TRUCK BODIES AND TRAILERS",,,,,,,,,,,,,,,,
"PO00112","A0000195","1/4 BSPP SOCKET STEEL",,"BSPPS0-008","AG00068","PURCHASED VACLIFT COMPONENT",200,"L00541",400,40,440,2,"$",400,40,440,2,"Received","Received","David C","08/09/2025","15/09/2025","12/09/2025",,"09/09/2025",2249104,"12/09/2025","30/10/2025",,0,"V00245","MIDWAY METALS",,,,,,"Y",,2.00,2.00,"Midway Metals",,,,,,
"PO00111","M1225HSS304","M12X25 HEX SET SCREW",,"M1225HSS304","AG00004.1","Vaclift",30,"L00539",11.76,1.18,12.94,0.392,"$",11.76,1.18,12.94,0.392,"Received","Received","Admin","05/09/2025","05/09/2025","04/09/2025",,"04/09/2025","INV-46212","04/09/2025","30/10/2025",,0,"V00128","BUILD IT FASTENERS",,,,,,,,,0.392,"BUILD IT FASTENERS",,,,,,
"PO00111","M125SW304","M12 SPRING WASHER S/S G304",,,"AG00004.1","Vaclift",30,"L00540",2.16,0.22,2.38,0.072,"$",2.16,0.22,2.38,0.072,"Received","Received","Admin","05/09/2025","05/09/2025","04/09/2025",,"04/09/2025","INV-46212","04/09/2025","30/10/2025",,0,"V00128","BUILD IT FASTENERS",,,,,,,,,0.072,"BUILD IT FASTENERS",,,,,,
"PO00110","DW19812","DEWALT 19MM X 0.9MM X 8/12TPI BIMETAL BANDSAW BLADE",,"DW19812","AG000011","WORKSHOP GENERAL SUPPLIES",1,"L00538",74.03,7.4,81.43,74.03,"$",74.03,7.4,81.43,74.03,"Received","Received","Admin","05/09/2025","05/09/2025","10/09/2025",,"27/08/2025",436148,"04/09/2025","06/09/2025",,5,"V00142","AUSTECH SAW & TOOLING",,,,,,,,,74.03,"AUSTECH SAW AND TOOLING",,,,,,
"PO00109","A0000697","AJM-SIGN",,,"AG00001","Paint, Coatings & Plating",3,"L00537",105,10.5,115.5,35,"$",105,10.5,115.5,35,"Received","Received","Admin","04/09/2025","04/09/2025","27/08/2025",,"25/08/2025",63228,"27/08/2025","30/09/2025",,0,"V00279","SOUTHERN STAINLESS",,"STOCK","Y","DAVID C",,"Y",,,,"SOUTHERN STAINLESS",,,,,,
"PO00108","A0000450-del1769723745","22.3KG PLAIN CARBON RAIL JIS E1103 12.19M ID 102438",,102438,"AG00004","Blue Water Engineering",1,"L00533",2559.39,255.94,2815.33,2559.39,"AUD",2559.39,255.94,2815.33,2559.39,"Received","Received","Kemal","03/09/2025","03/09/2025","29/09/2025",,"03/09/2025",23729112,"19/09/2025","19/09/2025",,26,"V00125","INFRABUILD STEEL CENTRE",,,,,,,,,2559.35,"INFRABUILD STEEL  CENTRE",,,,,,
"PO00108","A00141","FREIGHT INWARD",,,"AG00011","FREIGHT INWARD",1,"L00534",63,6.3,69.3,63,"AUD",63,6.3,69.3,63,"Received","Received","Kemal","03/09/2025","03/09/2025","29/09/2025",,"03/09/2025",23729112,"19/09/2025","19/09/2025",,26,"V00125","INFRABUILD STEEL CENTRE",,,,,,,,,,,,,,,,
"PO00107","10mm Plate Mild Steel AS 3678 Grade 250","10mm Plate Mild Steel AS 3678 Grade 250","2400 x 1200",,"AG00009.11","Material Raw Sheet & Plate Mild Steel",1,"L00531",366.8,36.68,403.48,366.8,"AUD",366.8,36.68,403.48,366.8,"Received","Received","Kemal","03/09/2025","03/09/2025","05/09/2025",,"03/09/2025",2574752,"05/09/2025","30/10/2025",,2,"V00251","VULCAN COIL DIVISION",,,,,,,,,,,,,,,,
"PO00107","5mm mild steel plate AS 3678 Grade 250-del1768883120","5mm mild steel plate AS 3678 Grade 250","3000 x 1500",,,,3,"L00535",800.28,80.03,880.31,266.76,"AUD",800.28,80.03,880.31,266.76,"Received","Received","Kemal","03/09/2025","05/09/2025","05/09/2025",,"03/09/2025",2574752,"05/09/2025","30/10/2025",,0,"V00251","VULCAN COIL DIVISION",,,,,,,,,,,,,,,,
"PO00107","A00141","FREIGHT INWARD",,,"AG00011","FREIGHT INWARD",1,"L00532",95,9.5,104.5,95,"AUD",95,9.5,104.5,95,"Received","Received","Kemal","03/09/2025","03/09/2025","05/09/2025",,"03/09/2025",2574752,"05/09/2025","30/10/2025",,2,"V00251","VULCAN COIL DIVISION",,,,,,,,,,,,,,,,
"PO00105","APL508310122","ALUM PL 5083 H116 10 X 1200 X 2400",,,"AG00009.10","Material Raw Sheet & Plate Aluminium",1,"L00527",550,55,605,550,"$",550,55,605,550,"Received","Received","Admin","01/09/2025","01/09/2025","27/08/2025",6987,"26/08/2025","013009IB","27/08/2025","30/09/2025",,0,"V00105","TSM - THE STEEL MARKET PTY. LTD",,"STOCK","Y","DERRYN F",,"Y",,,550.00,"THE STEEL MARKET",,,,,,
"PO00105","APL5083121224","ALUM PL 5083 H116 12.00MM X 1200X2400",,,"AG00009.11","Material Raw Sheet & Plate Mild Steel",1,"L00526",720,72,792,720,"$",720,72,792,720,"Received","Received","Admin","01/09/2025","01/09/2025","27/08/2025",6987,"26/08/2025","013009IB","27/08/2025","30/09/2025",,0,"V00105","TSM - THE STEEL MARKET PTY. LTD",,"STOCK","Y","DERRYN F",,"Y",,,720.00,"THE STEEL MARKET",,,,,,
"PO00104","A0000216","ZINC PLATING PARTS","ZINC PLATING PARTS UOM",,"AG00004.1","Vaclift",1,"L00525",288.67,28.87,317.54,288.67,"AUD",288.67,28.87,317.54,288.67,"Received","Received","Admin","01/09/2025","01/09/2025","23/08/2025",6976,"11/08/2025","INV-21555","21/08/2025","23/08/2025",,0,"V00122","GOLD COAST ELECTROPLATING",,"STOCK",,"DAVID C",,,,,,,,,,,,
"PO00101","A00140","VACLIFT HI VAC BACKING PLATES TO BE RUBBER BONDED",,,"AG00001","Paint, Coatings & Plating",43,"L00524",3691.55,369.16,4060.71,85.85,"$",3691.55,369.16,4060.71,85.85,"Received","Received","David C","01/09/2025","01/09/2025","01/10/2025",,"01/09/2025","PF45830","03/09/2025","10/09/2025",,30,"CU0001","ALLIED RUBBER",,,,,,,,,85.85,,,,,,,
"PO00100","TB065_2280_001_REV A","Tool Bar 2280 L to Suit Frame 570 W RHS 70 L CTS 1000 kg W.L.L.","ZINCPLATE",,"AG00004.1","Vaclift",1,,144.33,14.43,158.76,144.33,"$",144.33,14.43,158.76,144.33,"Received","Received","Kemal","26/08/2025","29/08/2025","23/08/2025",6976,"15/08/2025","INV-21555","21/08/2025","23/08/2025",,0,"V00122","GOLD COAST ELECTROPLATING",,"STOCK",,"DAVID C",,,,,,,,,,,,
"PO00100","TB065_2280_009","Tool Bar 2280 L to Suit FVL Pallet Rack NT 1000 kg W.L.L.","ZINCPLATE",,"AG00004.1","Vaclift",1,,144.35,14.44,158.79,144.35,"$",144.35,14.44,158.79,144.35,"Received","Received","Kemal","26/08/2025","29/08/2025","23/08/2025",6976,"15/08/2025","INV-21555","21/08/2025","23/08/2025",,0,"V00122","GOLD COAST ELECTROPLATING",,"STOCK",,"DAVID C",,,,,,,,,,,,
"PO00099","SPD_BAR_065_1000_003","Spreader 65mm 1000mm to Suit FVL Pallet Rack Weldment","ZINCPLATE",,"AG00004.1","Vaclift",2,,100,10,110,50,"$",100,10,110,50,"Received","Received","Kemal","26/08/2025","26/08/2025","05/09/2025",,"26/08/2025",21684,"04/09/2025","06/09/2025",,10,"V00122","GOLD COAST ELECTROPLATING",,,,,,,,,,,,,,,,
"PO00099","TB065_2280_009","Tool Bar 2280 L to Suit FVL Pallet Rack NT 1000 kg W.L.L.","ZINCPLATE",,"AG00004.1","Vaclift",1,,41.77,4.18,45.95,41.77,"$",41.77,4.18,45.95,41.77,"Received","Received","Kemal","26/08/2025","26/08/2025","05/09/2025",,"26/08/2025",21684,"04/09/2025","06/09/2025",,10,"V00122","GOLD COAST ELECTROPLATING",,,,,,,,,,,,,,,,
"PO00096","1407/42","ANTI SPATTER WELDGUARD 5L",,"1407/42","AG000011","WORKSHOP GENERAL SUPPLIES",1,"L00516",29,2.9,31.9,29,"$",29,2.9,31.9,29,"Received","Received","David C","25/08/2025","25/08/2025","27/08/2025",,"25/08/2025",4039895062,"26/08/2025","30/10/2025",,2,"V1210369","BOC GASES",,,,,,,,,,,,,,,,
"PO00095","12mm Plate Aluminium 5083","12mm Plate Aluminium 5083","2 x 2400 x 1200",,"AG00009.10","Material Raw Sheet & Plate Aluminium",5.76,"L00494",1503.36,150.34,1653.7,261,"$",1503.36,150.34,1653.7,261,"Received","Received","Kemal","21/08/2025","21/08/2025","28/08/2025",,"21/08/2025","012994IB","27/08/2025","30/09/2025",,7,"V00105","TSM - THE STEEL MARKET PTY. LTD",,"Stock","Y","DAVID C",,"Y",,,,,,,,,,
"PO00093","A0000259","3404 1/4"" FBSP EXTRUDED ELBOW",,,"AG00004.1","Vaclift",3,"L00481",21.6,2.16,23.76,7.2,"AUD",21.6,2.16,23.76,7.2,"Received","Received","Admin","21/08/2025","21/08/2025","18/08/2025",6954,"15/08/2025",1357944,"18/08/2025","30/09/2025","18/08/2025",0,"V00293","HOSE SUPPLIERS AUSTRALIA",,,,,,,,,7.20,,,,,,,
"PO00092",62200051,"CARTRIDGE VALVE BODY - 8/2 WAY, 3/8"" BSPP, 350 BAR",,,,,1,"L00492",39.6,3.96,43.56,39.6,"AUD",39.6,3.96,43.56,39.6,"Received","Received","Admin","21/08/2025","21/08/2025","22/08/2025",,"21/08/2025",1,"01/10/2025",,"21/08/2025",1,"V00202","HYDRAULICS NETWORK",,"STOCK",,"DAVID C",,,,,,,,,,,,
"PO00092","DP-LED-DC","DIN 43650 PLUG LED DC",,,,,2,"L00491",13,1.3,14.3,6.5,"AUD",13,1.3,14.3,6.5,"Received","Received","Admin","21/08/2025","21/08/2025","22/08/2025",,"21/08/2025",1,"01/10/2025",,"21/08/2025",1,"V00202","HYDRAULICS NETWORK",,"STOCK",,"DAVID C",,,,,,,,,,,,
"PO00092","EC36012DC","CARTRIDGE VALVE COIL 22W 13.2MM CORE, 12V DC",,,,,1,"L00490",20,2,22,20,"AUD",20,2,22,20,"Received","Received","Admin","21/08/2025","21/08/2025","22/08/2025",,"21/08/2025",1,"01/10/2025",,"21/08/2025",1,"V00202","HYDRAULICS NETWORK",,"STOCK",,"DAVID C",,,,,,,,,,,,
"PO00092","ED082B-CNN","EDC9 - CARTRIDGE VALVE - 8 CAVITY DNC 40LPM",,,,,1,"L00489",184.8,18.48,203.28,184.8,"AUD",184.8,18.48,203.28,184.8,"Received","Received","Admin","21/08/2025","21/08/2025","22/08/2025",,"21/08/2025",1,"01/10/2025",,"21/08/2025",1,"V00202","HYDRAULICS NETWORK",,"STOCK",,"DAVID C",,,,,,,,,,,,
"PO00092","STBF380","FLOW CONTROL, INLINE, 3/8""BSPP 30IPM 400BAR",,,,,1,"L00493",52.8,5.28,58.08,52.8,"AUD",52.8,5.28,58.08,52.8,"Received","Received","Admin","21/08/2025","21/08/2025","22/08/2025",,"21/08/2025",1,"01/10/2025",,"21/08/2025",1,"V00202","HYDRAULICS NETWORK",,"STOCK",,"DAVID C",,,,,,,,,,,,
"PO00091","A00141","FREIGHT INWARD","FREIGHT",,"AG00011","FREIGHT INWARD",1,"L00536",23.98,2.4,26.38,23.98,"AUD",23.98,2.4,26.38,23.98,"Received","Received","David C","21/08/2025","04/09/2025","04/09/2025",,"01/09/2025",1806278,"01/09/2025","05/09/2025",,0,"V00042","ALTRONICS",,,,,,,,,,,,,,,,
"PO00091","P2512","Term block 2way 5.08 line (compressor)",,,"AG00005.3","Electrical",10,"L00475",4.8,0.48,5.28,0.48,"AUD",4.8,0.48,5.28,0.48,"Received","Received","David C","21/08/2025","04/09/2025","04/09/2025",,"01/09/2025",1806278,"01/09/2025","05/09/2025",,0,"V00042","ALTRONICS",,,,,,,,,"$1.36",,,,"www.techbrands.com","'-",,
"PO00091","P2520","Term block line plugable 10 way 5.08",,,"AG00005.3","Electrical",12,"L00474",29.16,2.92,32.08,2.43,"AUD",29.16,2.92,32.08,2.43,"Received","Received","David C","21/08/2025","04/09/2025","04/09/2025",,"01/09/2025",1806278,"01/09/2025","05/09/2025",,0,"V00042","ALTRONICS",,,,,,,,,"$2.43",,,,"'-","'-",,
"PO00091","P2580","Socket PCB 10way vertical dinkle 5.08",,,"AG00005.3","Electrical",12,"L00473",10.56,1.06,11.62,0.88,"AUD",10.56,1.06,11.62,0.88,"Received","Received","David C","21/08/2025","04/09/2025","04/09/2025",,"01/09/2025",1806278,"01/09/2025","05/09/2025",,0,"V00042","ALTRONICS",,,,,,,,,"$1.20","Altronics",,,"'-","'-",,
"PO00091","VLPE-008","Battery 12V 1.2AH",,"S4517","AG00005.3","Electrical",3,"L00472",34.8,3.48,38.28,11.6,"AUD",34.8,3.48,38.28,11.6,"Received","Received","David C","21/08/2025","04/09/2025","04/09/2025",,"01/09/2025",1806278,"01/09/2025","05/09/2025",,0,"V00042","ALTRONICS",,,,,,,,,"$15.70","battery central southport",,,"altronics","'-","S4517",
"PO00091","VLPE-118","Socket PCB 2way VTL (compressor) 5.08 green",,"P2572","AG00005.3","Electrical",15,"L00478",3,0.3,3.3,0.2,"AUD",3,0.3,3.3,0.2,"Received","Received","David C","21/08/2025","21/08/2025","04/09/2025",,"01/09/2025",1806278,"01/09/2025","05/09/2025",,14,"V00042","ALTRONICS",,,,,,,,,".59c",,,,"www.techbrands.com","'-",,
"PO00091","VLPE-163","300x300mm single sided PCB board blank",,"H0755","AG00005.3","Electrical",4,"L00477",116.96,11.7,128.66,29.24,"AUD",116.96,11.7,128.66,29.24,"Received","Received","David C","21/08/2025","04/09/2025","04/09/2025",,"01/09/2025",1806278,"01/09/2025","05/09/2025",,0,"V00042","ALTRONICS",,,,,,,,,,,,,,,,
"PO00090",1200,"15MM YELLOW POLY STRAPPING X 1000M",,1200,"AG000011","WORKSHOP GENERAL SUPPLIES",1,"L00469",29.76,2.98,32.74,29.76,"$",29.76,2.98,32.74,29.76,"Received","Received","Admin","20/08/2025","20/08/2025","19/08/2025",6980,"15/08/2025","INV490099","20/08/2025","30/09/2025",,0,"V00113","ABL DISTRIBUTION",,"STOCK","Y","DAVID C",,,,,29.76,"ABL DISTRIBUTION",,,,,,
"PO00090",4159,"P03 3MM POLYFOAM 1.2MX100M",,4159,"AG000011","WORKSHOP GENERAL SUPPLIES",1,"L00470",155,15.5,170.5,155,"$",155,15.5,170.5,155,"Received","Received","Admin","20/08/2025","20/08/2025","19/08/2025",6980,"15/08/2025","INV490099","20/08/2025","30/09/2025",,0,"V00113","ABL DISTRIBUTION",,"STOCK","Y","DAVID C",,,,,155.00,"ABL DISTRIBUTION",,,,,,
"PO00089","A0000633","M830SHCSKZ - M8X30 CSK SOCKET SCREW Z/P 10.9",,"M830SHCSKZ","AG00004.1","Vaclift",100,"L00464",29,2.9,31.9,0.29,"$",29,2.9,31.9,0.29,"Received","Received","Admin","19/08/2025","19/08/2025","18/08/2025",,"15/08/2025","INV-45775","15/08/2025","30/09/2025",,0,"V00128","BUILD IT FASTENERS",,,,,,,,,0.29,"BUILD IT FASTENERS",,,,,,
"PO00089","A0000634","M8NYLOCZP - M8 NYLOC Z/P",,"M8NYLOCZP","AG00004.1","Vaclift",200,"L00465",10,1,11,0.05,"$",10,1,11,0.05,"Received","Received","Admin","19/08/2025","19/08/2025","18/08/2025",,"15/08/2025","INV-45775","15/08/2025","30/09/2025",,0,"V00128","BUILD IT FASTENERS",,,,,,,,,0.05,"BUILD IT FASTENERS",,,,,,
"PO00089","A0000635","M8WZP - M8 WASHER Z/P",,"M8WZP","AG00012","VACLIFT SERVICE",500,"L00466",15,1.5,16.5,0.03,"$",15,1.5,16.5,0.03,"Received","Received","Admin","19/08/2025","19/08/2025","18/08/2025",,"15/08/2025","INV-45775","15/08/2025","30/09/2025",,0,"V00128","BUILD IT FASTENERS",,,,,,,,,0.03,"BUILD IT FASTENERS",,,,,,
"PO00089","A0000636","BT39 - BOSTON SPRAY PAINT 250G GLOSS BLACK",,"BT39","AG00004.1","Vaclift",2,"L00467",13.9,1.39,15.29,6.95,"$",13.9,1.39,15.29,6.95,"Received","Received","Admin","19/08/2025","19/08/2025","18/08/2025",,"15/08/2025","INV-45775","15/08/2025","30/09/2025",,0,"V00128","BUILD IT FASTENERS",,,,,,,,,6.95,"BUILD IT FASTENERS",,,,,,
"PO00089","A0000638","BT51 - BOSTON SPRAY PAINT 250G SATIN BLACK",,"BT51","AG00004.1","Vaclift",2,"L00468",13.9,1.39,15.29,6.95,"$",13.9,1.39,15.29,6.95,"Received","Received","Admin","19/08/2025","19/08/2025","18/08/2025",,"15/08/2025","INV-45775","15/08/2025","30/09/2025",,0,"V00128","BUILD IT FASTENERS",,,,,,,,,6.95,"BUILD IT FASTENERS",,,,,,
"PO00088","PAC_CVLB_001","CVLB TB_2280",,,"AG00004.1","Vaclift",1,"L00461",200,20,220,200,"AUD",200,20,220,200,"Received","Received","David C","18/08/2025","01/09/2025","01/10/2025",,"22/08/2025",00010459,"01/10/2025","01/10/2025",,30,"V00290","NERANG CABINETS",,,,,,,,,,,,,,,,
"PO00087","A0000622","CUT OFF 500MM OF 100X100X12MM ANGLE","CUT OFF 500 OF 100X100X12MM ANLE",,"AG00004.1","Vaclift",1,"L00462",150,15,165,150,"$",150,15,165,150,"Received","Received","David C","15/08/2025","18/08/2025","18/08/2025",,"15/08/2025",63165,"18/08/2025","30/09/2025",,0,"V00279","SOUTHERN STAINLESS",,"STOCK","Y","DAVID C",,"Y",,,,,,,,,,
"PO00087","VLPA-076","CORREGATED VAC PAD ASSEMBLY","ELECTRO POLISH",,"AG00005.2","Air System",5,,100,10,110,20,"$",100,10,110,20,"Received","Received","David C","15/08/2025","15/08/2025","18/08/2025",,"15/08/2025",63165,"18/08/2025","30/09/2025",,3,"V00279","SOUTHERN STAINLESS",,"STOCK","Y","DAVID C",,"Y",,,,,,,,,,
"PO00085","A0000560","F190","7.5KG",,"AG000011","WORKSHOP GENERAL SUPPLIES",1,"L00457",455.4,45.54,500.94,455.4,"AUD",455.4,45.54,500.94,455.4,"Received","Received","Admin","14/08/2025","14/08/2025","31/08/2025",,"14/08/2025",402046,"14/08/2025","15/08/2025",,17,"V00307","BARNES MOULDING AND CASTING SUPPLIES",,,,,,,,,121.00,"BARNES MOULDING & CASTING SUPPLIES",,,,,,
"PO00085","A0000580","VARIO 15 SILICONE RUBBER - 5.50KG",,,"AG00004.1","Vaclift",1,"L00456",316.8,31.68,348.48,316.8,"AUD",316.8,31.68,348.48,316.8,"Received","Received","Admin","14/08/2025","14/08/2025","31/08/2025",,"14/08/2025",402046,"14/08/2025","15/08/2025",,17,"V00307","BARNES MOULDING AND CASTING SUPPLIES",,,,,,,,,352.00,"BARNES MOULDING AND CASTING SUPPLIES",,,,,,
"PO00085","A00141","FREIGHT INWARD",,,"AG00011","FREIGHT INWARD",1,"L00458",7.8,0.78,8.58,7.8,"AUD",7.8,0.78,8.58,7.8,"Received","Received","Admin","14/08/2025","14/08/2025","31/08/2025",,"14/08/2025",402046,"14/08/2025","15/08/2025",,17,"V00307","BARNES MOULDING AND CASTING SUPPLIES",,,,,,,,,,,,,,,,
"PO00084","A0000611","M16908.8HBOZP - M16X90 HEX BOLT",,"M16908.8HBOZP","AG00004.1","Vaclift",20,"L00455",17.8,1.78,19.58,0.89,"$",17.8,1.78,19.58,0.89,"Received","Received","Admin","14/08/2025","14/08/2025","14/08/2025",,"13/08/2025","INV-45725","13/08/2025","30/09/2025",,0,"V00128","BUILD IT FASTENERS",,,,,,,,,19.58,"BUILD IT FASTENERS",,,,,,
"PO00083","ATK_W_0001","1.5L Air Tank Weldment","POWDER COAT AS PER DRAWING",,"AG00004.1","Vaclift",11,,220,22,242,20,"$",220,22,242,20,"Received","Received","David C","14/08/2025","25/08/2025","22/08/2025",,"20/08/2025","INV-BPC18727","27/08/2025","30/10/2025",,0,"V00183","BUNDALL POWDER COATING",,"STOCK","Y","DAVID C",,"Y",,,,,,,,,,
"PO00082","BWE/005","CONTOUR PAD SEAL 1363 SILCONE 30-35 SDH (BLUE)",,,"AG00004.1","Vaclift",200,"L00451",4510,451,4961,22.55,"$",4510,451,4961,22.55,"Received","Received","David C","14/08/2025","25/09/2025","01/09/2025",,"14/08/2025","PF 45755","14/08/2025","01/09/2025",,0,"CU0001","ALLIED RUBBER",,,,,,,,,,,,,,,,
"PO00081","A0000610","MS60 MACHINE SOLID 2011 T6 60.0MM X 3.6 MTR",,"MS60","AG00004","Blue Water Engineering",1.5,"L00450",191.52,19.15,210.67,127.68,"AUD",191.52,19.15,210.67,127.68,"Received","Received","Admin","13/08/2025","13/08/2025","13/08/2025",,"12/08/2025",75217965,"13/08/2025","30/09/2025",,0,"V00114","ACTION ALUMINIUM",,,,,,"N",,,127.68,"ACTION ALUMINIUM",,,,,,
"PO00080","A0000244","GFDSS12540 - ALPHA 125X22.2MM 40G ZIRCONIA FLAP DISC",,,"AG00004.1","Vaclift",10,"L00443",73,7.3,80.3,7.3,"AUD",73,7.3,80.3,7.3,"Received","Received","Admin","13/08/2025","13/08/2025","13/08/2025",6977,"12/08/2025","INV-45699","12/08/2025","30/09/2025","13/08/2025",0,"V00128","BUILD IT FASTENERS",,,,,,,,,6.57,,,,,,,
"PO00080","A0000601","MX3-300 - INOX MX3 LUBRICANT 300G AEROSOL",,"MX3-300","AG00004.1","Vaclift",2,"L00440",23,2.3,25.3,11.5,"AUD",23,2.3,25.3,11.5,"Received","Received","Admin","13/08/2025","13/08/2025","13/08/2025",6977,"12/08/2025","INV-45699","12/08/2025","30/09/2025","13/08/2025",0,"V00128","BUILD IT FASTENERS",,,,,,,,,11.50,"BUILD IT FASTENERS",,,,,,
"PO00080","A0000602","CT-SCF-300 - CHEMTOOLS STRAIGHT CUTTING FLUID AEROSOL 300G",,"CT-SCF-300","AG00004.1","Vaclift",1,"L00441",18.5,1.85,20.35,18.5,"AUD",18.5,1.85,20.35,18.5,"Received","Received","Admin","13/08/2025","13/08/2025","13/08/2025",6977,"12/08/2025","INV-45699","12/08/2025","30/09/2025","13/08/2025",0,"V00128","BUILD IT FASTENERS",,,,,,,,,18.50,"BUILD IT FASTENERS",,,,,,
"PO00080","A0000603","METH1L - METHYLATED SPIRITS 1 LTR",,"METH1L","AG00004.1","Vaclift",1,"L00442",8.2,0.82,9.02,8.2,"AUD",8.2,0.82,9.02,8.2,"Received","Received","Admin","13/08/2025","13/08/2025","13/08/2025",6977,"12/08/2025","INV-45699","12/08/2025","30/09/2025","13/08/2025",0,"V00128","BUILD IT FASTENERS",,,,,,,,,8.20,"BUILD IT FASTENERS",,,,,,
"PO00080","A0000604","STC06020A2",,"STC06020A2","AG00004.1","Vaclift",200,"L00444",6.4,0.64,7.04,0.032,"AUD",6.4,0.64,7.04,0.032,"Received","Received","Admin","13/08/2025","13/08/2025","13/08/2025",6977,"12/08/2025","INV-45699","12/08/2025","30/09/2025","13/08/2025",0,"V00128","BUILD IT FASTENERS",,,,,,,,,0.032,"BUILD IT FASTENERS",,,,,,
"PO00080","A0000605","M620CHBNZP - M6X20 CUP HEAD BOLT & NUT 4.6 Z/P",,"M620CHBNZP","AG00004.1","Vaclift",200,"L00445",11.8,1.18,12.98,0.059,"AUD",11.8,1.18,12.98,0.059,"Received","Received","Admin","13/08/2025","13/08/2025","13/08/2025",6977,"12/08/2025","INV-45699","12/08/2025","30/09/2025","13/08/2025",0,"V00128","BUILD IT FASTENERS",,,,,,,,,0.059,"BUILD IT FASTENERS",,,,,,
"PO00080","A0000606","M825CHBNZ - M8X25 CUP HEAD BOLT AND NUT 4.6 Z/P",,"M825CHBNZ","AG00004.1","Vaclift",200,"L00446",23.2,2.32,25.52,0.116,"AUD",23.2,2.32,25.52,0.116,"Received","Received","Admin","13/08/2025","13/08/2025","13/08/2025",6977,"12/08/2025","INV-45699","12/08/2025","30/09/2025","13/08/2025",0,"V00128","BUILD IT FASTENERS",,,,,,,,,0.116,"BUILD IT FASTENERS",,,,,,
"PO00080","A0000608","M6WZPE - M6X12.5X1.2 ENG WASHER Z/P",,"M6WZPE","AG00004.1","Vaclift",200,"L00447",4,0.4,4.4,0.02,"AUD",4,0.4,4.4,0.02,"Received","Received","Admin","13/08/2025","13/08/2025","13/08/2025",6977,"12/08/2025","INV-45699","12/08/2025","30/09/2025","13/08/2025",0,"V00128","BUILD IT FASTENERS",,,,,,,,,0.02,"BUILD IT FASTENERS",,,,,,
"PO00080","A0000609","M10NYLOCZP - M10 NYLOC ZP",,"M10NYLOCZP","AG00004.1","Vaclift",50,"L00449",4.5,0.45,4.95,0.09,"AUD",4.5,0.45,4.95,0.09,"Received","Received","Admin","13/08/2025","13/08/2025","13/08/2025",6977,"12/08/2025","INV-45699","12/08/2025","30/09/2025","13/08/2025",0,"V00128","BUILD IT FASTENERS",,,,,,,,,0.09,"BUILD IT FASTENERS",,,,,,
"PO00080","DELETEME WHEN STOCK IS GONE-del1778625626","M8 Flat Washer",,"M8WZPE","AG00004.1","Vaclift",200,"L00448",4,0.4,4.4,0.02,"AUD",4,0.4,4.4,0.02,"Received","Received","Admin","13/08/2025","13/08/2025","13/08/2025",6977,"12/08/2025","INV-45699","12/08/2025","30/09/2025","13/08/2025",0,"V00128","BUILD IT FASTENERS",,,,,,,,,,,,,,,,
"PO00079","A0000599","QFFH-F08 1/2 BSPPF 1/2 FFH FQRC","1/2 BSPPF 1/2 FFH FQRC",,"AG00004.1","Vaclift",1,"L00437",150.95,15.1,166.05,150.95,"AUD",150.95,15.1,166.05,150.95,"Received","Received","Admin","12/08/2025","12/08/2025","03/07/2025",,"03/07/2025",24412,"03/07/2025","31/07/2025",,0,"V00093","HYDRAULINK HOSE AND FITTINGS",,,,,,,,,150.95,"HYDRAULINK HOSE AND FITTINGS",,,,,,
"PO00079","A0000600","B-G-0812 1/2 BSPPM 3/4 JICM","1/2 BSPPM 3/4 JICM",,"AG00004.1","Vaclift",1,"L00438",12.47,1.25,13.72,12.47,"AUD",12.47,1.25,13.72,12.47,"Received","Received","Admin","12/08/2025","12/08/2025","03/07/2025",,"03/07/2025",24412,"03/07/2025","31/07/2025",,0,"V00093","HYDRAULINK HOSE AND FITTINGS",,,,,,,,,12.47,"HYDRAULINK HOSE AND FITTINGS",,,,,,
"PO00077","PAC_CVL_001","PACKING CRATE TO SUIT CVL AIR TANK IN POSITION TB2280",,,"AG00004.1","Vaclift",1,"L00517",0,0,0,0,"AUD",0,0,0,0,"Received","Received","David C","12/08/2025","01/09/2025","01/10/2025",,"22/08/2025",00010460,"01/10/2025","01/10/2025",,30,"V00290","NERANG CABINETS",,0,,,,,,,,,,,,,,
"PO00077","PAC_FVLNT_002","FVL NT TB 1800 PACKING CRATE",,,"AG00004.1","Vaclift",1,"L00436",0,0,0,0,"AUD",0,0,0,0,"Received","Received","David C","12/08/2025","26/08/2025","01/10/2025",,"22/08/2025",00010460,"01/10/2025","01/10/2025",,36,"V00290","NERANG CABINETS",,0,,,,,,,,,,,,,,
"PO00077","PAC_FVLPR_001 - FVLPR TB_2280","FVLPR TB 2280 PACKING CRATE",,,"AG00004.1","Vaclift",1,"L00434",550,55,605,550,"AUD",550,55,605,550,"Received","Received","David C","12/08/2025","26/08/2025","01/10/2025",,"22/08/2025",00010460,"01/10/2025","01/10/2025",,36,"V00290","NERANG CABINETS",,0,,,,,,,,,,,,,,
"PO00075","A0000590","2.4MM COLLET TO SUIT WP-17V TIG TORCH",,,"AG000011","WORKSHOP GENERAL SUPPLIES",5,"L00429",16.4,1.64,18.04,3.28,"$",16.4,1.64,18.04,3.28,"Received","Received","David C","12/08/2025","13/08/2025","12/08/2025",,"12/08/2025",00035168,"12/08/2025","12/08/2025",,0,"V00259","GOLD COAST WELDING SUPPLIES",,,,,,,,,,,,,,,,
"PO00075","A0000591","ALUMINIUM FILLER WIRE 2.4MM 2KG PACK",,,"AG000011","WORKSHOP GENERAL SUPPLIES",2,"L00430",44.8,4.48,49.28,22.4,"$",44.8,4.48,49.28,22.4,"Received","Received","David C","12/08/2025","13/08/2025","12/08/2025",,"12/08/2025",00035168,"12/08/2025","12/08/2025",,0,"V00259","GOLD COAST WELDING SUPPLIES",,,,,,,,,,,,,,,,
"PO00075","A0000592","1.6MM COLLET TO SUIT WP-17V TIG TORCH",,,"AG000011","WORKSHOP GENERAL SUPPLIES",5,"L00431",16.4,1.64,18.04,3.28,"$",16.4,1.64,18.04,3.28,"Received","Received","David C","12/08/2025","13/08/2025","12/08/2025",,"12/08/2025",00035168,"12/08/2025","12/08/2025",,0,"V00259","GOLD COAST WELDING SUPPLIES",,,,,,,,,,,,,,,,
"PO00074","ROTB_65_101_040_001","Rotator Bearing to Suit TB65 40mm L Weldment","ZINCPLATE",,"AG00004.1","Vaclift",20,,20,2,22,1,"$",20,2,22,1,"Received","Received","David C","12/08/2025","29/08/2025","04/09/2025",,"18/08/2025",21684,"04/09/2025","09/09/2025",,6,"V00122","GOLD COAST ELECTROPLATING",,"STOCK","Y","DAVID C",,,,,,,,,,,,
"PO00074","TB065_2280_001_REV A","Tool Bar 2280 L to Suit Frame 570 W RHS 70 L CTS 1000 kg W.L.L.","ZINCPLATE",,"AG00004.1","Vaclift",10,,30,3,33,3,"$",30,3,33,3,"Received","Received","David C","12/08/2025","29/08/2025","04/09/2025",,"18/08/2025",21684,"04/09/2025","09/09/2025",,6,"V00122","GOLD COAST ELECTROPLATING",,"STOCK","Y","DAVID C",,,,,,,,,,,,
"PO00071","A0000587","M24NZ",,"M24NZ","AG00004.1","Vaclift",16,"L00404",14,1.4,15.4,0.875,"$",14,1.4,15.4,0.875,"Received","Received","Admin","11/08/2025","11/08/2025","06/08/2025",,"06/08/2025","INV-45531","06/08/2025","30/09/2025",,0,"V00128","BUILD IT FASTENERS",,,,,,,,,0.875,"BUILD IT FASTENERS",,,,,,
"PO00071","A0000588","M24WZP - M24 WASHER Z/P",,"M24WZP","AG00004.1","Vaclift",16,"L00405",6.4,0.64,7.04,0.4,"$",6.4,0.64,7.04,0.4,"Received","Received","Admin","11/08/2025","11/08/2025","06/08/2025",,"06/08/2025","INV-45531","06/08/2025","30/09/2025",,0,"V00128","BUILD IT FASTENERS",,,,,,,,,0.40,"BUILD IT FASTENERS",,,,,,
"PO00070","A0000584","8518 PROTECTION TAPE 120MMX90M",,8590,"AG00004","Blue Water Engineering",2,"L00401",100.52,10.05,110.57,50.26,"$",100.52,10.05,110.57,50.26,"Received","Received","Admin","11/08/2025","11/08/2025","07/08/2025",,"05/08/2025","IN487444","07/08/2025","30/09/2025",,0,"V00113","ABL DISTRIBUTION",,"STOCK","Y","DAVID C",,,,,50.26,"ABL DISTRIBUTION",,,,,,
"PO00070","A0000585","18099 BLACK MAXSTRETCH XTREME 500MMX300M 15UM",,18099,"AG00004","Blue Water Engineering",10,"L00402",212.5,21.25,233.75,21.25,"$",212.5,21.25,233.75,21.25,"Received","Received","Admin","11/08/2025","11/08/2025","07/08/2025",,"05/08/2025","IN487444","07/08/2025","30/09/2025",,0,"V00113","ABL DISTRIBUTION",,"STOCK","Y","DAVID C",,,,,21.25,"ABL DISTRIBUTION",,,,,,
"PO00070","A0000586","1805 BLACK BUNDLING FILM 100MMX250M 20UM CAST",,1805,"AG00004","Blue Water Engineering",10,"L00403",89.5,8.95,98.45,8.95,"$",89.5,8.95,98.45,8.95,"Received","Received","Admin","11/08/2025","11/08/2025","07/08/2025",,"05/08/2025","IN487444","07/08/2025","30/09/2025",,0,"V00113","ABL DISTRIBUTION",,"STOCK","Y","DAVID C",,,,,8.95,"ABL DISTRIBUITORS",,,,,,
"PO00069","A0000583","BWE-ANG 100X100X12MM ANGLE","CUT OFF 500MM OF 100X100X12MM ANGLE",,"AG00004","Blue Water Engineering",1,"L00400",120,12,132,120,"AUD",120,12,132,120,"Received","Received","Admin","11/08/2025","11/08/2025","07/08/2025",,"05/08/2025",23131,"07/08/2025","30/09/2025",,0,"V00279","SOUTHERN STAINLESS",,"STOCK","Y","DAVID C",,"Y",,,120.00,"SOUTHERN STAINLESS",,,,,,
"PO00068","A0000582","APL508351224",,,"AG00009.10","Material Raw Sheet & Plate Aluminium",4,"L00398",1180,118,1298,295,"$",1180,118,1298,295,"Received","Received","Admin","08/08/2025","08/08/2025","06/08/2025",,"31/07/2025","012532IB","05/08/2025","30/09/2025",,0,"V00105","TSM - THE STEEL MARKET PTY. LTD",,"STOCK","Y","DAVID C",,"Y",,,295.00,"THE STEEL MARKET",,,,,,
"PO00068","A00141","FREIGHT INWARD",,,"AG00011","FREIGHT INWARD",1,"L00399",45,4.5,49.5,45,"$",45,4.5,49.5,45,"Received","Received","Admin","08/08/2025","08/08/2025","06/08/2025",,"31/07/2025","012532IB","05/08/2025","30/09/2025",,0,"V00105","TSM - THE STEEL MARKET PTY. LTD",,"STOCK","Y","DAVID C",,"Y",,,,,,,,,,
"PO00067","A0000580","VARIO 15 SILICONE RUBBER - 5.50KG","VARIO 15 SILICONE RUBBER - 5.50KG",,"AG00004.1","Vaclift",1,"L00396",352,35.2,387.2,352,"AUD",352,35.2,387.2,352,"Received","Received","Admin","08/08/2025","08/08/2025","11/08/2025",,"08/08/2025",401912,"08/08/2025","09/08/2025",,3,"V00307","BARNES MOULDING AND CASTING SUPPLIES",,,,,,,,,352.00,"BARNES MOULDING AND CASTING SUPPLIES",,,,,,
"PO00067","A0000581","SILICONE PIGMENTS 50GM - LIGHT BLUE","SILICONE PIGMENTS 50GM - LIGHT BLUE",,"AG00004.1","Vaclift",1,"L00397",17.75,1.78,19.53,17.75,"AUD",17.75,1.78,19.53,17.75,"Received","Received","Admin","08/08/2025","08/08/2025","11/08/2025",,"08/08/2025",401912,"08/08/2025","09/08/2025",,3,"V00307","BARNES MOULDING AND CASTING SUPPLIES",,,,,,,,,17.60,"BARNES MOULDING & CASTING SUPPLIES",,,,,,
"PO00066","A0000579","SDH10016G16 - 10-16X16 SELF DRILL HEX WASHER HEAD",,,"AG00004.1","Vaclift",100,"L00370",3,0.3,3.3,0.03,"AUD",3,0.3,3.3,0.03,"Received","Received","Admin","08/08/2025","08/08/2025","08/08/2025",,"07/08/2025","INV-45602","07/08/2025","30/09/2025",,0,"V00128","BUILD IT FASTENERS",,"STOCK","Y","DAVID C",,,,,0.03,"BUILD IT FASTENERS",,,,,,
"PO00065","A0000571","CFRC160X10 RADIUS CNR BARE",,"CFRC160X10","AG00004","Blue Water Engineering",4,"L00341",1224,122.4,1346.4,306,"AUD",1224,122.4,1346.4,306,"Received","Received","Admin","07/08/2025","07/08/2025","08/08/2025",,"05/08/2025","PF 134028","05/08/2025","06/08/2025",,1,"V00120","GWS (GEORGE WESTON AND SONS)",,,,,,,,,306.00,"GWS (GEORGE WESTON AND SONS",,,,,,
"PO00065","A00141","FREIGHT INWARD",,,"AG00011","FREIGHT INWARD",1,"L00342",90,9,99,90,"AUD",90,9,99,90,"Received","Received","Admin","07/08/2025","07/08/2025","08/08/2025",,"05/08/2025","PF 134028","05/08/2025","06/08/2025",,1,"V00120","GWS (GEORGE WESTON AND SONS)",,,,,,,,,,,,,,,,
"PO00064","A0000450-del1769723745","22.3KG PLAIN CARBON RAIL JIS E1103 12.19M ID 102438",,102438,"AG00004","Blue Water Engineering",2,"L00335",5118.7,511.87,5630.57,2559.35,"AUD",5118.7,511.87,5630.57,2559.35,"Received","Received","Admin","07/08/2025","07/08/2025","13/08/2025",,"31/07/2025",23676062,"31/07/2025","08/08/2025","13/08/2025",6,"V00125","INFRABUILD STEEL CENTRE",,,,,,,,,2559.35,"INFRABUILD STEEL  CENTRE",,,,,,
"PO00064","A00141","FREIGHT INWARD","DELIVERY",,"AG00011","FREIGHT INWARD",1,"L00336",93,9.3,102.3,93,"AUD",93,9.3,102.3,93,"Received","Received","Admin","07/08/2025","07/08/2025","13/08/2025",,"31/07/2025",23676062,"31/07/2025","08/08/2025","13/08/2025",6,"V00125","INFRABUILD STEEL CENTRE",,,,,,,,,,,,,,,,
"PO00063","A0000567","PE080020BKXL NEOFOAM PE80 SHEET (20MM THICK, BLACK, 2400 X 1200MM)",,,"AG00004","Blue Water Engineering",1,"L00334",142.77,14.28,157.05,142.77,"AUD",142.77,14.28,157.05,142.77,"Received","Received","Admin","05/08/2025","05/08/2025","16/08/2025",,"05/08/2025","INV01686","05/08/2025","06/08/2025","11/08/2025",11,"V00308","PJ BOWERS PTY LTD",,,,,,,,,142.77,"PJ BOWERS",,,,,,
"PO00062","A00141","FREIGHT INWARD",,,"AG00011","FREIGHT INWARD",1,"L00459",23.45,2.35,25.8,23.45,"$",23.45,2.35,25.8,23.45,"Received","Received","David C","05/08/2025","14/08/2025","14/08/2025",,"12/08/2025","1802591 1802593","12/08/2025","18/08/2025",,0,"V00042","ALTRONICS",,"STOCK","Y","DAVID C",,,,,,,,,,,,
"PO00062","VLPE-007","Battery 12V 38AH","ALTRONICS S4563 IS A 40AH","S4563","AG00005.3","Electrical",3,"L00324",315,31.5,346.5,105,"$",315,31.5,346.5,105,"Received","Received","David C","05/08/2025","05/08/2025","14/08/2025",,"12/08/2025","1802591 1802593","12/08/2025","18/08/2025",,9,"V00042","ALTRONICS",,"STOCK","Y","DAVID C",,,,,"$174.95","battery central southport",,,"altronics","'-","S4563",
"PO00062","VLPE-008","Battery 12V 1.2AH",,"S4517","AG00005.3","Electrical",3,"L00325",34.8,3.48,38.28,11.6,"$",34.8,3.48,38.28,11.6,"Received","Received","David C","05/08/2025","05/08/2025","14/08/2025",,"12/08/2025","1802591 1802593","12/08/2025","18/08/2025",,9,"V00042","ALTRONICS",,"STOCK","Y","DAVID C",,,,,"$15.70","battery central southport",,,"altronics","'-","S4517",
"PO00062","VLPE-024","3pin plug XLR female chassis (control box)charger",,"PO850","AG00005.3","Electrical",10,"L00326",69.8,6.98,76.78,6.98,"$",69.8,6.98,76.78,6.98,"Received","Received","David C","05/08/2025","05/08/2025","14/08/2025",,"12/08/2025","1802591 1802593","12/08/2025","18/08/2025",,9,"V00042","ALTRONICS",,"STOCK","Y","DAVID C",,,,,"$5.66","Altronics",,"P0850","Electus","'-","PS1054",
"PO00062","VLPE-030","Buzzer (small) for pendant",,"S6109","AG00005.3","Electrical",12,"L00327",25.8,2.58,28.38,2.15,"$",25.8,2.58,28.38,2.15,"Received","Received","David C","05/08/2025","05/08/2025","14/08/2025",,"12/08/2025","1802591 1802593","12/08/2025","18/08/2025",,9,"V00042","ALTRONICS",,"STOCK","Y","DAVID C",,,,,"$3.95","altronics",,"S6109","electus","'-","AB-3462",
"PO00062","VLPE-087","Socket PCB 12way vertical dinkle 5.08",,"S2582","AG00005.3","Electrical",12,"L00328",12.36,1.24,13.6,1.03,"$",12.36,1.24,13.6,1.03,"Received","Received","David C","05/08/2025","05/08/2025","14/08/2025",,"12/08/2025","1802591 1802593","12/08/2025","18/08/2025",,9,"V00042","ALTRONICS",,"STOCK","Y","DAVID C",,,,,".96c","Alltronics",,,"'-","'-",,
"PO00062","VLPE-089","housing 2.54 2 way beige",,"P5472","AG00005.3","Electrical",30,"L00329",1.05,0.11,1.16,0.035,"$",1.05,0.11,1.16,0.035,"Received","Received","David C","05/08/2025","05/08/2025","14/08/2025",,"12/08/2025","1802591 1802593","12/08/2025","18/08/2025",,9,"V00042","ALTRONICS",,"STOCK","Y","DAVID C",,,,,".50c",,,,"www.techbrands.com","'-",,
"PO00062","VLPE-090","header 2.54 2 way beige PCB straight",,"P5492","AG00005.3","Electrical",30,"L00330",1.62,0.16,1.78,0.054,"$",1.62,0.16,1.78,0.054,"Received","Received","David C","05/08/2025","05/08/2025","14/08/2025",,"12/08/2025","1802591 1802593","12/08/2025","18/08/2025",,9,"V00042","ALTRONICS",,"STOCK","Y","DAVID C",,,,,".12c",,,,"www.techbrands.com","'-",,
"PO00062","VLPE-096","Switch push mom DPDT 3A (test board)",,"S1392","AG00005.3","Electrical",10,"L00331",47.9,4.79,52.69,4.79,"$",47.9,4.79,52.69,4.79,"Received","Received","David C","05/08/2025","05/08/2025","14/08/2025",,"12/08/2025","1802591 1802593","12/08/2025","18/08/2025",,9,"V00042","ALTRONICS",,"STOCK","Y","DAVID C",,,,,"$5.68",,,,"www.altronics.com.au","'-",,
"PO00062","VLPE-097","Spacer Metal tapped M3x20mm PCB mount",,"H1251","AG00005.3","Electrical",100,"L00333",39.44,3.94,43.38,0.3944,"$",39.44,3.94,43.38,0.3944,"Received","Received","David C","05/08/2025","05/08/2025","14/08/2025",,"12/08/2025","1802591 1802593","12/08/2025","18/08/2025",,9,"V00042","ALTRONICS",,"STOCK","Y","DAVID C",,,,,,"Altronics",0.04,,"'-","'-",,
"PO00062","VLPE-106","Term block line plugable 12 way 5.08",,"P2522","AG00005.3","Electrical",12,"L00332",34.8,3.48,38.28,2.9,"$",34.8,3.48,38.28,2.9,"Received","Received","David C","05/08/2025","05/08/2025","14/08/2025",,"12/08/2025","1802591 1802593","12/08/2025","18/08/2025",,9,"V00042","ALTRONICS",,"STOCK","Y","DAVID C",,,,,"$2.89","Altronics",,,"'-","'-",,
"PO00061","A0000560","F190","F190 FLEXIBLE POLYURETHANE - 1.5KG",,"AG000011","WORKSHOP GENERAL SUPPLIES",1,"L00316",108.29,10.83,119.12,108.29,"AUD",108.29,10.83,119.12,108.29,"Received","Received","Admin","05/08/2025","05/08/2025","31/08/2025",,"05/08/2025",4017811,"05/08/2025","06/08/2025",,26,"V00307","BARNES MOULDING AND CASTING SUPPLIES","STEPHEN PAID ON HIS CREDIT CARD",,,,,,,,121.00,"BARNES MOULDING & CASTING SUPPLIES",,,,,,
"PO00061","A00141","FREIGHT INWARD","EXPRESS POST",,"AG00011","FREIGHT INWARD",1,"L00317",18.78,1.88,20.66,18.78,"AUD",18.78,1.88,20.66,18.78,"Received","Received","Admin","05/08/2025","05/08/2025","31/08/2025",,"05/08/2025",4017811,"05/08/2025","06/08/2025",,26,"V00307","BARNES MOULDING AND CASTING SUPPLIES","STEPHEN PAID ON HIS CREDIT CARD",,,,,,,,,,,,,,,
"PO00060","FVL1500HT_01MF_001_REV B","Main Frame 501 - 1500kg Weldment","POWDERCOAT AS PER PO",,"AG00004.1","Vaclift",1,,1,0.1,1.1,1,"$",1,0.1,1.1,1,"Received","Received","David C","01/08/2025","08/08/2025","31/08/2025",1,"11/08/2025",1,"05/10/2025",,,23,"V00183","BUNDALL POWDER COATING",,"STOCK","Y","DAVID C",,"Y",,,,,,,,,,
"PO00059","A0000526","BMGARSUPD20 SUPER BLAST GARNET D 80# TONNE",,"BMGARSUPD20","AG00004.3","Water Jet Cutting",4,"L00307",2380,238,2618,595,"AUD",2380,238,2618,595,"Received","Received","Admin","31/07/2025","31/07/2025","01/08/2025",,"31/07/2025","PF INV JULY","31/07/2025","01/08/2025",,1,"V00198","INDUSTRIAL MINERALS",,,,,,,,,595.00,"INDUSTRIAL MINERALS",,,,,,
"PO00058","A0000484","SS SH 304NO8 DLPE 1.5 X 1219 X 2438",,"S041612248LPE","AG00009.12","Material Raw Sheet & Plate Stainless Steel",1,"L00285",255,25.5,280.5,255,"$",255,25.5,280.5,255,"Received","Received","Admin","30/07/2025","30/07/2025","17/07/2025",,"17/07/2025","012273IB","25/07/2025","30/08/2025","17/07/2025",0,"V00105","TSM - THE STEEL MARKET PTY. LTD",,,,,,"Y",,,255.00,"TSM - THE STEEL MARKET",,,,,,
"PO00058","A0000498","SS SH 304NO8 DLPE 1.5X1500X3048",,"S04161530IFL","AG00009.12","Material Raw Sheet & Plate Stainless Steel",1,"L00286",375,37.5,412.5,375,"$",375,37.5,412.5,375,"Received","Received","Admin","30/07/2025","30/07/2025","17/07/2025",,"17/07/2025","012273IB","25/07/2025","30/08/2025","17/07/2025",0,"V00105","TSM - THE STEEL MARKET PTY. LTD",,,,,,"Y",,,375.00,"THE STEEL MARKET",,,,,,
"PO00058","A00141","FREIGHT INWARD",,,"AG00011","FREIGHT INWARD",1,"L00287",45,4.5,49.5,45,"$",45,4.5,49.5,45,"Received","Received","Admin","30/07/2025","30/07/2025","17/07/2025",,"17/07/2025","012273IB","25/07/2025","30/08/2025","17/07/2025",0,"V00105","TSM - THE STEEL MARKET PTY. LTD",,,,,,"Y",,,,,,,,,,
"PO00057","A00141","FREIGHT INWARD",,,"AG00011","FREIGHT INWARD",1,"L00284",18,1.8,19.8,18,"$",18,1.8,19.8,18,"Received","Received","Kemal","30/07/2025","30/07/2025","07/08/2025",,"30/07/2025","BWSO006266880","31/07/2025","31/07/2025",,8,"V00274","BLACKWOODS","PLEASE FREIGHT TO BLUE WATER ENGINEERING",,,,,,,,,,,,,,,
"PO00057","SHELL RIMULA R3 10W 20L","SHELL RIMUAL R3 10W 20L",,,"AG000011","WORKSHOP GENERAL SUPPLIES",1,"L00283",190.8,19.08,209.88,190.8,"$",190.8,19.08,209.88,190.8,"Received","Received","Kemal","30/07/2025","30/07/2025","07/08/2025",,"30/07/2025","BWSO006266880","31/07/2025","31/07/2025",,8,"V00274","BLACKWOODS","PLEASE FREIGHT TO BLUE WATER ENGINEERING",,,,,,,,,,,,,,,
"PO00056","A0000484","SS SH 304NO8 DLPE 1.5 X 1219 X 2438",,"S041612248LPE","AG00009.12","Material Raw Sheet & Plate Stainless Steel",1,"L00280",255,25.5,280.5,255,"$",255,25.5,280.5,255,"Received","Received","Admin","30/07/2025","30/07/2025","14/07/2025",,"14/07/2025","012169IB","18/07/2025","30/08/2025","14/07/2025",0,"V00105","TSM - THE STEEL MARKET PTY. LTD",,"STOCK","Y","DAVID C",,"Y",,,255.00,"TSM - THE STEEL MARKET",,,,,,
"PO00056","A0000485","S041615308FL SS SH 304NO8 DLPE 1.5 X 1500 X 3048",,"SO41615308FL","AG00009.12","Material Raw Sheet & Plate Stainless Steel",1,"L00281",375,37.5,412.5,375,"$",375,37.5,412.5,375,"Received","Received","Admin","30/07/2025","30/07/2025","14/07/2025",,"14/07/2025","012169IB","18/07/2025","30/08/2025","14/07/2025",0,"V00105","TSM - THE STEEL MARKET PTY. LTD",,"STOCK","Y","DAVID C",,"Y",,,375.00,"TSM - THE STEEL MARKET",375.00,,,,,
"PO00056","A00141","FREIGHT INWARD",,,"AG00011","FREIGHT INWARD",1,"L00282",45,4.5,49.5,45,"$",45,4.5,49.5,45,"Received","Received","Admin","30/07/2025","30/07/2025","14/07/2025",,"14/07/2025","012169IB","18/07/2025","30/08/2025","14/07/2025",0,"V00105","TSM - THE STEEL MARKET PTY. LTD",,"STOCK","Y","DAVID C",,"Y",,,,,,,,,,
"PO00055","12mm Plate Stainless Steel 316 N1","12mm Plate Stainless Steel 316 N1","1 SHEET 1200X2400",,"AG00009.12","Material Raw Sheet & Plate Stainless Steel",2.88,"L00273",2120,212,2332,736.11111111111,"$",2120,212,2332,736.11111111111,"Received","Received","David C","28/07/2025","30/07/2025","31/08/2025",,"28/07/2025","012431IB","31/07/2025","30/08/2025",,32,"V00105","TSM - THE STEEL MARKET PTY. LTD",,"STOCK",,"DERRYN F",,"Y","GRADE N1 IS EQUIVALENT TO 3CR12",,,,,,,,,
"PO00055","A00141","FREIGHT INWARD","FREIGHT CHARGE",,"AG00011","FREIGHT INWARD",1,"L00309",45,4.5,49.5,45,"$",45,4.5,49.5,45,"Received","Received","David C","28/07/2025","31/07/2025","31/08/2025",,"28/07/2025","012431IB","31/07/2025","30/08/2025",,31,"V00105","TSM - THE STEEL MARKET PTY. LTD",,"STOCK",,"DERRYN F",,"Y",,,,,,,,,,
"PO00054","SPD_BAR_065_1000_001","Spreader 65mm 1000mm Weldment","ZINCPLATE",,"AG00004.1","Vaclift",10,,421.34,42.13,463.47,42.134,"$",421.34,42.13,463.47,42.134,"Received","Received","David C","24/07/2025","25/07/2025","29/07/2025",,"24/07/2025","INV-21272","28/07/2025","30/07/2025",,4,"V00122","GOLD COAST ELECTROPLATING",,,,,,,,,,,,,,,,
"PO00054","TB065_2280_001_REV A","Tool Bar 2280 L to Suit Frame 570 W RHS 70 L CTS 1000 kg W.L.L.","ZINCPLATE",,"AG00004.1","Vaclift",6,,252.84,25.28,278.12,42.14,"$",252.84,25.28,278.12,42.14,"Received","Received","David C","24/07/2025","01/08/2025","29/07/2025",,"24/07/2025","INV-21272","28/07/2025","30/07/2025",,0,"V00122","GOLD COAST ELECTROPLATING",,,,,,,,,,,,,,,,
"PO00053","A00141","FREIGHT INWARD","Freight",,"AG00011","FREIGHT INWARD",1,"L00439",50,5,55,50,"$",50,5,55,50,"Received","Received","David C","24/07/2025","13/08/2025","18/08/2025",,"24/07/2025",3132,"17/11/2025",,,5,"V00206","SPECIALISED ANODISING SERVICE",,0,,"DAVID C",,,,,,,,,,,,
"PO00053","PC_TP_650_120_001","Contour Pad Top Plate 650 x 120","ANDIZE COATING INCLUDES $7.00 FREIGHT",,"AG00004.1","Vaclift",25,,455,45.5,500.5,18.2,"$",455,45.5,500.5,18.2,"Received","Received","David C","24/07/2025","04/08/2025","18/08/2025",,"24/07/2025",3132,"17/11/2025",,,14,"V00206","SPECIALISED ANODISING SERVICE",,0,,"DAVID C",,,,,,,,,,,,
"PO00052","A0000451","FINE SILVER RIVETS",,,"AG00004","Blue Water Engineering",70,"L00257",1820,182,2002,26,"$",1820,182,2002,26,"Received","Received","Admin","23/07/2025","23/07/2025","22/07/2025",,"19/07/2025","INV-366","19/07/2025","30/08/2025",,0,"V00074","HANDCRAFT STUDIO",,,,,,,,,26.00,"HANDCRAFT STUDIOS",,,,,,
"PO00051","A0000450-del1769723745","22.3KG PLAIN CARBON RAIL JIS E1103 12.19M ID 102438","PRICE IS FOR 1M NOTE A LENGTH IS 12M L",102438,"AG00004","Blue Water Engineering",12,"L00253",2559.36,255.94,2815.3,213.28,"$",2559.36,255.94,2815.3,213.28,"Received","Received","Admin","23/07/2025","23/07/2025","25/07/2025",,"23/07/2025",23667550,"23/07/2025","23/07/2025",,2,"V00125","INFRABUILD STEEL CENTRE",,,,,,,,,2559.35,"INFRABUILD STEEL  CENTRE",,,,,,
"PO00051","A00141","FREIGHT INWARD",,,"AG00011","FREIGHT INWARD",1,"L00254",93,9.3,102.3,93,"$",93,9.3,102.3,93,"Received","Received","Admin","23/07/2025","23/07/2025","25/07/2025",,"23/07/2025",23667550,"23/07/2025","23/07/2025",,2,"V00125","INFRABUILD STEEL CENTRE",,,,,,,,,,,,,,,,
"PO00050","A0000449","M2410010.9 HB0ZP - M24X100 HEX BOLT ONLY 10.9 Z/P",,"M2410010.9HBOZP","AG00004.1","Vaclift",50,"L00252",197.5,19.75,217.25,3.95,"$",197.5,19.75,217.25,3.95,"Received","Received","Admin","23/07/2025","23/07/2025","22/07/2025",,"22/07/2025","INV-45164","22/07/2025","30/08/2025",,0,"V00128","BUILD IT FASTENERS",,,,,,,,,3.95,"BUILD IT FASTENERS",,,,,,
"PO00049","A0000444","P32 PLATE 5083 H112 32.00 X 1250MM X 2450MM",,"P32","AG00004","Blue Water Engineering",3.063,"L00238",2608.45,260.85,2869.3,851.59973881815,"AUD",2608.45,260.85,2869.3,851.59973881815,"Received","Received","Admin","22/07/2025","22/07/2025","23/07/2025",,"17/07/2025",75215037,"21/07/2025","30/08/2025",,1,"V00114","ACTION ALUMINIUM",,,,,,"N",,,2608.45,"ACTION ALUMINIUM",,,,,,
"PO00049","A0000445","MS120 MACHINE SOLID 2011 T6 120.0MM X 1.50 MTR 1 @ 250",,"MS 120","AG00004","Blue Water Engineering",0.25,"L00239",127.56,12.76,140.32,510.24,"AUD",127.56,12.76,140.32,510.24,"Received","Received","Admin","22/07/2025","22/07/2025","23/07/2025",,"17/07/2025",75215037,"21/07/2025","30/08/2025",,1,"V00114","ACTION ALUMINIUM",,,,,,"N",,,510.24,"ACTION ALUMINIUM",,,,,,
"PO00048","A0000417","PAINT & COATINGS","AJM - SIGN ELECTROPOLISH SIGN",,"AG00004","Blue Water Engineering",3,"L00218",105,10.5,115.5,35,"AUD",105,10.5,115.5,35,"Received","Received","Admin","22/07/2025","22/07/2025","26/07/2025",,"16/07/2025",63047,"21/07/2025","30/08/2025",,4,"V00279","SOUTHERN STAINLESS",,"STOCK","Y","DAVID C",,"Y",,,,,,,,,,
"PO00048","A0000417","PAINT & COATINGS","ELECTROPOLISH 1 OFF NUMBER",,"AG00004","Blue Water Engineering",1,"L00220",10,1,11,10,"AUD",10,1,11,10,"Received","Received","Admin","22/07/2025","22/07/2025","26/07/2025",,"16/07/2025",63047,"21/07/2025","30/08/2025",,4,"V00279","SOUTHERN STAINLESS",,"STOCK","Y","DAVID C",,"Y",,,,,,,,,,
"PO00048","A0000417","PAINT & COATINGS","ELECTROPOLISH BADGES - MARITIMO",,"AG00004","Blue Water Engineering",48,"L00219",480,48,528,10,"AUD",480,48,528,10,"Received","Received","Admin","22/07/2025","22/07/2025","26/07/2025",,"16/07/2025",63047,"21/07/2025","30/08/2025",,4,"V00279","SOUTHERN STAINLESS",,"STOCK","Y","DAVID C",,"Y",,,,,,,,,,
"PO00047","A0000398","METAL BENDING AND FOLDING","FOLDING OF 5MM ALUMINIUM AS PER DRAWING X 10 COMPLETED AND DELIVERED 18/7/2025",,"AG00004","Blue Water Engineering",1,"L00209",130,13,143,130,"AUD",130,13,143,130,"Received","Received","Admin","21/07/2025","21/07/2025","28/08/2025",,"10/07/2025",20260032,"18/07/2025","21/08/2025",,38,"V00145","CUSTOM TRUCK BODIES AND TRAILERS",,,,,,,,,,,,,,,,
"PO00046","A0000395","CBL43CEOCOR500 CABLE ORANGE CIRCULAR 4MM7/085 3C+E 500M ORANGE SHEATH",,"CBL43CEOCOR500","AG00004","Blue Water Engineering",10,"L00206",52,5.2,57.2,5.2,"$",52,5.2,57.2,5.2,"Received","Received","Admin","21/07/2025","21/07/2025","18/07/2025",,"18/07/2025",15484417,"18/07/2025","30/08/2025",,0,"V00047","REXEL ELECTRICAL SUPPLIES",,"STOCK","Y","DAVID C",,,,,5.20,"REXEL ELECTRICAL SUPPLIES",,,,,,
"PO00046","A0000396","CLI9025TCM10GY CORRUGATED CONDUIT 25MM X 10MGREY MEDIUM DUTY TURBO",,"CLI9025TCM10GY","AG00004","Blue Water Engineering",1,"L00207",18.66,1.87,20.53,18.66,"$",18.66,1.87,20.53,18.66,"Received","Received","Admin","21/07/2025","21/07/2025","18/07/2025",,"18/07/2025",15484417,"18/07/2025","30/08/2025",,0,"V00047","REXEL ELECTRICAL SUPPLIES",,"STOCK","Y","DAVID C",,,,,18.66,"REXEL ELECTRICAL SUPPLIES",,,,,,
"PO00046","A0000397","CLIEY56P420",,"CLIEY56P420","AG00004","Blue Water Engineering",1,"L00208",53.77,5.38,59.15,53.77,"$",53.77,5.38,59.15,53.77,"Received","Received","Admin","21/07/2025","21/07/2025","18/07/2025",,"18/07/2025",15484417,"18/07/2025","30/08/2025",,0,"V00047","REXEL ELECTRICAL SUPPLIES",,"STOCK","Y","DAVID C",,,,,53.77,"REXEL ELECTRICAL SUPPLIES",,,,,,
"PO00045","PAC_FVLNT_001~01","Packing Crate to Suit FVLNT TB_2280",,,"AG00004.1","Vaclift",1,"L00205",200,20,220,200,"AUD",200,20,220,200,"Received","Received","Admin","21/07/2025","28/07/2025","17/07/2025",,"17/07/2025",00010391,"17/07/2025","30/08/2025",,0,"V00290","NERANG CABINETS",,"STOCK",,"DAVID C",,,,,,"Nerang Cabinets",,,,,,
"PO00044","A0000394","6201-2KNECM BALL BEARING ROW METRIC",,"6201-2NKECM","AG00004.1","Vaclift",6,"L00204",40.91,4.09,45,6.8183333333333,"$",40.91,4.09,45,6.8183333333333,"Received","Received","Admin","21/07/2025","21/07/2025","20/08/2025",,"17/07/2025",445738,"17/07/2025","30/08/2025","17/07/2025",30,"V00181","ALLIED BEARINGS & SEALS",,"STOCK",,"DAVID C",,,,,6.82,"ALLIED BEARINGS",,,,,,
"PO00043","A0000390","2438X1219-10MM 304L NO. 1 PLATE",,"PL04N11001224","AG00004","Blue Water Engineering",1,"L00202",1061,106.1,1167.1,1061,"$",1061,106.1,1167.1,1061,"Received","Received","Admin","21/07/2025","21/07/2025","18/07/2025",,"11/07/2025",2235558,"17/07/2025","30/08/2025","18/07/2025",0,"V00245","MIDWAY METALS",,"STOCK","Y","DAVID C",,"Y",,,1061.00,"MIDWAY METALS",,,,,,
"PO00043","A0000391","PLC25250 320MM X 515MM X 25MM TK 4003 ACS",,"PLC25250","AG00004","Blue Water Engineering",1,"L00203",660,66,726,660,"$",660,66,726,660,"Received","Received","Admin","21/07/2025","21/07/2025","18/07/2025",,"11/07/2025",2235558,"17/07/2025","30/08/2025","18/07/2025",0,"V00245","MIDWAY METALS",,"STOCK","Y","DAVID C",,"Y",,,660.00,"MIDWAY METALS",,,,,,
"PO00042","Lmm-600","Black 250g Etching Paint","PAINTING OF 1 X REDUCTION LINE 3 STANDS CLAMP ALIGNMENT ASSEMBELY FRAME AS REQUESTED
USING WATTYL EPINAMEL 2PACK ADHESION PROMOTING, POLYANIDE CURED PROXY PRIMER & WATTYL EPINAMEL DTM985 2 PAC EPOXY COATING PAINT",,"AG00001","Paint, Coatings & Plating",1,"L00201",1440,144,1584,1440,"AUD",1440,144,1584,1440,"Received","Received","Admin","21/07/2025","21/07/2025","29/08/2025",,"18/06/2025",20250762,"18/06/2025","29/08/2025",,39,"V00145","CUSTOM TRUCK BODIES AND TRAILERS","FOR BOYNE SMELTERS LIMITED",,,,,,,,295.00,"ROWMARK",,,,,,
"PO00041","6mm DYNEEMA SK75 WITH POLYESTER COVER SOFT EYES EACH END - 3160MM","6mm DYNEEMA SK75 WITH POLYESTER COVER SOFT EYES EACH END - 3160MM",,,"AG00004.1","Vaclift",1,"L00196",1,0.1,1.1,1,"$",1,0.1,1.1,1,"Received","Received","David C","18/07/2025","18/07/2025","22/07/2025",,"18/07/2025",,,,,4,"V00043","MELBOURNE ROPE AND SPLICING","FOR STOCK",,,,,,,,,,,,,,,
"PO00041","6mm DYNEEMA SK75 WITH POLYESTER COVER SOFT EYES EACH END 0 5060MM","6mm DYNEEMA SK75 WITH POLYESTER COVER SOFT EYES EACH END 0 5060MM",,,"AG00004.1","Vaclift",2,"L00197",2,0.2,2.2,1,"$",2,0.2,2.2,1,"Received","Received","David C","18/07/2025","18/07/2025","22/07/2025",,"18/07/2025",,,,,4,"V00043","MELBOURNE ROPE AND SPLICING","FOR STOCK",,,,,,,,,,,,,,,
"PO00040","VLPE-004","Compressor 12V 8A 35L/min",,,"AG00005.3","Electrical",3,"L00193",810.33,81.03,891.36,270.11,"AUD",810.33,81.03,891.36,270.11,"Received","Received","Admin","17/07/2025","17/07/2025","17/07/2025",,"17/07/2025","503-2644122-2903864","17/07/2025","18/07/2025",,0,"V00268","AMAZON","ANNA PAID ON HER CREDIT CARD",,,,,,,,"$88.00","maisigroup.com","$230.00","GZ35 -12V",,"'-",,
"PO00039","A0000334","590-4011 FOXX BLADE PINK SEMI-SYNTHETIC COOLANT (PINK) - 20LTR DRUM",,"590-4011","AG00062","MACHINE SHOP TOOLING AND CONSUMERABLES",1,"L00174",176.76,17.68,194.44,176.76,"AUD",176.76,17.68,194.44,176.76,"Received","Received","Admin","16/07/2025","16/07/2025","16/08/2025",,"15/07/2025","INV021502","15/07/2025","30/08/2025","15/07/2025",31,"V00297","ENGINEERING TOOLING SUPPLIES PTY LTD",,0,,"DAVID C",,,,,176.76,,,,,,,
"PO00038","A00141","FREIGHT INWARD","FREIGHT","1DELST","AG00011","FREIGHT INWARD",1,"L00195",18.75,1.88,20.63,18.75,"$",18.75,1.88,20.63,18.75,"Received","Received","David C","16/07/2025","18/07/2025","23/07/2025",,"17/07/2025","SF269913","17/07/2025","18/07/2025",,5,"V00294","Electus Distribution",,,,,,,,,,,,,,,,
"PO00038","PBPE-006","Electrical Enclosure Dark Grey with Mounting Flange - 115(W) x 90(D) x 55(H)mm",,"HB6127","AG00004.2","PipeBOSS",6,"L00191",76.08,7.61,83.69,12.68,"$",76.08,7.61,83.69,12.68,"Received","Received","David C","16/07/2025","28/08/2025","23/07/2025",,"17/07/2025","SF269913","17/07/2025","18/07/2025",,0,"V00294","Electus Distribution",,,,,,,,,,,,,,,,
"PO00038","PBPE-007","Terminal Barrier Panel with Clear Cover 6 Way",,"HM3168","AG00004.2","PipeBOSS",12,"L00192",50.28,5.03,55.31,4.19,"$",50.28,5.03,55.31,4.19,"Received","Received","David C","16/07/2025","28/08/2025","23/07/2025",,"17/07/2025","SF269913","17/07/2025","18/07/2025",,0,"V00294","Electus Distribution",,,,,,,,,,,,,,,,
"PO00038","VLPE-026","Buzzer (large) front panel",,"AB3464","AG00005.3","Electrical",10,"L00169",86.7,8.67,95.37,8.67,"$",86.7,8.67,95.37,8.67,"Received","Received","David C","16/07/2025","18/08/2025","23/07/2025",,"17/07/2025","SF269913","17/07/2025","18/07/2025",,0,"V00294","Electus Distribution",,,,,,,,,"$8.67","Electus",,"AB3464","www.altronics.com.au","'-","S6119A",
"PO00038","VLPE-047","2pin line plug female (red/green lights)",,"PS2014","AG00005.3","Electrical",10,"L00172",27.2,2.72,29.92,2.72,"$",27.2,2.72,29.92,2.72,"Received","Received","David C","16/07/2025","18/08/2025","23/07/2025",,"17/07/2025","SF269913","17/07/2025","18/07/2025",,0,"V00294","Electus Distribution",,,,,,,,,"$2.30",,,,"Jaycar","'-",,
"PO00038","VLPE-063","4pin chassis mount plug male (Hydraulic)",,"PP2010","AG00005.3","Electrical",5,"L00170",14.3,1.43,15.73,2.86,"$",14.3,1.43,15.73,2.86,"Received","Received","David C","16/07/2025","18/08/2025","23/07/2025",,"17/07/2025","SF269913","17/07/2025","18/07/2025",,0,"V00294","Electus Distribution",,,,,,,,,3.50,"Electus Distribution",,"PP2010","www.altronics.com.au","'-",,
"PO00038","VLPE-064","4pin line plug female (hydraulic)",,"PS2012","AG00005.3","Electrical",5,"L00171",15.2,1.52,16.72,3.04,"$",15.2,1.52,16.72,3.04,"Received","Received","David C","16/07/2025","18/08/2025","23/07/2025",,"17/07/2025","SF269913","17/07/2025","18/07/2025",,0,"V00294","Electus Distribution",,,,,,,,,"$2.99",,,,"www.altronics.com.au","'-",,
"PO00038","VLPE-080","Socket IC 8pin for Battery Indicator",,"PI6500","AG00005.3","Electrical",12,"L00182",3.24,0.32,3.56,0.27,"$",3.24,0.32,3.56,0.27,"Received","Received","David C","16/07/2025","28/08/2025","23/07/2025",,"17/07/2025","SF269913","17/07/2025","18/07/2025",,0,"V00294","Electus Distribution",,,,,,,,,".38c",,,,"www.altronics.com.au","'-",,
"PO00038","VLPE-081","Capacitor 10U 63V for Battery Indicator",,"RE6075","AG00005.3","Electrical",12,"L00183",2.52,0.25,2.77,0.21,"$",2.52,0.25,2.77,0.21,"Received","Received","David C","16/07/2025","28/08/2025","23/07/2025",,"17/07/2025","SF269913","17/07/2025","18/07/2025",,0,"V00294","Electus Distribution",,,,,,,,,".22c",,,,"'-","'-",,
"PO00038","VLPE-082","resistor 5K6 ohm for battery indicator",,"RR0590","AG00005.3","Electrical",1,"L00184",0.58,0.06,0.64,0.58,"$",0.58,0.06,0.64,0.58,"Received","Received","David C","16/07/2025","28/08/2025","23/07/2025",,"17/07/2025","SF269913","17/07/2025","18/07/2025",,0,"V00294","Electus Distribution",,,,,,,,,".46c",,,,"'-","'-",,
"PO00038","VLPE-083","resistor 10K ohm for battery indicator",,"RR0596","AG00005.3","Electrical",1,"L00185",0.58,0.06,0.64,0.58,"$",0.58,0.06,0.64,0.58,"Received","Received","David C","16/07/2025","28/08/2025","23/07/2025",,"17/07/2025","SF269913","17/07/2025","18/07/2025",,0,"V00294","Electus Distribution",,,,,,,,,,,,,"'-","'-",,
"PO00038","VLPE-091","Fuse 15A Blade blue",,,"AG00005.3","Electrical",10,"L00181",6.3,0.63,6.93,0.63,"$",6.3,0.63,6.93,0.63,"Received","Received","David C","16/07/2025","17/07/2025","23/07/2025",,"17/07/2025","SF269913","17/07/2025","18/07/2025",,6,"V00294","Electus Distribution",,,,,,,,,".80c",,,,"'-","'-",,
"PO00038","VLPE-094","Housing 2.54 4 way beige line",,"HM3404","AG00005.3","Electrical",30,"L00173",12.9,1.29,14.19,0.43,"$",12.9,1.29,14.19,0.43,"Received","Received","David C","16/07/2025","18/08/2025","23/07/2025",,"17/07/2025","SF269913","17/07/2025","18/07/2025",,0,"V00294","Electus Distribution",,,,,,,,,".70c",,,,"www.altronics.com.au","'-",,
"PO00038","VLPE-095","Header 2.54 4 way beige PCB straight",,"HM3414","AG00005.3","Electrical",30,"L00175",6.3,0.63,6.93,0.21,"$",6.3,0.63,6.93,0.21,"Received","Received","David C","16/07/2025","18/08/2025","23/07/2025",,"17/07/2025","SF269913","17/07/2025","18/07/2025",,0,"V00294","Electus Distribution",,,,,,,,,".78c",,,,"www.altronics.com.au","'-",,
"PO00038","VLPE-100","3 Pin 0.1in Header with Crimp Pins - 2.54mm Pitch Female",,"HM3403","AG00005.3","Electrical",30,"L00179",11.1,1.11,12.21,0.37,"$",11.1,1.11,12.21,0.37,"Received","Received","David C","16/07/2025","18/08/2025","23/07/2025",,"17/07/2025","SF269913","17/07/2025","18/07/2025",,0,"V00294","Electus Distribution",,,,,,,,,.70,,,,"www.altronics.com.au","'-",,
"PO00038","VLPE-101","Trimpot HRZ 10K (for battery indicator)",,"RT4360","AG00005.3","Electrical",12,"L00186",9.72,0.97,10.69,0.81,"$",9.72,0.97,10.69,0.81,"Received","Received","David C","16/07/2025","28/08/2025","23/07/2025",,"17/07/2025","SF269913","17/07/2025","18/07/2025",,0,"V00294","Electus Distribution",,,,,,,,,,,,,"www.altronics.com.au","'-",,
"PO00038","VLPE-103","LED 5mm BICOL DIF Red/Green battery indicator",,"ZD0250","AG00005.3","Electrical",12,"L00187",6.36,0.64,7,0.53,"$",6.36,0.64,7,0.53,"Received","Received","David C","16/07/2025","28/08/2025","23/07/2025",,"17/07/2025","SF269913","17/07/2025","18/07/2025",,0,"V00294","Electus Distribution",,,,,,,,,,,,,"Ledsales.com.au","'-",,
"PO00038","VLPE-104","IC LM358N DIP8 (battery indicator)",,"ZL3358","AG00005.3","Electrical",12,"L00188",16.8,1.68,18.48,1.4,"$",16.8,1.68,18.48,1.4,"Received","Received","David C","16/07/2025","28/08/2025","23/07/2025",,"17/07/2025","SF269913","17/07/2025","18/07/2025",,0,"V00294","Electus Distribution",,,,,,,,,,,,,"'-","'-",,
"PO00038","VLPE-105","VREF diode LM336-2.5 (battery indicator)",,"ZV1624","AG00005.3","Electrical",12,"L00189",29.88,2.99,32.87,2.49,"$",29.88,2.99,32.87,2.49,"Received","Received","David C","16/07/2025","28/08/2025","23/07/2025",,"17/07/2025","SF269913","17/07/2025","18/07/2025",,0,"V00294","Electus Distribution",,,,,,,,,,,,,"'-","'-",,
"PO00038","VLPE-111","Header male 2.54 3way beige",,"HM3413","AG00005.3","Electrical",30,"L00180",4.8,0.48,5.28,0.16,"$",4.8,0.48,5.28,0.16,"Received","Received","David C","16/07/2025","18/08/2025","23/07/2025",,"17/07/2025","SF269913","17/07/2025","18/07/2025",,0,"V00294","Electus Distribution",,,,,,,,,".70c",,,,"www.techbrands.com","'-",,
"PO00038","VLPE-112","Resistor 4M7 for battery indicator",,"RR1664","AG00005.3","Electrical",4,"L00190",1.76,0.18,1.94,0.44,"$",1.76,0.18,1.94,0.44,"Received","Received","David C","16/07/2025","28/08/2025","23/07/2025",,"17/07/2025","SF269913","17/07/2025","18/07/2025",,0,"V00294","Electus Distribution",,,,,,,,,,,,,"'-","'-",,
"PO00038","VLPE-115","Trans TIP 122 NPN 100v 5A (test board)",,"ZT2292","AG00005.3","Electrical",12,"L00176",18.48,1.85,20.33,1.54,"$",18.48,1.85,20.33,1.54,"Received","Received","David C","16/07/2025","28/08/2025","23/07/2025",,"17/07/2025","SF269913","17/07/2025","18/07/2025",,0,"V00294","Electus Distribution",,,,,,,,,"$1.54",,,,"www.altronics.com.au","'-",,
"PO00038","VLPE-124","Term block line 4way 5.08 on/off switch new",,"HM3124","AG00005.3","Electrical",12,"L00177",31.56,3.16,34.72,2.63,"$",31.56,3.16,34.72,2.63,"Received","Received","David C","16/07/2025","18/08/2025","23/07/2025",,"17/07/2025","SF269913","17/07/2025","18/07/2025",,0,"V00294","Electus Distribution",,,,,,,,,".92c",,,,"www.techbrands.com","'-",,
"PO00038","VLPE-125","Term block PCB 4way 5.08 on/off switch new",,"HM3114","AG00005.3","Electrical",12,"L00178",13.44,1.34,14.78,1.12,"$",13.44,1.34,14.78,1.12,"Received","Received","David C","16/07/2025","18/08/2025","23/07/2025",,"17/07/2025","SF269913","17/07/2025","18/07/2025",,0,"V00294","Electus Distribution",,,,,,,,,2.19,,,,"www.techbrands.com","'-",,
"PO00038","VLPF-028","Enclosure control box for CVL 171 x 121 x 55mm",,"HB6218","AG00005.3","Electrical",4,"L00168",72.52,7.25,79.77,18.13,"$",72.52,7.25,79.77,18.13,"Received","Received","David C","16/07/2025","18/08/2025","23/07/2025",,"17/07/2025","SF269913","17/07/2025","18/07/2025",,0,"V00294","Electus Distribution",,,,,,,,,,"Electus Distribution",,"HB6218",,,,
"PO00037","A0000381","ENVIRONMENTAL FEE","ENVIRONMENTAL FEE",,,,1,"L00200",8.67,0.87,9.54,8.67,"$",8.67,0.87,9.54,8.67,"Received","Received","David C","15/07/2025","21/07/2025","30/07/2025",,"15/07/2025","INV-21200","21/07/2025","23/07/2025",,9,"V00122","GOLD COAST ELECTROPLATING","Zincplate all parts",,,,,,,,,,,,,,,
"PO00037","SPD_BAR_065_1000_001","Spreader 65mm 1000mm Weldment",,,"AG00004.1","Vaclift",4,"L00167",0,0,0,0,"$",0,0,0,0,"Received","Received","David C","15/07/2025","15/07/2025","30/07/2025",,"15/07/2025","INV-21200","21/07/2025","23/07/2025",,15,"V00122","GOLD COAST ELECTROPLATING","Zincplate all parts",,,,,,,,,,,,,,,
"PO00037","TB065_1000_004","Tool Bar 1000 L to Suit MP 1000 kg W.L.L.",,,"AG00004.1","Vaclift",1,"L00166",0,0,0,0,"$",0,0,0,0,"Received","Received","David C","15/07/2025","15/07/2025","30/07/2025",,"15/07/2025","INV-21200","21/07/2025","23/07/2025",,15,"V00122","GOLD COAST ELECTROPLATING","Zincplate all parts",,,,,,,,,,,,,,,
"PO00037","TBPE_W_065_1500_001","Tool Bar Plug in Extension 1500 L Weldment",,,"AG00004.1","Vaclift",2,"L00165",266.2,26.62,292.82,133.1,"$",266.2,26.62,292.82,133.1,"Received","Received","David C","15/07/2025","15/07/2025","30/07/2025",,"15/07/2025","INV-21200","21/07/2025","23/07/2025",,15,"V00122","GOLD COAST ELECTROPLATING","Zincplate all parts",,,,,,,,,,,,,,,
"PO00035","A0000312","P5470A CRIMP PINS TO SUIT P5472-5482",,,"AG00004.1","Vaclift",100,"L00152",1.67,0.17,1.84,0.0167,"$",1.67,0.17,1.84,0.0167,"Received","Received","Admin","15/07/2025","15/07/2025","11/07/2025",,"01/07/2025",1794655,"03/07/2025","15/07/2025",,0,"V00042","ALTRONICS","ORDERED AND PAID FOR BY JOHNNY MAC",,,,,,,,0.50,,,,,,,
"PO00035","A0000315","P5475 HOUSING 2.54 5WAY",,,"AG00004.1","Vaclift",10,"L00153",0.85,0.09,0.94,0.085,"$",0.85,0.09,0.94,0.085,"Received","Received","Admin","15/07/2025","15/07/2025","11/07/2025",,"01/07/2025",1794655,"03/07/2025","15/07/2025",,0,"V00042","ALTRONICS","ORDERED AND PAID FOR BY JOHNNY MAC",,,,,,,,0.550,,,,,,,
"PO00035","A0000317","HEADER 2.54 5WAY",,,"AG00004.1","Vaclift",10,"L00154",1.19,0.12,1.31,0.119,"$",1.19,0.12,1.31,0.119,"Received","Received","Admin","15/07/2025","15/07/2025","11/07/2025",,"01/07/2025",1794655,"03/07/2025","15/07/2025",,0,"V00042","ALTRONICS","ORDERED AND PAID FOR BY JOHNNY MAC",,,,,,,,0.19,,,,,,,
"PO00035","A0000318","R5448 CAP ELECT PC 470UF 400V",,,"AG00004.1","Vaclift",1,"L00155",4.89,0.49,5.38,4.89,"$",4.89,0.49,5.38,4.89,"Received","Received","Admin","15/07/2025","15/07/2025","11/07/2025",,"01/07/2025",1794655,"03/07/2025","15/07/2025",,0,"V00042","ALTRONICS","ORDERED AND PAID FOR BY JOHNNY MAC",,,,,,,,,,,,,,,
"PO00035","A0000319","S4563 BATTERY LEAD ACID 12V 40AH F8 SP_A67(UN2800)",,,"AG00004.1","Vaclift",3,"L00156",379.41,37.94,417.35,126.47,"$",379.41,37.94,417.35,126.47,"Received","Received","Admin","15/07/2025","15/07/2025","11/07/2025",,"01/07/2025",1794655,"03/07/2025","15/07/2025",,0,"V00042","ALTRONICS","ORDERED AND PAID FOR BY JOHNNY MAC",,,,,,,,,,,,,,,
"PO00035","A0000322","T3001B",,,"AG00004.1","Vaclift",4,"L00157",7.68,0.77,8.45,1.92,"$",7.68,0.77,8.45,1.92,"Received","Received","Admin","15/07/2025","15/07/2025","11/07/2025",,"01/07/2025",1794655,"03/07/2025","15/07/2025",,0,"V00042","ALTRONICS","ORDERED AND PAID FOR BY JOHNNY MAC",,,,,,,,1.920,,,,,,,
"PO00035","A00141","FREIGHT INWARD",,,"AG00011","FREIGHT INWARD",1,"L00158",19,1.9,20.9,19,"$",19,1.9,20.9,19,"Received","Received","Admin","15/07/2025","15/07/2025","11/07/2025",,"01/07/2025",1794655,"03/07/2025","15/07/2025",,0,"V00042","ALTRONICS","ORDERED AND PAID FOR BY JOHNNY MAC",,,,,,,,,,,,,,,
"PO00034","A0000448","BANK FEES","BANK CHARGES",,,,1,"L00243",20,,20,20,"$",20,,20,20,"Received","Received","David C","15/07/2025","19/08/2025","07/08/2025",,"15/07/2025","SV-BWE-250715","15/07/2025","18/07/2025",,0,"V00291","STONKAM",,,,,,,,,,,,,,,,
"PO00034","A00141","FREIGHT INWARD",,,"AG00011","FREIGHT INWARD",1,"L00198",328.26,,328.26,328.26,"$",328.26,,328.26,328.26,"Received","Received","David C","15/07/2025","15/08/2025","07/08/2025",,"15/07/2025","SV-BWE-250715","15/07/2025","18/07/2025",,0,"V00291","STONKAM",,,,,,,,,,,,,,,,
"PO00034","PBPE-001","10.1"" HD 2.4GHz Digital Wireless Quad-view Monitor, Touch Control (micro SD card not included)",,"HDW100295Q","AG00004.2","PipeBOSS",4,"L00147",1120,,1120,280,"$",1120,,1120,280,"Received","Received","David C","15/07/2025","16/09/2025","07/08/2025",,"15/07/2025","SV-BWE-250715","15/07/2025","18/07/2025",,0,"V00291","STONKAM",,,,,,,,,,,,,,,,
"PO00034","PBPE-002","HD DIGITAL WIRELESS FORKLIFT CAMERA","Please confirm if we can purchase without the green indicator line.","HDW135814CI","AG00004.2","PipeBOSS",8,"L00148",960,,960,120,"$",960,,960,120,"Received","Received","David C","15/07/2025","16/09/2025","07/08/2025",,"15/07/2025","SV-BWE-250715","15/07/2025","18/07/2025",,0,"V00291","STONKAM",,,,,,,,,,,,,,,,
"PO00034","PBPE-003","DC EXTENSION CABLE",,"267-3# 1M","AG00004.2","PipeBOSS",4,"L00149",17.79,,17.79,4.4475,"$",17.79,,17.79,4.4475,"Received","Received","David C","15/07/2025","16/09/2025","07/08/2025",,"15/07/2025","SV-BWE-250715","15/07/2025","18/07/2025",,0,"V00291","STONKAM",,,,,,,,,,,,,,,,
"PO00034","PBPE-004","HD DIGITAL WIRELESS CAMERA, 10-32V, WITH SMART IR, 130 DEGREES",,"HDW135871CAI","AG00004.2","PipeBOSS",8,"L00150",960,,960,120,"$",960,,960,120,"Received","Received","David C","15/07/2025","16/09/2025","07/08/2025",,"15/07/2025","SV-BWE-250715","15/07/2025","18/07/2025",,0,"V00291","STONKAM",,,,,,,,,,,,,,,,
"PO00034","PBPE-005","SUCTION MOUNT",,"SV-AC020547","AG00004.2","PipeBOSS",4,"L00151",23.01,,23.01,5.7525,"$",23.01,,23.01,5.7525,"Received","Received","David C","15/07/2025","16/09/2025","07/08/2025",,"15/07/2025","SV-BWE-250715","15/07/2025","18/07/2025",,0,"V00291","STONKAM",,,,,,,,,,,,,,,,
"PO00033","A0000303","5560065 TDN 432",,,"AG00062","MACHINE SHOP TOOLING AND CONSUMERABLES",10,"L00145",46.5,4.65,51.15,4.65,"$",46.5,4.65,51.15,4.65,"Received","Received","Admin","15/07/2025","15/07/2025","16/07/2025",,"14/07/2025",266567,"14/07/2025","16/07/2025",,1,"V00286","ISCAR AUSTRALIA PTY LTD",,,,,,,,4.65,4.65,,,,,,,
"PO00033","A00141","FREIGHT INWARD","FREIGHT",,"AG00011","FREIGHT INWARD",1,"L00146",16.5,1.65,18.15,16.5,"$",16.5,1.65,18.15,16.5,"Received","Received","Admin","15/07/2025","15/07/2025","16/07/2025",,"14/07/2025",266567,"14/07/2025","16/07/2025",,1,"V00286","ISCAR AUSTRALIA PTY LTD",,,,,,,,,,,,,,,,
"PO00032","CMP_011","Toolbar Rotator Lock Slide Plate","Powder Coat Safety Yellow",,"AG00004.1","Vaclift",3,"L00143",24,2.4,26.4,8,"$",24,2.4,26.4,8,"Received","Received","David C","15/07/2025","15/07/2025","30/08/2025","BUNDALL POWDER COATING","15/07/2025","INV-BPC18650","29/07/2025","30/08/2025",,46,"V00183","BUNDALL POWDER COATING",,"STOCK","Y","DAVID C",,"Y",,,,,,,,,,
"PO00032","CMP_012","Toolbar Rotator Lock Plate","Powder Coat Safety Yellow",,"AG00004.1","Vaclift",2,"L00144",16,1.6,17.6,8,"$",16,1.6,17.6,8,"Received","Received","David C","15/07/2025","15/07/2025","30/08/2025","BUNDALL POWDER COATING","15/07/2025","INV-BPC18650","29/07/2025","30/08/2025",,46,"V00183","BUNDALL POWDER COATING",,"STOCK","Y","DAVID C",,"Y",,,,,,,,,,
"PO00032","SDL_W_40_360_001 OBSOLETE","Set Down Leg NT & Tilting, Pad Height 0 - 179mm","Powder Coat Safety Yellow",,"AG00004.1","Vaclift",4,"L00142",100,10,110,25,"$",100,10,110,25,"Received","Received","David C","15/07/2025","15/07/2025","30/08/2025","BUNDALL POWDER COATING","15/07/2025","INV-BPC18650","29/07/2025","30/08/2025",,46,"V00183","BUNDALL POWDER COATING",,"STOCK","Y","DAVID C",,"Y",,,,,,,,,,
"PO00031","A0000268","QFFH-F08 1/2 BSSPPF 1/2 FFH FQRC",,,"AG00004.1","Vaclift",1,"L00140",150.95,15.1,166.05,150.95,"$",150.95,15.1,166.05,150.95,"Received","Received","Admin","14/07/2025","14/07/2025","30/08/2025",,"03/07/2025",24412,"03/07/2025","30/08/2025",,47,"V00093","HYDRAULINK HOSE AND FITTINGS",,"STOCK","Y","DAVID C",,,,,150.95,,,,,,,
"PO00031","A0000269","B-G-0812 BSPPM 3/4 JICM",,,"AG00004.1","Vaclift",1,"L00141",12.46,1.25,13.71,12.46,"$",12.46,1.25,13.71,12.46,"Received","Received","Admin","14/07/2025","14/07/2025","30/08/2025",,"03/07/2025",24412,"03/07/2025","30/08/2025",,47,"V00093","HYDRAULINK HOSE AND FITTINGS",,"STOCK","Y","DAVID C",,,,,12.47,,,,,,,
"PO00030","PAC_CVL_001~01","PACKING CRATE TO SUIT CVL AIR TANK IN POSITION TB2280",,,"AG00004.1","Vaclift",1,"L00139",180,18,198,180,"AUD",180,18,198,180,"Received","Received","Admin","14/07/2025","21/07/2025","01/07/2025",,"18/06/2025",00010373,"01/07/2025","01/07/2025",,0,"V00290","NERANG CABINETS",,"STOCK","Y","DERRYN F",,,,,,,,,,,,
"PO00029","A0000266","M220808.8HBOZP - M20X80 HEX BOLT",,,"AG00004.1","Vaclift",8,"L00138",11.2,1.12,12.32,1.4,"$",11.2,1.12,12.32,1.4,"Received","Received","Admin","14/07/2025","14/07/2025","30/08/2025",,"11/07/2025","INV-44942","11/07/2025","30/08/2025",,47,"V00128","BUILD IT FASTENERS",,,,,,,,,1.40,,,,,,,
"PO00028","A0000255","3/8"" MBSP ALLEN KEY PLUG",,,"AG00004.1","Vaclift",20,"L00128",136,13.6,149.6,6.8,"AUD",136,13.6,149.6,6.8,"Received","Received","Admin","14/07/2025","14/07/2025","30/08/2025",,"08/07/2025",1355794,"08/07/2025","30/08/2025",,47,"V00293","HOSE SUPPLIERS AUSTRALIA",,,,,,,,,6.80,,,,,,,
"PO00028","A0000256","6404 1/4"" MBSP HOLLOW TAPER PLUG",,,"AG00004.1","Vaclift",20,"L00129",34.6,3.46,38.06,1.73,"AUD",34.6,3.46,38.06,1.73,"Received","Received","Admin","14/07/2025","14/07/2025","30/08/2025",,"08/07/2025",1355794,"08/07/2025","30/08/2025",,47,"V00293","HOSE SUPPLIERS AUSTRALIA",,,,,,,,,1.73,,,,,,,
"PO00028","A0000257","1/4"" FBSP EXTRUDED TEE",,,"AG00004.1","Vaclift",9,"L00130",82.8,8.28,91.08,9.2,"AUD",82.8,8.28,91.08,9.2,"Received","Received","Admin","14/07/2025","14/07/2025","30/08/2025",,"08/07/2025",1355794,"08/07/2025","30/08/2025",,47,"V00293","HOSE SUPPLIERS AUSTRALIA",,,,,,,,,9.20,,,,,,,
"PO00028","A0000259","3404 1/4"" FBSP EXTRUDED ELBOW",,,"AG00004.1","Vaclift",5,"L00131",36,3.6,39.6,7.2,"AUD",36,3.6,39.6,7.2,"Received","Received","Admin","14/07/2025","14/07/2025","30/08/2025",,"08/07/2025",1355794,"08/07/2025","30/08/2025",,47,"V00293","HOSE SUPPLIERS AUSTRALIA",,,,,,,,,7.20,,,,,,,
"PO00028","A0000260","PFM50602 6MM X 1/8"" MBSP PUSH FIT ELBOW",,,"AG00004.1","Vaclift",14,"L00132",44.8,4.48,49.28,3.2,"AUD",44.8,4.48,49.28,3.2,"Received","Received","Admin","14/07/2025","14/07/2025","30/08/2025",,"08/07/2025",1355794,"08/07/2025","30/08/2025",,47,"V00293","HOSE SUPPLIERS AUSTRALIA",,,,,,,,,3.20,,,,,,,
"PO00028","A0000261","CB757750 CYBERBOND SH27 YELLOW MEDIUM STRENGTH PIPE SEALANT 50ML",,,"AG000011","WORKSHOP GENERAL SUPPLIES",1,"L00133",30,3,33,30,"AUD",30,3,33,30,"Received","Received","Admin","14/07/2025","14/07/2025","30/08/2025",,"08/07/2025",1355794,"08/07/2025","30/08/2025",,47,"V00293","HOSE SUPPLIERS AUSTRALIA",,,,,,,,,30.00,,,,,,,
"PO00028","A0000262","CB756750 CYBERBOND SH22 WHITE GASKETING PIPE SEALANT WITH TEFLON 50ML",,,"AG000011","WORKSHOP GENERAL SUPPLIES",1,"L00134",30,3,33,30,"AUD",30,3,33,30,"Received","Received","Admin","14/07/2025","14/07/2025","30/08/2025",,"08/07/2025",1355794,"08/07/2025","30/08/2025",,47,"V00293","HOSE SUPPLIERS AUSTRALIA",,,,,,,,,30.00,,,,,,,
"PO00028","A0000263","1"" HOSE X 3/4 MBSP HOSE TAIL",,,"AG000011","WORKSHOP GENERAL SUPPLIES",2,"L00135",19,1.9,20.9,9.5,"AUD",19,1.9,20.9,9.5,"Received","Received","Admin","14/07/2025","14/07/2025","30/08/2025",,"08/07/2025",1355794,"08/07/2025","30/08/2025",,47,"V00293","HOSE SUPPLIERS AUSTRALIA",,,,,,,,,9.50,,,,,,,
"PO00028","A0000264","RPOS025 25MM RUBBER PETROL/OIL SUCTION HOSE V404",,,"AG00004.1","Vaclift",1,"L00136",19.6,1.96,21.56,19.6,"AUD",19.6,1.96,21.56,19.6,"Received","Received","Admin","14/07/2025","14/07/2025","30/08/2025",,"08/07/2025",1355794,"08/07/2025","30/08/2025",,47,"V00293","HOSE SUPPLIERS AUSTRALIA",,,,,,,,,19.60,"HOSE SUPPLIERS AUSTRALIA",,,,,,
"PO00028","A0000265","SC035 32-35MM SUPER CLAMP PART STAINLESS",,,"AG000011","WORKSHOP GENERAL SUPPLIES",2,"L00137",4.95,0.5,5.45,2.475,"AUD",4.95,0.5,5.45,2.475,"Received","Received","Admin","14/07/2025","14/07/2025","30/08/2025",,"08/07/2025",1355794,"08/07/2025","30/08/2025",,47,"V00293","HOSE SUPPLIERS AUSTRALIA",,,,,,,,,2.50,"HOSE SUPPLIERS AUSTRALIA",,,,,,
"PO00027","A0000238","GCMN4002-GG AC530U INSERT GENERAL PURPOSE",,,"AG00062","MACHINE SHOP TOOLING AND CONSUMERABLES",5,"L00127",120.95,12.1,133.05,24.19,"$",120.95,12.1,133.05,24.19,"Received","Received","Admin","14/07/2025","14/07/2025","14/07/2025",,"10/07/2025",808531,"10/07/2025","14/07/2025",,0,"V00135","SEI CARBIDE",,,,,,"N",,,,,,,,,,
"PO00027","A0000249","AXMT123508PEER-GACP100",,,"AG00009.19","Material Raw Round Bar Steel Machining",20,"L00126",136.95,13.7,150.65,6.8475,"$",136.95,13.7,150.65,6.8475,"Received","Received","Admin","14/07/2025","14/07/2025","14/07/2025",,"10/07/2025",808531,"10/07/2025","14/07/2025",,0,"V00135","SEI CARBIDE",,,,,,"N",,,,,,,,,,
"PO00026","A0000246","SERVICE AND REPAIRS","CONSUMABLES, CLEANING, WD40, GREASE ETC",,"AG00062","MACHINE SHOP TOOLING AND CONSUMERABLES",4,"L00123",40,4,44,10,"AUD",40,4,44,10,"Received","Received","Admin","11/07/2025","11/07/2025","24/07/2025",,"10/07/2025","INV-1767","10/07/2025","24/07/2025",,13,"V00292","MACHINE TOOL SERVICE & REPAIR PTY LTD",,,,,,,,,,,,,,,,
"PO00026","A0000246","SERVICE AND REPAIRS","EXTENDED TRAVEL SM 8/7/25",,"AG00062","MACHINE SHOP TOOLING AND CONSUMERABLES",1.5,"L00119",97.5,9.75,107.25,65,"AUD",97.5,9.75,107.25,65,"Received","Received","Admin","11/07/2025","11/07/2025","24/07/2025",,"10/07/2025","INV-1767","10/07/2025","24/07/2025",,13,"V00292","MACHINE TOOL SERVICE & REPAIR PTY LTD",,,,,,,,,,,,,,,,
"PO00026","A0000246","SERVICE AND REPAIRS","OVERNIGHT ACCOMODATION AND SUBSISTENCE SM 8/7/25",,"AG00062","MACHINE SHOP TOOLING AND CONSUMERABLES",1,"L00121",265,26.5,291.5,265,"AUD",265,26.5,291.5,265,"Received","Received","Admin","11/07/2025","11/07/2025","24/07/2025",,"10/07/2025","INV-1767","10/07/2025","24/07/2025",,13,"V00292","MACHINE TOOL SERVICE & REPAIR PTY LTD",,,,,,,,,,,,,,,,
"PO00026","A0000246","SERVICE AND REPAIRS","STD LABOUR SM 8/7/25
FULL PM SERVICE TO MAZAK VTC 20 B
CHECKLIST ATTACHED",,"AG00062","MACHINE SHOP TOOLING AND CONSUMERABLES",7.5,"L00120",1200,120,1320,160,"AUD",1200,120,1320,160,"Received","Received","Admin","11/07/2025","11/07/2025","24/07/2025",,"10/07/2025","INV-1767","10/07/2025","24/07/2025",,13,"V00292","MACHINE TOOL SERVICE & REPAIR PTY LTD",,,,,,,,,,,,,,,,
"PO00026","A0000246","SERVICE AND REPAIRS","STD LABOUR SM 9/7/25
PM SERVICE TO MAZAK QT10N
SERVICE SHEET ATTACHED",,"AG00062","MACHINE SHOP TOOLING AND CONSUMERABLES",1,"L00125",960,96,1056,960,"AUD",960,96,1056,960,"Received","Received","Admin","11/07/2025","11/07/2025","24/07/2025",,"10/07/2025","INV-1767","10/07/2025","24/07/2025",,13,"V00292","MACHINE TOOL SERVICE & REPAIR PTY LTD",,,,,,,,,,,,,,,,
"PO00026","A0000246","SERVICE AND REPAIRS","STD TRAVEL SM 8/7/25",,"AG00062","MACHINE SHOP TOOLING AND CONSUMERABLES",1,"L00118",160,16,176,160,"AUD",160,16,176,160,"Received","Received","Admin","11/07/2025","11/07/2025","24/07/2025",,"10/07/2025","INV-1767","10/07/2025","24/07/2025",,13,"V00292","MACHINE TOOL SERVICE & REPAIR PTY LTD",,,,,,,,,,,,,,,,
"PO00026","A0000246","SERVICE AND REPAIRS","STD TRAVEL SM 9/7/25",,"AG00062","MACHINE SHOP TOOLING AND CONSUMERABLES",1,"L00124",0,0,0,0,"AUD",0,0,0,0,"Received","Received","Admin","11/07/2025","11/07/2025","24/07/2025",,"10/07/2025","INV-1767","10/07/2025","24/07/2025",,13,"V00292","MACHINE TOOL SERVICE & REPAIR PTY LTD",,,,,,,,,,,,,,,,
"PO00026","A0000246","SERVICE AND REPAIRS","VELOCITE 3 SPINDLE OIL 20L",,"AG00062","MACHINE SHOP TOOLING AND CONSUMERABLES",1,"L00122",274,27.4,301.4,274,"AUD",274,27.4,301.4,274,"Received","Received","Admin","11/07/2025","11/07/2025","24/07/2025",,"10/07/2025","INV-1767","10/07/2025","24/07/2025",,13,"V00292","MACHINE TOOL SERVICE & REPAIR PTY LTD",,,,,,,,,,,,,,,,
"PO00025","A0000217","M6WZPE - M6X12.5X1.2 ENG WASHER Z/P",,,"AG00007","Fastener",200,"L00114",4,0.4,4.4,0.02,"$",4,0.4,4.4,0.02,"Received","Received","Admin","11/07/2025","18/07/2025","30/08/2025",,"08/07/2025","INV-44862","08/07/2025","30/08/2025",,43,"V00128","BUILD IT FASTENERS",,,,,,,,,,,,,,,,
"PO00025","A0000220","METH1L - METHYLATED SPIRITS 1 LTR",,,"AG000011","WORKSHOP GENERAL SUPPLIES",1,"L00117",8.2,0.82,9.02,8.2,"$",8.2,0.82,9.02,8.2,"Received","Received","Admin","11/07/2025","18/07/2025","30/08/2025",,"08/07/2025","INV-44862","08/07/2025","30/08/2025",,43,"V00128","BUILD IT FASTENERS",,,,,,,,,,,,,,,,
"PO00025","A0000244","GFDSS12540 - ALPHA 125X22.2MM 40G ZIRCONIA FLAP DISC",,,"AG00004.1","Vaclift",10,"L00113",73,7.3,80.3,7.3,"$",73,7.3,80.3,7.3,"Received","Received","Admin","11/07/2025","18/07/2025","30/08/2025",,"08/07/2025","INV-44862","08/07/2025","30/08/2025",,43,"V00128","BUILD IT FASTENERS",,,,,,,,,6.57,,,,,,,
"PO00025","A0000245","GCDSS12510 - ALPHA 125X1.0X22 INOX FLAT C/OFF WHEEL",,,,,50,"L00116",99,9.9,108.9,1.98,"$",99,9.9,108.9,1.98,"Received","Received","Admin","11/07/2025","18/07/2025","30/08/2025",,"08/07/2025","INV-44862","08/07/2025","30/08/2025",,43,"V00128","BUILD IT FASTENERS",,,,,,,,,1.90,,,,,,,
"PO00025","M8 FLAT WASHER ZP","M8 FLAT WASHER ZP",,"M8WZPE","AG00007","Fastener",200,"L00115",4,0.4,4.4,0.02,"$",4,0.4,4.4,0.02,"Received","Received","Admin","11/07/2025","18/07/2025","30/08/2025",,"08/07/2025","INV-44862","08/07/2025","30/08/2025",,43,"V00128","BUILD IT FASTENERS",,,,,,,,,,,,,,,,
"PO00024","A0000232","AOMT170508PEER-GACU2500 INSERT",,,"AG00062","MACHINE SHOP TOOLING AND CONSUMERABLES",10,"L00101",168.86,16.89,185.75,16.886,"$",168.86,16.89,185.75,16.886,"Received","Received","Admin","10/07/2025","10/07/2025","29/08/2025",,"02/07/2025",808005,"02/07/2025","10/07/2025",,50,"V00135","SEI CARBIDE",,,,,,"N",,,,,,,,,,
"PO00024","A0000233","AXMT123508PEER-GACP100 INSERT",,,"AG00062","MACHINE SHOP TOOLING AND CONSUMERABLES",20,"L00102",136.95,13.7,150.65,6.8475,"$",136.95,13.7,150.65,6.8475,"Received","Received","Admin","10/07/2025","10/07/2025","29/08/2025",,"02/07/2025",808005,"02/07/2025","10/07/2025",,50,"V00135","SEI CARBIDE",,,,,,"N",,,,,,,,,,
"PO00024","A0000234","AMOT170508PEER-GACP100 INSERT",,,"AG00062","MACHINE SHOP TOOLING AND CONSUMERABLES",10,"L00103",168.86,16.89,185.75,16.886,"$",168.86,16.89,185.75,16.886,"Received","Received","Admin","10/07/2025","10/07/2025","29/08/2025",,"02/07/2025",808005,"02/07/2025","10/07/2025",,50,"V00135","SEI CARBIDE",,,,,,"N",,,,,,,,,,
"PO00024","A0000235","TPMT160404N-SU AC630M",,,"AG00062","MACHINE SHOP TOOLING AND CONSUMERABLES",10,"L00104",148.58,14.86,163.44,14.858,"$",148.58,14.86,163.44,14.858,"Received","Received","Admin","10/07/2025","10/07/2025","29/08/2025",,"02/07/2025",808005,"02/07/2025","10/07/2025",,50,"V00135","SEI CARBIDE",,,,,,"N",,,,,,,,,,
"PO00024","A0000236","TPMT160408N-SU AC630M INSERT",,,"AG00062","MACHINE SHOP TOOLING AND CONSUMERABLES",10,"L00105",148.58,14.86,163.44,14.858,"$",148.58,14.86,163.44,14.858,"Received","Received","Admin","10/07/2025","10/07/2025","29/08/2025",,"02/07/2025",808005,"02/07/2025","10/07/2025",,50,"V00135","SEI CARBIDE",,,,,,"N",,,,,,,,,,
"PO00024","A0000238","GCMN4002-GG AC530U INSERT GENERAL PURPOSE","GCMN2002-GG AC530U",,"AG00062","MACHINE SHOP TOOLING AND CONSUMERABLES",5,"L00112",108.24,10.82,119.06,21.648,"$",108.24,10.82,119.06,21.648,"Received","Received","Admin","10/07/2025","10/07/2025","29/08/2025",,"02/07/2025",808005,"02/07/2025","10/07/2025",,50,"V00135","SEI CARBIDE",,,,,,"N",,,,,,,,,,
"PO00024","A0000239","SCS4 SPARE PART",,,"AG00062","MACHINE SHOP TOOLING AND CONSUMERABLES",3,"L00106",22.15,2.22,24.37,7.3833333333333,"$",22.15,2.22,24.37,7.3833333333333,"Received","Received","Admin","10/07/2025","10/07/2025","29/08/2025",,"02/07/2025",808005,"02/07/2025","10/07/2025",,50,"V00135","SEI CARBIDE",,,,,,"N",,,,,,,,,,
"PO00024","A0000240","LCL4 SPARE PART",,,"AG00062","MACHINE SHOP TOOLING AND CONSUMERABLES",3,"L00107",58.82,5.88,64.7,19.606666666667,"$",58.82,5.88,64.7,19.606666666667,"Received","Received","Admin","10/07/2025","10/07/2025","29/08/2025",,"02/07/2025",808005,"02/07/2025","10/07/2025",,50,"V00135","SEI CARBIDE",,,,,,"N",,,,,,,,,,
"PO00024","A0000241","LSC42 SPARE PART",,,"AG00062","MACHINE SHOP TOOLING AND CONSUMERABLES",5,"L00108",63.48,6.35,69.83,12.696,"$",63.48,6.35,69.83,12.696,"Received","Received","Admin","10/07/2025","10/07/2025","29/08/2025",,"02/07/2025",808005,"02/07/2025","10/07/2025",,50,"V00135","SEI CARBIDE",,,,,,"N",,,,,,,,,,
"PO00024","A0000242","LSD42 SPARE PART",,,"AG00062","MACHINE SHOP TOOLING AND CONSUMERABLES",5,"L00109",78.36,7.84,86.2,15.672,"$",78.36,7.84,86.2,15.672,"Received","Received","Admin","10/07/2025","10/07/2025","29/08/2025",,"02/07/2025",808005,"02/07/2025","10/07/2025",,50,"V00135","SEI CARBIDE",,,,,,"N",,,,,,,,,,
"PO00024","A0000243","LSP4 SPARE PART",,,"AG00062","MACHINE SHOP TOOLING AND CONSUMERABLES",5,"L00110",15.96,1.6,17.56,3.192,"$",15.96,1.6,17.56,3.192,"Received","Received","Admin","10/07/2025","10/07/2025","29/08/2025",,"02/07/2025",808005,"02/07/2025","10/07/2025",,50,"V00135","SEI CARBIDE",,,,,,"N",,,,,,,,,,
"PO00024","A00141","FREIGHT INWARD","FREIGHT",,"AG00011","FREIGHT INWARD",1,"L00111",18,1.8,19.8,18,"$",18,1.8,19.8,18,"Received","Received","Admin","10/07/2025","10/07/2025","29/08/2025",,"02/07/2025",808005,"02/07/2025","10/07/2025",,50,"V00135","SEI CARBIDE",,,,,,"N",,,,,,,,,,
"PO00023","PHV_470_225_W_002","PHV 470 x 225 x 122H Hanger Plate TB65 Weldment","Electropolish all parts",,"AG00004.1","Vaclift",27,"L00100",2835,283.5,3118.5,105,"$",2835,283.5,3118.5,105,"Received","Received","David C","10/07/2025","17/07/2025","16/07/2025",,"10/07/2025",0000,,,,0,"V00279","SOUTHERN STAINLESS",,"STOCK","Y","DAVID C",,"Y",,,,,,,,,,
"PO00022","A0000221","VACLIFT PACKING CRATE PAC_CVLB003#671",,,"AG00004.1","Vaclift",1,"L00099",180,18,198,180,"AUD",180,18,198,180,"Received","Received","Admin","09/07/2025","09/07/2025","30/07/2025",,"16/06/2025",000103372,"01/07/2025","30/08/2025",,21,"V00290","NERANG CABINETS",,"STOCK","Y","DAVID C",,,,,,,,,,,,
"PO00021","A0000217","M6WZPE - M6X12.5X1.2 ENG WASHER Z/P",,,"AG00007","Fastener",200,"L00095",4,0.4,4.4,0.02,"AUD",4,0.4,4.4,0.02,"Received","Received","Admin","09/07/2025","16/07/2025","30/07/2025",,"08/07/2025","INV-44868","08/07/2025","30/08/2025",,14,"V00128","BUILD IT FASTENERS",,"STOCK","Y","DAVID C",,,,,,,,,,,,
"PO00021","A0000218","GFDSS12540 - ALPHA 125X22.2MM 40G ZIRCONIA FLAP DISC",,,"AG000011","WORKSHOP GENERAL SUPPLIES",10,"L00096",73,7.3,80.3,7.3,"AUD",73,7.3,80.3,7.3,"Received","Received","Admin","09/07/2025","16/07/2025","30/07/2025",,"08/07/2025","INV-44868","08/07/2025","30/08/2025",,14,"V00128","BUILD IT FASTENERS",,"STOCK","Y","DAVID C",,,,,,,,,,,,
"PO00021","A0000219","GFDSS12510 - ALPHA 125X1.0X22 INOX FLAT C/OFF WHEEL",,,"AG000011","WORKSHOP GENERAL SUPPLIES",50,"L00097",99,9.9,108.9,1.98,"AUD",99,9.9,108.9,1.98,"Received","Received","Admin","09/07/2025","16/07/2025","30/07/2025",,"08/07/2025","INV-44868","08/07/2025","30/08/2025",,14,"V00128","BUILD IT FASTENERS",,"STOCK","Y","DAVID C",,,,,,,,,,,,
"PO00021","A0000220","METH1L - METHYLATED SPIRITS 1 LTR",,,"AG000011","WORKSHOP GENERAL SUPPLIES",1,"L00098",8.2,0.82,9.02,8.2,"AUD",8.2,0.82,9.02,8.2,"Received","Received","Admin","09/07/2025","16/07/2025","30/07/2025",,"08/07/2025","INV-44868","08/07/2025","30/08/2025",,14,"V00128","BUILD IT FASTENERS",,"STOCK","Y","DAVID C",,,,,,,,,,,,
"PO00021","M8 FLAT WASHER ZP","M8 FLAT WASHER ZP","M8X17X1.2 ENG WASHER Z/P","M8WZPE","AG00007","Fastener",200,"L00094",4,0.4,4.4,0.02,"AUD",4,0.4,4.4,0.02,"Received","Received","Admin","09/07/2025","16/07/2025","30/07/2025",,"08/07/2025","INV-44868","08/07/2025","30/08/2025",,14,"V00128","BUILD IT FASTENERS",,"STOCK","Y","DAVID C",,,,,,,,,,,,
"PO00020","A0000216","ZINC PLATING PARTS","ZINC PLATING PARTS UOM MIN CHARGE",,"AG00004.1","Vaclift",1,"L00093",110.31,11.03,121.34,110.31,"AUD",110.31,11.03,121.34,110.31,"Received","Received","Admin","09/07/2025","09/07/2025","09/07/2025",,"07/07/2025","INV-21035","07/07/2025","09/07/2025",,0,"V00122","GOLD COAST ELECTROPLATING",,,,,,,,,,,,,,,,
"PO00019","PB_03_W_001","Slew Header Weldment","Powder Coat Satin Black",,"AG00004.2","PipeBOSS",1,"L00083",1513.96,151.4,1665.36,1513.96,"$",1513.96,151.4,1665.36,1513.96,"Received","Received","David C","09/07/2025","23/07/2025","21/07/2025",,"09/07/2025","INV-BPC18635","17/07/2025","30/08/2025","17/07/2025",0,"V00183","BUNDALL POWDER COATING",,"STOCK","Y","DAVID C",,"Y",,,,,,,,,,
"PO00019","PB_04_010","Slide Spacer Plate","Powder Coat Satin Black",,"AG00004.2","PipeBOSS",2,"L00092",60,6,66,30,"$",60,6,66,30,"Received","Received","David C","09/07/2025","23/07/2025","21/07/2025",,"09/07/2025","INV-BPC18635","17/07/2025","30/08/2025","17/07/2025",0,"V00183","BUNDALL POWDER COATING",,"STOCK","Y","DAVID C",,"Y",,,,,,,,,,
"PO00019","PB_04_W_001","Top Slide Header Weldment","Powder Coat Green Leaf  Satin 90N6167S",,"AG00004.2","PipeBOSS",1,"L00085",220,22,242,220,"$",220,22,242,220,"Received","Received","David C","09/07/2025","23/07/2025","21/07/2025",,"09/07/2025","INV-BPC18635","17/07/2025","30/08/2025","17/07/2025",0,"V00183","BUNDALL POWDER COATING",,"STOCK","Y","DAVID C",,"Y",,,,,,,,,,
"PO00019","PB_04_W_002","Slide Plate Weldment","Powder Coat Green Leaf  Satin 90N6167S",,"AG00004.2","PipeBOSS",1,"L00086",190,19,209,190,"$",190,19,209,190,"Received","Received","David C","09/07/2025","23/07/2025","21/07/2025",,"09/07/2025","INV-BPC18635","17/07/2025","30/08/2025","17/07/2025",0,"V00183","BUNDALL POWDER COATING",,"STOCK","Y","DAVID C",,"Y",,,,,,,,,,
"PO00019","PB_04_W_003","Tool Hanger Weldment","Powder Coat Green Leaf  Satin 90N6167S",,"AG00004.2","PipeBOSS",1,"L00087",180,18,198,180,"$",180,18,198,180,"Received","Received","David C","09/07/2025","23/07/2025","21/07/2025",,"09/07/2025","INV-BPC18635","17/07/2025","30/08/2025","17/07/2025",0,"V00183","BUNDALL POWDER COATING",,"STOCK","Y","DAVID C",,"Y",,,,,,,,,,
"PO00019","PB_05_W_001","Pipe Jaw Ø280 to 865 FLOATING WELDMENT","Powder Coat Green Leaf  Satin 90N6167S",,"AG00004.2","PipeBOSS",2,"L00088",580,58,638,290,"$",580,58,638,290,"Received","Received","David C","09/07/2025","23/07/2025","21/07/2025",,"09/07/2025","INV-BPC18635","17/07/2025","30/08/2025","17/07/2025",0,"V00183","BUNDALL POWDER COATING",,"STOCK","Y","DAVID C",,"Y",,,,,,,,,,
"PO00019","PB_05_W_002","Pipe Control Arm Finish","Powder Coat Satin Black",,"AG00004.2","PipeBOSS",1,"L00089",49.5,4.95,54.45,49.5,"$",49.5,4.95,54.45,49.5,"Received","Received","David C","09/07/2025","23/07/2025","21/07/2025",,"09/07/2025","INV-BPC18635","17/07/2025","30/08/2025","17/07/2025",0,"V00183","BUNDALL POWDER COATING",,"STOCK","Y","DAVID C",,"Y",,,,,,,,,,
"PO00019","PB_05_W_002~01","Pipe Control Arm LH Finish","Powder Coat Satin Black",,"AG00004.2","PipeBOSS",1,"L00090",49.5,4.95,54.45,49.5,"$",49.5,4.95,54.45,49.5,"Received","Received","David C","09/07/2025","23/07/2025","21/07/2025",,"09/07/2025","INV-BPC18635","17/07/2025","30/08/2025","17/07/2025",0,"V00183","BUNDALL POWDER COATING",,"STOCK","Y","DAVID C",,"Y",,,,,,,,,,
"PO00019","PB_06_027","Battery Access Door","Powder Coat Green Leaf  Satin 90N6167S",,"AG00004.2","PipeBOSS",1,"L00091",8,0.8,8.8,8,"$",8,0.8,8.8,8,"Received","Received","David C","09/07/2025","23/07/2025","21/07/2025",,"09/07/2025","INV-BPC18635","17/07/2025","30/08/2025","17/07/2025",0,"V00183","BUNDALL POWDER COATING",,"STOCK","Y","DAVID C",,"Y",,,,,,,,,,
"PO00018","308105-ZG308105","ENDUROMAX CYLINDER",,,"AG00004.3","Water Jet Cutting",3,"L00071",1058.4,,1058.4,352.8,"AUD",1058.4,,1058.4,352.8,"Received","Received","Admin","07/07/2025","07/07/2025","21/07/2025",,"03/07/2025","2025XM00030","03/07/2025",,,14,"V00289","ZAIGEO GROUP",,,,,,,,,,"ZAIGEO GROUP",,,,,,
"PO00018","320303-13-ZG102-13","MAXJET 5I SIZE0.013IN. (0.33 MM) DIAMOND NOZZLE ASSEMBLY",,,"AG00004.3","Water Jet Cutting",1,"L00072",946.1,,946.1,946.1,"AUD",946.1,,946.1,946.1,"Received","Received","Admin","07/07/2025","07/07/2025","21/07/2025",,"03/07/2025","2025XM00030","03/07/2025",,,14,"V00289","ZAIGEO GROUP",,,,,,,,,,"ZAIGEO GROUP",,,,,,
"PO00017","M24 FLAT WASHER GRADE 8 HARDENED ZP","M24 FLAT WASHER GRADE 8 HARDENED ZP",,,"AG00004.2","PipeBOSS",2,"L00070",0.96,0.1,1.06,0.48,"$",0.96,0.1,1.06,0.48,"Received","Received","Admin","07/07/2025","07/07/2025","02/07/2025","V00128","02/07/2025","INV-44743","02/07/2025","02/07/2025","02/07/2025",0,"V00128","BUILD IT FASTENERS",,,,,,,,,0.48,,,,,,,
"PO00017","M24 HH Bolt 90mm L Gr 8.8 ZP","M24 HEX HEAD BOLT 90MM L GR 8.8 ZP",,,"AG00004.2","PipeBOSS",2,"L00068",7.8,0.78,8.58,3.9,"$",7.8,0.78,8.58,3.9,"Received","Received","Admin","07/07/2025","07/07/2025","02/07/2025","V00128","02/07/2025","INV-44743","02/07/2025","02/07/2025","02/07/2025",0,"V00128","BUILD IT FASTENERS",,,,,,,,,3.90,,,,,,,
"PO00017","M24 PLAIN NUT ZP","M24 PLAIN NUT ZP",,,"AG00007","Fastener",2,"L00069",1.75,0.18,1.93,0.875,"$",1.75,0.18,1.93,0.875,"Received","Received","Admin","07/07/2025","07/07/2025","02/07/2025","V00128","02/07/2025","INV-44743","02/07/2025","02/07/2025","02/07/2025",0,"V00128","BUILD IT FASTENERS",,,,,,,,,0.875,,,,,,,
"PO00015","CVLBMP1000_001","Main Assembly 1000KG WLL BASE","Powder Coat Blaze Blue",,"AG00004.1","Vaclift",2,"L00041",130,13,143,65,"$",130,13,143,65,"Received","Received","David C","01/07/2025","11/07/2025","30/07/2025",,"01/07/2025","INV-BPC18623","10/07/2025","30/08/2025",,19,"V00183","BUNDALL POWDER COATING",,"STOCK","Y","DAVID C",,"Y",,,,,,,,,,
"PO00015","SDL_T_40_001","Leg Cap Weldment","Powder Coat Safety Yellow",,"AG00004.1","Vaclift",10,"L00042",490,49,539,49,"$",490,49,539,49,"Received","Received","David C","01/07/2025","11/07/2025","30/07/2025",,"01/07/2025","INV-BPC18623","10/07/2025","30/08/2025",,19,"V00183","BUNDALL POWDER COATING",,"STOCK","Y","DAVID C",,"Y",,,,,,,,,,
"PO00014","VLPA-024","1/4BSPT to 1/4BSPT male joiner nipple brass","1 BAG CONTAINING 100 PEICES","PC8-02","AG00005.2","Air System",100,"L00039",145.42,0,145.42,1.4542,"$",145.42,0,145.42,1.4542,"Received","Received","Admin","01/07/2025","01/07/2025","29/09/2025","25KPL1007","01/07/2025","25KPL1007","09/08/2025","22/09/2025",,90,"V00060","NINGBO KEPLER AUTOMATION CO., LTD (NINGBO SHIMAOTONG INTERNATIONAL",,,,,,"N",,,,,,,"NINGBO KEPLER AUTOMATION","'-","SCMM1/4-1/4 (JW-02)",
"PO00014","VLPA-036","1/4 BSPT to 8mm 90deg fitting Steel","1 BAG CONTAINING 100 PEICES",,"AG00005.2","Air System",100,"L00040",71.47,0,71.47,0.7147,"$",71.47,0,71.47,0.7147,"Received","Received","Admin","01/07/2025","01/07/2025","29/09/2025","25KPL1007","01/07/2025","25KPL1007","09/08/2025","22/09/2025",,90,"V00060","NINGBO KEPLER AUTOMATION CO., LTD (NINGBO SHIMAOTONG INTERNATIONAL",,,,,,"N",,,0,,,,"NINGBO KEPLER AUTOMATION","'-","PC8-02",
"PO00014","VLPA-038","Air Ram assembly 125x200 (large) over 500kg",,,"AG00005.2","Air System",1,"L00038",177,0,177,177,"$",177,0,177,177,"Received","Received","Admin","01/07/2025","01/07/2025","29/09/2025","25KPL1007","01/07/2025","25KPL1007","09/08/2025","22/09/2025",,90,"V00060","NINGBO KEPLER AUTOMATION CO., LTD (NINGBO SHIMAOTONG INTERNATIONAL",,,,,,"N",,,,,,,"ningbo kepler automation","'-",,
"PO00014","VLPE-002","Valve/solenoid vent 2V025-08 12VDC 1/4BSP F/F",,"K2V025-08","AG00005.3","Electrical",40,"L00037",256.58,0,256.58,6.4145,"$",256.58,0,256.58,6.4145,"Received","Received","Admin","01/07/2025","01/07/2025","29/09/2025","25KPL1007","01/07/2025","25KPL1007","09/08/2025","22/09/2025",,90,"V00060","NINGBO KEPLER AUTOMATION CO., LTD (NINGBO SHIMAOTONG INTERNATIONAL",,,,,,"N",,,,"kaiyuanpneumatic.com",,"2V025-08 DC12V","Ningbo Keppler Automation","'-",,
"PO00013","PHV_470_225_W_002","PHV 470 x 225 x 122H Hanger Plate TB65 Weldment",,,"AG00004.1","Vaclift",20,"L00036",400,40,440,20,"$",400,40,440,20,"Received","Received","Admin","30/06/2025","01/07/2025","08/08/2025",,"30/06/2025",62977,"03/07/2025","30/08/2025",,38,"V00279","SOUTHERN STAINLESS",,"STOCK","Y","DAVID C",,"Y",,,,,,,,,,
"PO00012","A00140","VACLIFT HI VAC BACKING PLATES TO BE RUBBER BONDED",,,"AG00001","Paint, Coatings & Plating",30,"L00034",2575.5,257.55,2833.05,85.85,"$",2575.5,257.55,2833.05,85.85,"Received","Received","Admin","25/06/2025","09/07/2025","16/06/2025",,"26/06/2025",45627,"25/06/2025","26/06/2025",,0,"CU0001","ALLIED RUBBER",,,,,,,,,85.85,,,,,,,
"PO00011","A00094","FRAGILE PACKING TAPE","6 ROLLS",,"AG000011","WORKSHOP GENERAL SUPPLIES",6,"L00029",25.5,2.55,28.05,4.25,"$",25.5,2.55,28.05,4.25,"Received","Received","Kemal","23/06/2025","23/06/2025","31/07/2025",,"23/06/2025","IN477308","23/06/2025","31/07/2025","31/07/2025",38,"V00113","ABL DISTRIBUTION",,"STOCK","Y","STEPHEN P",,,,,,,,,,,,
"PO00011","A00095","16MM METAL STRAPPING",,,"AG000011","WORKSHOP GENERAL SUPPLIES",14,"L00030",57.68,5.77,63.45,4.12,"$",57.68,5.77,63.45,4.12,"Received","Received","Kemal","23/06/2025","23/06/2025","31/07/2025",,"23/06/2025","IN477308","23/06/2025","31/07/2025","31/07/2025",38,"V00113","ABL DISTRIBUTION",,"STOCK","Y","STEPHEN P",,,,,,,,,,,,
"PO00010","A00141","FREIGHT INWARD","FREIGHT",,"AG00011","FREIGHT INWARD",1,"L00199",25.8,2.58,28.38,25.8,"$",25.8,2.58,28.38,25.8,"Received","Received","Kemal","19/06/2025","21/07/2025","31/07/2025",,"19/06/2025","I0248208","20/06/2025","30/07/2025","20/06/2025",10,"V00171","TAIPAN PTY LTD","PARTS AS PER INVOICE I0244411
CONTACT: DAVID CUMMINS 07 5597 0511",,,,,,,,,,,,,,,
"PO00010","VLPH-006","Hydraulic hose and 90deg fitting 450mm",,,"AG00005.1","Hydraulic",12,"L00025",677.75,67.78,745.53,56.479166666667,"$",677.75,67.78,745.53,56.479166666667,"Received","Received","Kemal","19/06/2025","19/06/2025","31/07/2025",,"19/06/2025","I0248208","20/06/2025","30/07/2025","20/06/2025",42,"V00171","TAIPAN PTY LTD","PARTS AS PER INVOICE I0244411
CONTACT: DAVID CUMMINS 07 5597 0511",,,,,,,,"$23",,,,"'-","'-",,
"PO00007","A00141","FREIGHT INWARD","FREIGHT",,"AG00011","FREIGHT INWARD",1,"L00362",385.53,0,385.53,385.53,"$",385.53,0,385.53,385.53,"Received","Received","Kemal","19/06/2025","08/08/2025","15/08/2025",,"19/06/2025","MS20250728-A028","28/07/2025","08/08/2025",,7,"V00020","Ningbo Yinzhou Maisi Mechanical & Electrical Co., Ltd",,,,,,"N",,,,,,,,,,
"PO00007","VLPE-004","Compressor 12V 8A 35L/min",,"GZ 35-12 A/F35L/m","AG00005.3","Electrical",10,"L00022",1362.13,0,1362.13,136.213,"$",1362.13,0,1362.13,136.213,"Received","Received","Kemal","19/06/2025","19/06/2025","15/08/2025",,"19/06/2025","MS20250728-A028","28/07/2025","08/08/2025",,57,"V00020","Ningbo Yinzhou Maisi Mechanical & Electrical Co., Ltd",,,,,,"N",,,"$88.00","maisigroup.com","$230.00","GZ35 -12V",,"'-",,
"PO00006","A0001109","LASERMAX DUAL LAYER ACRYLIC CANARY YELLOW/BLK 1200X600MM ADHESIVE BACKED 3M467",,"LM922704","AG00009.13","Material Raw Plastics",1,"L00019",84,8.4,92.4,84,"$",84,8.4,92.4,84,"Received","Received","Kemal","19/06/2025","26/06/2025","06/08/2025",,"19/06/2025","55010-000","04/08/2025","05/08/2025",,41,"V00004","ROWMARK",,,,,,,,,84.00,"ROWMARK",,,,,,
"PO00006","A00141","FREIGHT INWARD",,,"AG00011","FREIGHT INWARD",1,"L00314",25,2.5,27.5,25,"$",25,2.5,27.5,25,"Received","Received","Kemal","19/06/2025","04/08/2025","06/08/2025",,"19/06/2025","55010-000","04/08/2025","05/08/2025",,2,"V00004","ROWMARK",,,,,,,,,,,,,,,,
"PO00006","Lmm-600","Black 250g Etching Paint",,"LMM-600","AG00001","Paint, Coatings & Plating",1,"L00020",295,29.5,324.5,295,"$",295,29.5,324.5,295,"Received","Received","Kemal","19/06/2025","26/06/2025","06/08/2025",,"19/06/2025","55010-000","04/08/2025","05/08/2025",,41,"V00004","ROWMARK",,,,,,,,,295.00,"ROWMARK",,,,,,
"PO00005","CVL1000NT_01MF_001_REV A","Main Frame 0-1000kg Weldment Combined",,,"AG00004.1","Vaclift",2,"L00015",2,,2,1,"$",2,,2,1,"Received","Received","David C","18/06/2025","18/06/2025","27/06/2025",,"19/06/2025","INV-BPC18597","27/06/2025","30/07/2025",,9,"V00183","BUNDALL POWDER COATING","All items to be powder coated as per previously supplied drawings","STOCK","Y","DAVID C",,"Y",,,,,,,,,,
"PO00005","FVL1000NT_01MF_001","Main Frame 0-1000kg Weldment",,,"AG00004.1","Vaclift",1,"L00016",1,,1,1,"$",1,,1,1,"Received","Received","David C","18/06/2025","18/06/2025","27/06/2025",,"19/06/2025","INV-BPC18597","27/06/2025","30/07/2025",,9,"V00183","BUNDALL POWDER COATING","All items to be powder coated as per previously supplied drawings","STOCK","Y","DAVID C",,"Y",,,,,,,,,,
"PO00005","FVL1500HT_01MF_001_REV B","Main Frame 501 - 1500kg Weldment",,,"AG00004.1","Vaclift",1,"L00017",1,,1,1,"$",1,,1,1,"Received","Received","David C","18/06/2025","18/06/2025","27/06/2025",,"19/06/2025","INV-BPC18597","27/06/2025","30/07/2025",,9,"V00183","BUNDALL POWDER COATING","All items to be powder coated as per previously supplied drawings","STOCK","Y","DAVID C",,"Y",,,,,,,,,,
"PO00005","HA_CVL_W_0690_001","CVL Handle Frame 690mm L Weldment",,,"AG00004.1","Vaclift",2,"L00014",2,,2,1,"$",2,,2,1,"Received","Received","David C","18/06/2025","18/06/2025","27/06/2025",,"19/06/2025","INV-BPC18597","27/06/2025","30/07/2025",,9,"V00183","BUNDALL POWDER COATING","All items to be powder coated as per previously supplied drawings","STOCK","Y","DAVID C",,"Y",,,,,,,,,,
"PO00005","SDL_W_40_360_001 OBSOLETE","Set Down Leg NT & Tilting, Pad Height 0 - 179mm",,,"AG00004.1","Vaclift",2,"L00018",2,,2,1,"$",2,,2,1,"Received","Received","David C","18/06/2025","18/06/2025","27/06/2025",,"19/06/2025","INV-BPC18597","27/06/2025","30/07/2025",,9,"V00183","BUNDALL POWDER COATING","All items to be powder coated as per previously supplied drawings","STOCK","Y","DAVID C",,"Y",,,,,,,,,,
"PO00004","A00141","FREIGHT INWARD",,,"AG00011","FREIGHT INWARD",1,"L00035",13,0,13,13,"AUD",20,0,20,20,"Received","Received","Kemal","18/06/2025","27/06/2025","31/07/2025",,"18/06/2025","PDM2506192032","20/06/2025",,,34,"V00287","PDMINDUSTRY LIMITED",,,,,,,,,,,,,,,,
"PO00004","DP_10_01_000","Ø10 Detent Pin 26mm L Assembly",,,"AG00004","Blue Water Engineering",600,"L00013",2809.677,0,2809.677,4.682795,"AUD",4322.58,0,4322.58,7.2043,"Received","Received","Kemal","18/06/2025","01/08/2025","31/07/2025",,"18/06/2025","PDM2506192032","20/06/2025",,,0,"V00287","PDMINDUSTRY LIMITED",,,,,,,,,,"PDM Industry",,,,,,
"PO00002","A00003","Part C",,,,,400,"L00003",1,0.07,1.07,0.0025,"$",1,0.07,1.07,0.0025,"Received","Received","David C","06/05/2025","09/05/2025","09/05/2025",1111,"05/06/2025",2222,"07/05/2025","07/05/2025","08/05/2025",0,"V00002","Light Emitting Co",,"test",,"DAVID C",,,,,,,,,,,,
"PO00002","A00004","Part D",,,,,10,"L00004",1,0.07,1.07,0.1,"$",1,0.07,1.07,0.1,"Received","Received","David C","06/05/2025","09/05/2025","09/05/2025",1111,"05/06/2025",2222,"07/05/2025","07/05/2025","08/05/2025",0,"V00002","Light Emitting Co",,"test",,"DAVID C",,,,,,,,,,,,
"PO00001","A00001","Part A",,,,,400,"L00001",0,0,0,0,"$",0,0,0,0,"Received","Received","David C","06/05/2025","09/05/2025","09/05/2025",,,123,,,,0,"V00001","Big Case Molding",,,,,,,,,,,,,,,,
"PO00001","A00002","Part B",,"TFA-8",,,200,"L00002",0,0,0,0,"$",0,0,0,0,"Received","Received","David C","06/05/2025","09/05/2025","09/05/2025",,,123,,,,0,"V00001","Big Case Molding",,,,,,,,,,,,,,,,
