"Number","Total","Tax","Total including tax","Paid","Unpaid","Currency","Total (in currency)","Tax (in currency)","Total including tax (in currency)","Paid (in currency)","Unpaid (in currency)","Status","Invoice status","Payment status","Created by","Created","Expected date","Arrival date","Order ID","Order date","Invoice ID","Invoice date","Due date","Shipped on","Delay","Vendor number","Vendor name","PO free text","Total quantity","B.W.E. Job ID","PO Emailed","Attention","NOTES","ACCOUNT"
"PO00505",2684,268.4,2952.4,0,2952.4,"AUD",2684,268.4,2952.4,0,2952.4,"Ordered","Not invoiced","Unpaid","Admin","04/08/2026","11/08/2026",,,"04/08/2026",,,"11/08/2026",,,"V00245","MIDWAY METALS",,,"JET","Y","DERRYN F",,"Y"
"PO00504",1,,1,0,1,"$",1,,1,0,1,"Ordered","Not invoiced","Unpaid","Admin","31/07/2026","04/08/2026",,,"31/07/2026",,,,,,"V00193","PR CLEANING RAGS",,1 ,"RAGS",,"DERRYN F",,"Y"
"PO00503",1940.1,194.01,2134.11,0,2134.11,"$",1940.1,194.01,2134.11,0,2134.11,"Ordered","Not invoiced","Unpaid","Admin","30/07/2026","04/08/2026",,,"30/07/2026",,,"05/08/2026",,,"V00087","VULCAN ENGINEERING STEELS",,,"FLAT","Y","DERRYN F",,
"PO00502",2,0.2,2.2,0,2.2,"AUD",2,0.2,2.2,0,2.2,"Ordered","Not invoiced","Unpaid","Admin","30/07/2026","30/07/2026",,,"30/07/2026",,,,,5,"V00279","SOUTHERN STAINLESS",,2 ,"EPOLISH","Y","DERRYN F",,"Y"
"PO00501",3,0.3,3.3,0,3.3,"$",3,0.3,3.3,0,3.3,"New PO","Not invoiced","Unpaid","David C","27/07/2026","27/07/2026",,,,,,,,8,"V00245","MIDWAY METALS",,3 ,"STOCK","Y","DERRYN F",,"Y"
"PO00500",13,1.3,14.3,0,14.3,"$",13,1.3,14.3,0,14.3,"New PO","Not invoiced","Unpaid","David C","27/07/2026","27/07/2026",,,,,,,,8,"V00122","GOLD COAST ELECTROPLATING",,13 ,"STOCK","Y","JOHN Mc",,
"PO00499",0,0,0,0,0,"AUD",0,0,0,0,0,"Ordered","Invoiced","Paid","David C","24/07/2026","30/07/2026",,,"28/07/2026",,,"31/07/2026",,5,"V00313","Dalsteel Metals",,,"STOCK","Y","DERRYN F",,
"PO00498",40,4,44,0,44,"$",40,4,44,0,44,"New PO","Not invoiced","Unpaid","David C","23/07/2026","03/08/2026",,,,,,,,1,"V00279","SOUTHERN STAINLESS",,"40 pcs","STOCK","Y","JOHN Mc",,"Y"
"PO00497",1332.2,133.22,1465.42,0,1465.42,"$",1332.2,133.22,1465.42,0,1465.42,"New PO","Not invoiced","Unpaid","David C","22/07/2026","22/07/2026",,,,,,,,13,"V00224","BRASS & COPPER PTY LTD","BWE TO ORGANISE TRANSPORT",5 ,"STOCK","Y","STEPHEN P",,
"PO00496",70,7,77,0,77,"$",70,7,77,0,77,"New PO","Not invoiced","Unpaid","David C","20/07/2026","20/07/2026",,,,,,,,15,"V00183","BUNDALL POWDER COATING",,70 ,"NATIONAL ENGINEERING","Y","DERRYN F",,"Y"
"PO00495",574.33,57.43,631.76,0,631.76,"AUD",574.33,57.43,631.76,0,631.76,"Received","Not invoiced","Unpaid","Admin","17/07/2026","22/07/2026","28/07/2026",,"17/07/2026",,,"22/07/2026",,6,9340011,"BLUESCOPE DISTRIBUTION",,,"Stock","Y","DERRYN F",,
"PO00494",378.4,37.84,416.24,0,416.24,"$",378.4,37.84,416.24,0,416.24,"Ordered","Not invoiced","Unpaid","Admin","17/07/2026","24/07/2026",,,"17/07/2026",,,"28/07/2026",,11,"V00249","BELOVED ORANGE",,1 ,"YOT","Y","DERRYN F",,
"PO00493",3,0.3,3.3,0,3.3,"$",3,0.3,3.3,0,3.3,"New PO","Not invoiced","Unpaid","David C","16/07/2026","16/07/2026",,,,,,,,19,"V00183","BUNDALL POWDER COATING",,3 ,"STOCK","Y","JOHN Mc",,"Y"
"PO00492",77.44,7.74,85.18,0,85.18,"AUD",77.44,7.74,85.18,0,85.18,"Ordered","Not invoiced","Unpaid","Admin","15/07/2026","15/07/2026",,,"15/07/2026",,,"16/07/2026",,20,"V00114","ACTION ALUMINIUM",,"8 m","noy","Y","DERRYN F",,"N"
"PO00491",1280,128,1408,0,1408,"AUD",1280,128,1408,0,1408,"Received","Not invoiced","Unpaid","Admin","15/07/2026","20/07/2026","31/07/2026",,"15/07/2026",,,"24/07/2026",,11,"V00245","MIDWAY METALS",,"40 m","GEM","Y","DERRYN F",,"Y"
"PO00490",101,10.1,111.1,0,111.1,"AUD",101,10.1,111.1,0,111.1,"Ordered","Not invoiced","Unpaid","Admin","15/07/2026","27/07/2026",,,"15/07/2026",,,"27/07/2026",,8,"V00206","SPECIALISED ANODISING SERVICE",,101 ,"ANO","Y","DERRYN F",,
"PO00489",382,38.2,420.2,0,420.2,"AUD",382,38.2,420.2,0,420.2,"Ordered","Not invoiced","Unpaid","Admin","14/07/2026","28/07/2026",,,"14/07/2026",,,"28/07/2026",,7,"V00061","BFS PLASTICS PTY LTD",,,"STOCK","Y","DERRYN F",,"N"
"PO00488",2380,238,2618,0,2618,"AUD",2380,238,2618,0,2618,"Ordered","Not invoiced","Unpaid","Admin","14/07/2026","17/07/2026",,,"14/07/2026",,,"17/07/2026",,18,"V00198","INDUSTRIAL MINERALS",,"4 pcs","JET","Y","DERRYN F",,
"PO00487",796.95,79.7,876.65,0,876.65,"$",796.95,79.7,876.65,0,876.65,"Received","Invoiced","Unpaid","David C","13/07/2026","13/07/2026","30/07/2026",,,1,"30/07/2026","30/07/2026",,17,"V00171","TAIPAN PTY LTD",,"16 pcs","STOCK","Y","JOHN Mc",,
"PO00486",2156.25,215.63,2371.88,0,2371.88,"AUD",2156.25,215.63,2371.88,0,2371.88,"New PO","Not invoiced","Unpaid","David C","13/07/2026","03/08/2026",,,,,,,,1,"V00202","HYDRAULICS NETWORK",,,"STOCK","Y","JOHN Mc",,
"PO00485",44,,44,0,44,"AUD",44,,44,0,44,"Ordered","Not invoiced","Unpaid","Admin","10/07/2026","14/07/2026",,,"10/07/2026",,,"14/07/2026",,21,"V00328","SUPAGAS",,4 ,"GAS","Y","DERRYN F","FORKLIFT GAS = $1.50 PER MONTH RENT / ARGON = $8 / SUPASHIELD","N"
"PO00484",2601,260.1,2861.1,0,2861.1,"$",2601,260.1,2861.1,0,2861.1,"New PO","Not invoiced","Unpaid","David C","10/07/2026","31/07/2026",,,,,,,,4,"CU0001","ALLIED RUBBER",,,"STOCK","Y","JOHN Mc",,
"PO00483",36,3.6,39.6,0,39.6,"$",36,3.6,39.6,0,39.6,"New PO","Not invoiced","Unpaid","David C","10/07/2026","10/07/2026",,,,,,,,25,"V00183","BUNDALL POWDER COATING",,36 ,"STOCK","Y","JOHN Mc",,"Y"
"PO00482",100,10,110,0,110,"AUD",100,10,110,0,110,"Ordered","Not invoiced","Unpaid","Admin","10/07/2026","15/07/2026",,,"10/07/2026",,,"15/07/2026",,20,"V00150","NOEL K SHEETMETAL",,1 ,"FOLDING","Y","DERRYN F",,
"PO00481",2320,232,2552,0,2552,"AUD",2320,232,2552,0,2552,"Ordered","Not invoiced","Unpaid","Admin","09/07/2026","14/07/2026",,,"09/07/2026",,,"14/07/2026",,21,"V00245","MIDWAY METALS",,"15.31 m²","VAC","Y","DERRYN F",,"Y"
"PO00480",400.38,40.04,440.42,0,440.42,"AUD",400.38,40.04,440.42,0,440.42,"Received","Not invoiced","Unpaid","Admin","08/07/2026","13/07/2026","13/07/2026",,"08/07/2026",,,"13/07/2026",,0,9340011,"BLUESCOPE DISTRIBUTION",,,"NQ","Y","DERRYN F",,
"PO00479",282.27,28.23,310.5,0,310.5,"AUD",282.27,28.23,310.5,0,310.5,"Ordered","Not invoiced","Unpaid","Admin","08/07/2026","15/07/2026",,,"08/07/2026",,,"15/07/2026",,20,"V00114","ACTION ALUMINIUM",,1 ,"STOCK","Y","DERRYN F",,"N"
"PO00478",605.67,60.6,666.27,0,666.27,"AUD",605.67,60.6,666.27,0,666.27,"New PO","Not invoiced","Unpaid","David C","07/07/2026","07/08/2026",,,,,,,,,"V00042","ALTRONICS",,,"STOCK",,"JOHN Mc",,
"PO00477",300,30,330,0,330,"AUD",300,30,330,0,330,"New PO","Not invoiced","Unpaid","Admin","07/07/2026","07/07/2026",,,,,,,,28,"V00145","CUSTOM TRUCK BODIES AND TRAILERS",,300 ,"FOLD","Y","DERRYN F",,
"PO00476",812.16,81.22,893.38,0,893.38,"AUD",812.16,81.22,893.38,0,893.38,"Ordered","Not invoiced","Unpaid","Admin","07/07/2026","17/07/2026",,,"07/07/2026",,,"17/07/2026",,18,"V00338","ABSOLUTE LASER CUTTING",,96 ,"CUT","Y","DERRYN F",,"N"
"PO00475",44.55,4.45,49,0,49,"AUD",44.55,4.45,49,0,49,"Ordered","Not invoiced","Unpaid","Admin","06/07/2026","13/07/2026",,,"06/07/2026",,,,,22,"V00128","BUILD IT FASTENERS",,,"STOCK","Y","JOHN Mc",,
"PO00474",0.38,0.04,0.42,0,0.42,"$",0.38,0.04,0.42,0,0.42,"New PO","Not invoiced","Unpaid","David C","02/07/2026","02/07/2026",,,,,,,,33,"V00128","BUILD IT FASTENERS",,"15 m","NOY NATIONWIDE ENGINEERING",,"DAVID C",,
"PO00473",259.35,,259.35,0,259.35,"$",259.35,,259.35,0,259.35,"New PO","Not invoiced","Unpaid","David C","02/07/2026","03/07/2026",,,,,,,,32,"V00070","JAYCAR",,"13 REEL","STOCK",,"DAVID C",,
"PO00472",0.3175,,0.3175,0,0.3175,"$",0.3175,,0.3175,0,0.3175,"New PO","Not invoiced","Unpaid","David C","02/07/2026","02/07/2026",,,,,,,,33,"V00128","BUILD IT FASTENERS",,"12.7 m",,,,,
"PO00471",2886.7,288.67,3175.37,0,3175.37,"$",2886.7,288.67,3175.37,0,3175.37,"New PO","Not invoiced","Unpaid","David C","01/07/2026","01/07/2026",,,,,,,,34,"V00122","GOLD COAST ELECTROPLATING",,"10 pcs","STOCK","Y","JOHN Mc",,
"PO00470",537.4,53.74,591.14,0,591.14,"$",537.4,53.74,591.14,0,591.14,"New PO","Not invoiced","Unpaid","David C","01/07/2026","15/07/2026",,,,,,,,20,"V00004","ROWMARK",,,"STOCK","Y","JOHN Mc",,
"PO00469",3696.64,369.66,4066.3,0,4066.3,"AUD",3696.64,369.66,4066.3,0,4066.3,"Received","Not invoiced","Unpaid","Admin","30/06/2026","03/07/2026","03/07/2026",,"30/06/2026",,,"03/06/2026",,0,9340011,"BLUESCOPE DISTRIBUTION",,4 ,"stock","Y","DERRYN F",,
"PO00468",1,0.1,1.1,0,1.1,"AUD",1,0.1,1.1,0,1.1,"Received","Not invoiced","Unpaid","Admin","29/06/2026","10/07/2026","03/07/2026",,"29/06/2026",,,"10/07/2026",,0,"V00150","NOEL K SHEETMETAL",,1 ,"FOLD","Y","DERRYN F",,
"PO00466",1522.61,152.26,1674.87,0,1674.87,"$",1522.61,152.26,1674.87,0,1674.87,"Received","Not invoiced","Unpaid","Admin","29/06/2026","01/07/2026","01/07/2026",,"29/06/2026",,,"01/07/2026",,0,"151193+","SELECTION STEEL",,,"STOCK","Y","DERRYN F",,"N"
"PO00465",84,,84,0,84,"AUD",84,,84,0,84,"Received","Not invoiced","Unpaid","Admin","29/06/2026","30/06/2026","06/07/2026",,"29/06/2026",,,"30/06/2026",,6,"V00328","SUPAGAS",,4 ,"GAS","Y","DERRYN F","FORKLIFT GAS = $1.50 PER MONTH RENT / ARGON = $8 / SUPASHIELD","N"
"PO00464",106.88,10.69,117.57,117.57,0,"AUD",106.88,10.69,117.57,117.57,0,"Received","Invoiced","Paid","David C","26/06/2026","03/07/2026","30/06/2026",,,1,"30/06/2026","30/07/2026",,0,"V00114","ACTION ALUMINIUM",,"10 m","NOISE GUN","Y","DAVID C",,"N"
"PO00463",2,0.2,2.2,0,2.2,"$",2,0.2,2.2,0,2.2,"New PO","Not invoiced","Unpaid","David C","26/06/2026","26/06/2026",,,,,,,,39,"V00145","CUSTOM TRUCK BODIES AND TRAILERS",,"2 pcs","WAGNERS POLE VIBRATOR","Y","DERRYN F",,
"PO00462",145,14.5,159.5,159.5,0,"$",145,14.5,159.5,159.5,0,"Received","Invoiced","Paid","David C","26/06/2026","30/06/2026","29/06/2026",1,"26/06/2026",1,"29/06/2026","29/06/2026","29/06/2026",0,"V00113","ABL DISTRIBUTION",,"1 pcs","STOCK",,"STEPHEN P",,
"PO00461",2,0.2,2.2,0,2.2,"$",2,0.2,2.2,0,2.2,"Ordered","Not invoiced","Unpaid","Admin","25/06/2026","01/07/2026",,,"25/06/2026",,,"30/06/2026",,34,"V00087","VULCAN ENGINEERING STEELS",,,"stock","Y","DERRYN F",,
"PO00460",193.7,19.37,213.07,0,213.07,"AUD",193.7,19.37,213.07,0,213.07,"Ordered","Not invoiced","Unpaid","Admin","25/06/2026","29/06/2026",,,"25/06/2026",,,"30/06/2026",,36,"V00196","PACIFIC COATINGS",,22 ,"STOCK","Y","DERRYN F",,
"PO00459",236.6,23.66,260.26,0,260.26,"AUD",236.6,23.66,260.26,0,260.26,"Ordered","Not invoiced","Unpaid","Admin","24/06/2026","30/06/2026",,,"24/06/2026",,,"30/06/2026",,35,"V00338","ABSOLUTE LASER CUTTING",,60 ,"CUT","Y","DERRYN F",,"N"
"PO00458",570,57,627,0,627,"AUD",570,57,627,0,627,"Ordered","Not invoiced","Unpaid","Admin","23/06/2026","26/06/2026",,,"23/06/2026",,,"26/06/2026",,39,"V00338","ABSOLUTE LASER CUTTING",,300 ,"CUTTING","Y","DERRYN F",,"N"
"PO00457",23,2.3,25.3,0,25.3,"$",23,2.3,25.3,0,25.3,"New PO","Not invoiced","Unpaid","David C","23/06/2026","03/07/2026",,,,,,,,32,"V00122","GOLD COAST ELECTROPLATING",,"10 pcs","STOCK","Y","JOHN Mc",,
"PO00456",25,2.5,27.5,0,27.5,"$",25,2.5,27.5,0,27.5,"New PO","Not invoiced","Unpaid","David C","22/06/2026","22/06/2026",,,,,,,,43,"V00183","BUNDALL POWDER COATING",,"25 pcs","STOCK","Y","JOHN Mc",,"Y"
"PO00455",1050,0,1050,1050,0,"USD",700,0,700,700,0,"Ordered","Invoiced","Paid","David C","19/06/2026","27/07/2026",,1,"15/06/2026",1,"01/06/2026","15/06/2026",,8,"V00031","Ultipower",,,"STOCK",,"JOHN Mc",,"N"
"PO00454",4,0.4,4.4,0,4.4,"$",4,0.4,4.4,0,4.4,"New PO","Not invoiced","Unpaid","David C","18/06/2026","18/06/2026",,,,,,,,47,"V00183","BUNDALL POWDER COATING",,"4 pcs","STOCK","Y","JOHN Mc",,"Y"
"PO00453",1,0.1,1.1,0,1.1,"$",1,0.1,1.1,0,1.1,"New PO","Not invoiced","Unpaid","David C","18/06/2026","18/06/2026",,,,,,,,47,"V00145","CUSTOM TRUCK BODIES AND TRAILERS",,"1 pcs","SN704","Y","JOHN Mc",,
"PO00451",2621.38,262.14,2883.52,2883.52,0,"$",2621.38,262.14,2883.52,2883.52,0,"Received","Invoiced","Paid","David C","17/06/2026","17/07/2026","30/06/2026",1,"23/06/2026",1,"23/06/2026","23/06/2026","30/06/2026",0,"CU0001","ALLIED RUBBER",,,"STOCK","Y","JOHN Mc",,
"PO00450",289,28.9,317.9,317.9,0,"AUD",289,28.9,317.9,317.9,0,"Ordered","Invoiced","Paid","David C","17/06/2026","24/06/2026",,1,"17/06/2026",1,"17/06/2026","22/06/2026",,41,"V00202","HYDRAULICS NETWORK",,,"WAGNERS POLE VIBRATOR","Y","DAVID C",,
"PO00449",425,42.5,467.5,0,467.5,"AUD",425,42.5,467.5,0,467.5,"Ordered","Not invoiced","Unpaid","Admin","17/06/2026","26/06/2026",,,"17/06/2026",,,,,39,"V00143","BELL FAB",,1 ,"fillter frame","Y","DERRYN F",,"Y"
"PO00448",1180,118,1298,0,1298,"AUD",1180,118,1298,0,1298,"Ordered","Not invoiced","Unpaid","Admin","17/06/2026","26/06/2026",,,"17/06/2026",,,,,39,"V00143","BELL FAB",,1 ,"FRAME","Y","DERRYN F",,"Y"
"PO00447",22,2.2,24.2,0,24.2,"$",22,2.2,24.2,0,24.2,"New PO","Not invoiced","Unpaid","David C","16/06/2026","16/06/2026",,,,,,,,49,"V00122","GOLD COAST ELECTROPLATING",,"22 pcs","stock","Y","JOHN Mc",,
"PO00446",190.36,19.04,209.4,209.4,0,"$",190.36,19.04,209.4,209.4,0,"Received","Invoiced","Paid","David C","15/06/2026","27/07/2026","25/06/2026","SF295563","15/06/2026","SF295563","15/06/2026",,,0,"V00294","Electus Distribution",,,"STOCK",,"JOHN Mc",,
"PO00445",5,0.5,5.5,0,5.5,"$",5,0.5,5.5,0,5.5,"New PO","Not invoiced","Unpaid","David C","15/06/2026","15/06/2026",,,,,,,,50,"V00145","CUSTOM TRUCK BODIES AND TRAILERS",,"5 pcs","STOCK",,"DAVID C",,
"PO00444",95.35,9.54,104.89,0,104.89,"AUD",95.35,9.54,104.89,0,104.89,"Received","Not invoiced","Unpaid","Admin","12/06/2026","17/06/2026","19/06/2026",,"12/06/2026",,,"17/06/2026",,2,"V00114","ACTION ALUMINIUM",,1 ,"BWEG","Y","DERRYN F",,"N"
"PO00443",534.36,53.44,587.8,0,587.8,"AUD",534.36,53.44,587.8,0,587.8,"Ordered","Not invoiced","Unpaid","Admin","12/06/2026","12/06/2026",,,"12/06/2026",,,"18/06/2026",,53,"V00161","VULCAN PLATE PROCESSING",,2 ,"BWEG","Y","DERRYN F",,
"PO00442",324,32.4,356.4,0,356.4,"AUD",324,32.4,356.4,0,356.4,"Ordered","Not invoiced","Unpaid","Admin","12/06/2026","19/06/2026",,,"12/06/2026",,,"19/06/2026",,46,"V00145","CUSTOM TRUCK BODIES AND TRAILERS",,12 ,"FOLD","Y","DERRYN F",,
"PO00441",1057.8,105.78,1163.58,0,1163.58,"AUD",1057.8,105.78,1163.58,0,1163.58,"Received","Not invoiced","Unpaid","Admin","11/06/2026","12/06/2026","19/06/2026",,"11/06/2026",,,"12/06/2026",,7,"151193+","SELECTION STEEL",,"11.52 m²","STOCK","Y","DERRYN F",,"N"
"PO00440",1,0.1,1.1,0,1.1,"AUD",1,0.1,1.1,0,1.1,"Ordered","Not invoiced","Unpaid","Admin","10/06/2026","11/06/2026",,,"10/06/2026",,,"11/06/2026",,54,"V00279","SOUTHERN STAINLESS",,1 ,"EPOLISH","Y","DERRYN F",,"Y"
"PO00439",4,0.4,4.4,4.4,0,"$",4,0.4,4.4,4.4,0,"Received","Invoiced","Paid","David C","08/06/2026","15/06/2026","15/06/2026",1,"10/06/2026",1,"10/06/2026","15/06/2026","15/06/2026",0,"V00064","KCD STUDWELDING",,,"STOCK",,"STEPHEN P",,
"PO00438",1839.1,183.91,2023.01,0,2023.01,"AUD",1839.1,183.91,2023.01,0,2023.01,"Received","Not invoiced","Unpaid","Admin","08/06/2026","11/06/2026","06/07/2026",,"08/06/2026",,,"12/06/2026",,25,"V00076","PRIMARY METALS & ALLOYS PTY LTD",,"1.62 m²","PLATE","Y","DERRYN F",,
"PO00437",1080,108,1188,0,1188,"AUD",1080,108,1188,0,1188,"Received","Not invoiced","Unpaid","Admin","04/06/2026","08/06/2026","06/07/2026",,"04/06/2026",,,"08/06/2026",,28,"151193+","SELECTION STEEL",,17.28 ,"6MM",,"DERRYN F",,"N"
"PO00436",5,0.5,5.5,0,5.5,"$",5,0.5,5.5,0,5.5,"New PO","Not invoiced","Unpaid","David C","04/06/2026","11/06/2026",,,,,,,,54,"V00183","BUNDALL POWDER COATING",,"32 pcs","STOCK",,"DERRYN F",,"Y"
"PO00435",20,2,22,0,22,"AUD",20,2,22,0,22,"Received","Not invoiced","Unpaid","Admin","03/06/2026","16/06/2026","19/06/2026",,"03/06/2026",,,"16/06/2026",,3,"V00150","NOEL K SHEETMETAL",,20 ,"CUT AND FOLD","Y","DERRYN F",,
"PO00434",3430.08,343.01,3773.09,0,3773.09,"$",3430.08,343.01,3773.09,0,3773.09,"Ordered","Not invoiced","Unpaid","Admin","03/06/2026","10/06/2026",,,"03/06/2026",,,"05/06/2026",,55,"V00105","TSM - THE STEEL MARKET PTY. LTD",,"25.92 m²","stock","Y","DERRYN F",,"Y"
"PO00433",44,4.4,48.4,0,48.4,"$",44,4.4,48.4,0,48.4,"Ordered","Not invoiced","Unpaid","Admin","02/06/2026","09/06/2026",,,"02/06/2026",,,,,56,"V00128","BUILD IT FASTENERS",,,"STOCK","Y","JOHN Mc",,
"PO00432",54140,,54140,0,54140,"AUD",54140,,54140,0,54140,"Ordered","Not invoiced","Unpaid","Admin","01/06/2026","12/06/2026",,,"01/06/2026",,,"12/06/2026",,53,"V00338","ABSOLUTE LASER CUTTING",,,"ABSOLUTE LASER CUTTING","Y","DERRYN F",,"N"
"PO00431",1,0.1,1.1,0,1.1,"AUD",1,0.1,1.1,0,1.1,"Ordered","Not invoiced","Unpaid","Admin","01/06/2026","05/06/2026",,,"01/06/2026",,,"05/06/2026",,60,"V00150","NOEL K SHEETMETAL",,1 ,"WELD","Y","DERRYN F",,
"PO00429",118.8,11.88,130.68,0,130.68,"AUD",118.8,11.88,130.68,0,130.68,"Received","Not invoiced","Unpaid","Admin","29/05/2026","03/06/2026","19/06/2026",,"29/05/2026",,,,,16,"V00114","ACTION ALUMINIUM",,"3.6 m","STOCK","Y","DERRYN F",,"N"
"PO00428",1,0.1,1.1,0,1.1,"AUD",1,0.1,1.1,0,1.1,"Received","Not invoiced","Unpaid","Admin","29/05/2026","09/06/2026","19/06/2026",,"29/05/2026",,,,,10,"V00114","ACTION ALUMINIUM",,1 ,"STOCK","Y","DERRYN F",,"N"
"PO00427",2077.065,207.71,2284.775,2284.77,0.005,"USD",1384.71,138.47,1523.18,1523.18,0,"Ordered","Invoiced","Paid","David C","29/05/2026","10/07/2026",,"MS20260602-A012","02/06/2026","MS20260602-A012","02/06/2026","02/06/2026",,25,"V00020","Ningbo Yinzhou Maisi Mechanical & Electrical Co., Ltd",,"9 pcs","STOCK","Y","JOHN Mc",,"N"
"PO00426",3500,350,3850,0,3850,"AUD",3500,350,3850,0,3850,"Ordered","Not invoiced","Unpaid","Admin","28/05/2026","08/06/2026",,,"28/05/2026",,,,,57,"V00181","ALLIED BEARINGS & SEALS",,"0.35 m","JOB","Y","DERRYN F",,
"PO00425",2486.34,248.63,2734.97,0,2734.97,"AUD",2486.34,248.63,2734.97,0,2734.97,"Received","Not invoiced","Unpaid","Admin","27/05/2026","29/05/2026","28/05/2026",,"27/05/2026",,,,,0,"V00251","VULCAN COIL DIVISION",,2 ,"SLATS","Y","DERRYN F",,
"PO00424",505,50.5,555.5,0,555.5,"$",505,50.5,555.5,0,555.5,"New PO","Not invoiced","Unpaid","David C","27/05/2026","10/06/2026",,,,,,,,55,"V00330","BOMAC ENGINEERING",,"1 pcs","SN702","Y","JOHN Mc",,"N"
"PO00423",94,,94,0,94,"$",94,,94,0,94,"Received","Not invoiced","Unpaid","Admin","27/05/2026","27/05/2026","10/07/2026",,"27/05/2026",,,,,44,"V00328","SUPAGAS",,4 ,"GAS","Y","DERRYN F","FORKLIFT GAS = $1.50 PER MONTH RENT / ARGON = $8 / SUPASHIELD","N"
"PO00422",40.16,4.02,44.18,0,44.18,"AUD",40.16,4.02,44.18,0,44.18,"Received","Not invoiced","Unpaid","Admin","26/05/2026","27/05/2026","19/06/2026",,"26/05/2026",,,,,23,"V00114","ACTION ALUMINIUM",,"8 m","JET","Y","DERRYN F",,"N"
"PO00421",194.76,19.48,214.24,0,214.24,"AUD",194.76,19.48,214.24,0,214.24,"Ordered","Not invoiced","Unpaid","Admin","26/05/2026","09/06/2026",,,"26/05/2026",,,,,56,"V00325","ETS",,,"COOLENT","Y","DERRYN F",,"N"
"PO00420",350,35,385,385,0,"$",350,35,385,385,0,"Received","Invoiced","Paid","David C","26/05/2026","26/05/2026","01/06/2026",1,"01/06/2026",1,"01/06/2026","01/06/2026","01/06/2026",6,"V00183","BUNDALL POWDER COATING",,,"SN706",,"JOHN Mc",,"Y"
"PO00419",504.33,50.43,554.76,0,554.76,"AUD",504.33,50.43,554.76,0,554.76,"Received","Not invoiced","Unpaid","Admin","26/05/2026","01/06/2026","01/06/2026",,"26/05/2026",,,,,0,9340011,"BLUESCOPE DISTRIBUTION",,,"NQ","Y","DERRYN F",,
"PO00418",3.2,0.32,3.52,0,3.52,"AUD",3.2,0.32,3.52,0,3.52,"Received","Not invoiced","Unpaid","Admin","25/05/2026","26/05/2026","25/05/2026",,"25/05/2026",,,,,0,"V00128","BUILD IT FASTENERS",,"4 BOX","STOCK","Y","JOHN Mc",,
"PO00417",740,74,814,0,814,"$",740,74,814,0,814,"New PO","Not invoiced","Unpaid","David C","25/05/2026","25/05/2026",,,,,,,,71,"V00279","SOUTHERN STAINLESS",,"37 pcs","STOCK",,"JOHN Mc",,"Y"
"PO00416",2380,238,2618,0,2618,"AUD",2380,238,2618,0,2618,"Received","Not invoiced","Unpaid","Admin","21/05/2026","21/05/2026","26/05/2026",,"21/05/2026",,,,,5,"V00198","INDUSTRIAL MINERALS",,"4 pcs","JET",,"DERRYN F",,
"PO00415",673,67.3,740.3,740.3,0,"$",673,67.3,740.3,740.3,0,"Received","Invoiced","Paid","David C","21/05/2026","21/05/2026","01/06/2026",1,"01/06/2026",1,"01/06/2026","01/06/2026","01/06/2026",11,"V00183","BUNDALL POWDER COATING",,"8 pcs","SN704 & 702","Y","JOHN Mc",,"Y"
"PO00414",100,10,110,110,0,"$",100,10,110,110,0,"Received","Invoiced","Paid","David C","21/05/2026","21/05/2026","01/06/2026",1,"01/06/2026",1,"29/05/2026","31/05/2026","01/06/2026",11,"V00122","GOLD COAST ELECTROPLATING",,"6 pcs","SN702",,"JOHN Mc",,
"PO00413",2,0.2,2.2,2.2,0,"$",2,0.2,2.2,2.2,0,"Received","Invoiced","Paid","David C","21/05/2026","22/05/2026","01/06/2026",1,"01/06/2026",1,"01/06/2026","03/06/2026","01/06/2026",10,"V00122","GOLD COAST ELECTROPLATING",,"2 pcs","SN702","Y","JOHN Mc",,
"PO00412",121.07,12.11,133.18,0,133.18,"AUD",121.07,12.11,133.18,0,133.18,"Received","Not invoiced","Unpaid","Admin","20/05/2026","25/05/2026","20/05/2026",,"20/05/2026",,,,,0,"V00114","ACTION ALUMINIUM",,"3.6 m","STOCK","Y","DERRYN F",,"N"
"PO00411",587,58.7,645.7,0,645.7,"AUD",587,58.7,645.7,0,645.7,"Received","Not invoiced","Unpaid","Admin","20/05/2026","27/05/2026","22/05/2026",,"20/05/2026",,,,,0,"V00105","TSM - THE STEEL MARKET PTY. LTD",,"11.52 m²","stock","Y","DERRYN F",,"Y"
"PO00410",1,0.1,1.1,0,1.1,"AUD",1,0.1,1.1,0,1.1,"Received","Not invoiced","Unpaid","Admin","20/05/2026","20/05/2026","25/05/2026",,"20/05/2026",,,,,5,"V00279","SOUTHERN STAINLESS",,"1 pcs","TEXAS - T","Y","DERRYN F",,"Y"
"PO00409",5,0.5,5.5,0,5.5,"$",5,0.5,5.5,0,5.5,"Received","Not invoiced","Unpaid","Admin","20/05/2026","20/05/2026","26/05/2026",,"20/05/2026",,,,,6,"V00135","SEI CARBIDE",,5 ,"STOCK","Y","DERRYN F",,"N"
"PO00408",1501.5,0,1501.5,1501.5,0,"USD",1001,0,1001,1001,0,"Received","Invoiced","Paid","David C","20/05/2026","01/07/2026","13/07/2026",,"20/05/2026",1,"20/05/2026","10/06/2026","03/07/2026",12,"V00335","SHENZHEN TENCHY SILICONE RUBBER CO. LDT",,,"STOCK","Y","JOHN Mc",,"N"
"PO00407",0,0,0,0,0,"AUD",0,0,0,0,0,"Ordered","Invoiced","Paid","Admin","20/05/2026","20/05/2026",,,"20/05/2026",,,,,76,"V00142","AUSTECH SAW & TOOLING",,4 ,"stock","Y","DERRYN F",,
"PO00406",8025.6,802.56,8828.16,0,8828.16,"AUD",8025.6,802.56,8828.16,0,8828.16,"Received","Not invoiced","Unpaid","Admin","19/05/2026","20/05/2026","29/05/2026",,"19/05/2026",,,,,9,9340011,"BLUESCOPE DISTRIBUTION",,,"AMI","Y","DERRYN F",,
"PO00405",540,54,594,0,594,"$",540,54,594,0,594,"Received","Not invoiced","Unpaid","David C","19/05/2026","29/05/2026","25/05/2026",,,,,,,0,"V00279","SOUTHERN STAINLESS",,"27 pcs","STOCK",,"JOHN Mc",,"Y"
"PO00404",20,2,22,0,22,"$",20,2,22,0,22,"Received","Not invoiced","Unpaid","Admin","18/05/2026","18/05/2026","26/05/2026",,"18/05/2026",,,,,8,"V00196","PACIFIC COATINGS",,20 ,"STOCK","Y","DERRYN F",,
"PO00403",53,5.3,58.3,0,58.3,"$",53,5.3,58.3,0,58.3,"New PO","Not invoiced","Unpaid","David C","14/05/2026","14/05/2026",,,,,,,,82,"V00122","GOLD COAST ELECTROPLATING",,"5 pcs","STOCK","Y","JOHN Mc",,
"PO00402",3443,344.3,3787.3,0,3787.3,"AUD",3443,344.3,3787.3,0,3787.3,"Received","Not invoiced","Unpaid","Admin","12/05/2026","19/05/2026","14/05/2026",,"12/05/2026",,,,,0,"V00105","TSM - THE STEEL MARKET PTY. LTD",,,"JOB","Y","DERRYN F",,"Y"
"PO00401",25.0958,2.5,27.5958,0,27.5958,"$",25.0958,2.5,27.5958,0,27.5958,"Received","Not invoiced","Unpaid","Admin","12/05/2026","20/05/2026","26/05/2026",,"12/05/2026",,,,,6,"V00128","BUILD IT FASTENERS",,,"STOCK","Y","JOHN Mc",,
"PO00400",21,2.1,23.1,0,23.1,"AUD",21,2.1,23.1,0,23.1,"Received","Not invoiced","Unpaid","Admin","07/05/2026","07/05/2026","20/05/2026",,"07/05/2026",,,"22/05/2026",,13,"V00206","SPECIALISED ANODISING SERVICE",,21 ,"NOY","Y","DERRYN F",,
"PO00399",1351.5,135.15,1486.65,1486.65,0,"USD",901,90.1,991.1,991.1,0,"Ordered","Invoiced","Paid","David C","07/05/2026","18/06/2026",,1,"08/05/2026",1,"08/05/2026",,,47,"V00320","LUNYEE IDUSTRIES DEVELOPEMENT CO. LIMTED",,,"STOCK","Y","JOHN Mc",,"N"
"PO00398",90.5,9.05,99.55,0,99.55,"$",90.5,9.05,99.55,0,99.55,"Received","Not invoiced","Unpaid","Admin","06/05/2026","06/05/2026","12/05/2026",,"06/05/2026",,,,,6,"V00196","PACIFIC COATINGS",,2 ,"SANDING","Y","DERRYN F",,
"PO00397",1490.36,149.04,1639.4,0,1639.4,"AUD",1490.36,149.04,1639.4,0,1639.4,"Received","Not invoiced","Unpaid","Admin","06/05/2026","12/05/2026","26/05/2026",,"06/05/2026",,,"13/05/2026",,14,"V00161","VULCAN PLATE PROCESSING",,,"VAC","Y","DAVID C",,
"PO00396",1268.8,126.88,1395.68,0,1395.68,"AUD",1268.8,126.88,1395.68,0,1395.68,"Received","Not invoiced","Unpaid","Admin","06/05/2026","06/05/2026","11/05/2026",,"06/05/2026",,,"12/05/2026",,5,"V00245","MIDWAY METALS",,4 ,"BUSHES","Y","DERRYN F",,"Y"
"PO00395",319.9,31.99,351.89,0,351.89,"AUD",319.9,31.99,351.89,0,351.89,"Received","Not invoiced","Unpaid","Admin","06/05/2026","06/05/2026","11/05/2026",,"06/05/2026",,,,,5,"V00113","ABL DISTRIBUTION",,"22 pcs","PACKING",,"DERRYN F",,
"PO00394",234.790002,23.48,258.270002,258.27,2.0E-6,"AUD",234.790002,23.48,258.270002,258.27,2.0E-6,"Received","Invoiced","Paid","David C","05/05/2026","03/06/2026","06/05/2026",1,"04/05/2026",1,"04/05/2026","06/05/2026","06/05/2026",0,"V00042","ALTRONICS","PLEASE ARRANGE FREIGHT",,"STOCK","Y","JOHN Mc",,
"PO00393",455,45.5,500.5,0,500.5,"$",455,45.5,500.5,0,500.5,"New PO","Not invoiced","Unpaid","David C","01/05/2026","01/05/2026",,,,,,,,95,"V00183","BUNDALL POWDER COATING",,"15 pcs","STOCK","Y","JOHN Mc",,"Y"
"PO00392",0,0,0,0,0,"AUD",0,0,0,0,0,"Received","Invoiced","Paid","Admin","30/04/2026","30/04/2026","13/05/2026",,"30/04/2026",,,"06/05/2026",,13,"V00142","AUSTECH SAW & TOOLING",,2 ,"SAW","Y","DERRYN F",,
"PO00391",393.25,39.33,432.58,0,432.58,"AUD",393.25,39.33,432.58,0,432.58,"Received","Not invoiced","Unpaid","Admin","29/04/2026","29/04/2026","11/05/2026",,"29/04/2026",,,,,12,"V00061","BFS PLASTICS PTY LTD",,,"stock","Y","DERRYN F",,"N"
"PO00390",2,0.2,2.2,0,2.2,"$",2,0.2,2.2,0,2.2,"Received","Not invoiced","Unpaid","Admin","28/04/2026","28/04/2026","11/05/2026",,"28/04/2026",,,,,13,"V00128","BUILD IT FASTENERS",,,"STOCK","Y","JOHN Mc",,
"PO00388",94.85,9.49,104.34,0,104.34,"$",94.85,9.49,104.34,0,104.34,"Received","Not invoiced","Unpaid","Admin","23/04/2026","23/04/2026","28/04/2026",,"23/04/2026",,,,,5,"V00196","PACIFIC COATINGS",,9 ,"STOCK","Y","DERRYN F",,
"PO00387",37.7,3.77,41.47,0,41.47,"$",37.7,3.77,41.47,0,41.47,"Received","Not invoiced","Unpaid","Admin","23/04/2026","23/04/2026","28/04/2026",,"23/04/2026",,,,,5,"V00128","BUILD IT FASTENERS",,,"STOCK","Y","JOHN Mc",,
"PO00386",536.8,53.68,590.48,0,590.48,"AUD",536.8,53.68,590.48,0,590.48,"Received","Not invoiced","Unpaid","Admin","22/04/2026","27/04/2026","26/05/2026",,"22/04/2026",,,,,29,"V00087","VULCAN ENGINEERING STEELS",,,"GEM","Y","DERRYN F",,
"PO00385",588.91,58.9,647.81,0,647.81,"AUD",588.91,58.9,647.81,0,647.81,"Received","Not invoiced","Unpaid","Admin","22/04/2026","22/04/2026","26/05/2026",,"22/04/2026",,,,,34,"V00135","SEI CARBIDE",,"51 pcs","STOCK","Y","DERRYN F",,"N"
"PO00384",71.14,7.11,78.25,0,78.25,"AUD",71.14,7.11,78.25,0,78.25,"Received","Not invoiced","Unpaid","Admin","22/04/2026","23/04/2026","22/04/2026",,"22/04/2026",,,,,0,"V00114","ACTION ALUMINIUM",,"2 m","STELLA","Y","DERRYN F",,"N"
"PO00383",1850,0,1850,1850,0,"$",1850,0,1850,1850,0,"Ordered","Invoiced","Paid","David C","21/04/2026","08/06/2026",,1,"22/04/2026",1,"22/04/2026","15/06/2026",,57,"V00031","Ultipower",,,"STOCK","Y","JOHN Mc",,"N"
"PO00382",165,16.5,181.5,0,181.5,"AUD",165,16.5,181.5,0,181.5,"Received","Not invoiced","Unpaid","Admin","20/04/2026","23/04/2026","22/04/2026",,"20/04/2026",,,,,0,"V00114","ACTION ALUMINIUM",,"3.66 m","NOY","Y","DERRYN F",,"N"
"PO00381",242,24.2,266.2,0,266.2,"$",242,24.2,266.2,0,266.2,"New PO","Not invoiced","Unpaid","David C","20/04/2026","08/05/2026",,,,,,,,88,"V00183","BUNDALL POWDER COATING",,"8 pcs","STOCK","Y","JOHN Mc",,"Y"
"PO00379",62,6.2,68.2,0,68.2,"AUD",62,6.2,68.2,0,68.2,"Received","Not invoiced","Unpaid","Admin","20/04/2026","20/04/2026","11/05/2026",,"20/04/2026",,,,,21,"V00328","SUPAGAS",,2 ,"GAS","Y","DERRYN F","FORKLIFT GAS = $1.50 PER MONTH RENT / ARGON = $8 / SUPASHIELD","N"
"PO00378",134.86,13.49,148.35,0,148.35,"AUD",134.86,13.49,148.35,0,148.35,"Received","Not invoiced","Unpaid","Admin","20/04/2026","22/04/2026","22/04/2026",,"20/04/2026",,,,,0,"V00114","ACTION ALUMINIUM",,"1 m","GEM","Y","DERRYN F",,"N"
"PO00377",209.89,20.99,230.88,0,230.88,"AUD",209.89,20.99,230.88,0,230.88,"Received","Not invoiced","Unpaid","David C","15/04/2026","23/04/2026","15/04/2026",,,,,,,0,"V00114","ACTION ALUMINIUM",,"1 LENGTH 6.5M","STOCK","Y","DAVID C",,"N"
"PO00376",2,0.2,2.2,0,2.2,"$",2,0.2,2.2,0,2.2,"Ordered","Not invoiced","Unpaid","David C","14/04/2026","14/04/2026",,,"14/04/2026",,,,,112,"V00122","GOLD COAST ELECTROPLATING",,"2 pcs","SN700","Y","JOHN Mc",,
"PO00375",1,0.1,1.1,0,1.1,"$",1,0.1,1.1,0,1.1,"Received","Not invoiced","Unpaid","Admin","14/04/2026","14/04/2026","26/05/2026",,"14/04/2026",,,,,42,"V00326","GC SIGNS AND PLASTIC FABRICATION",,1 ,"JONNY",,"JOHN Mc",,"N"
"PO00374",949.26,0,949.26,949.26,0,"USD",632.84,0,632.84,632.84,0,"Received","Invoiced","Paid","David C","13/04/2026","04/06/2026","13/05/2026","26KPL1005","01/05/2026","26KPL1005","20/04/2026","14/05/2026",,0,"V00060","NINGBO KEPLER AUTOMATION CO., LTD (NINGBO SHIMAOTONG INTERNATIONAL",,,"STOCK","Y","JOHN Mc",,"N"
"PO00373",6,0.6,6.6,0,6.6,"$",6,0.6,6.6,0,6.6,"Received","Not invoiced","Unpaid","David C","13/04/2026","20/04/2026","26/05/2026",,,,,,,36,"V00279","SOUTHERN STAINLESS",,"6 pcs","SN698","Y","JOHN Mc",,"Y"
"PO00372",13,1.3,14.3,0,14.3,"$",13,1.3,14.3,0,14.3,"Received","Not invoiced","Unpaid","Admin","13/04/2026","20/04/2026","13/04/2026",,"13/04/2026",,,,,0,"V00128","BUILD IT FASTENERS",,,"JONNY","Y","JOHN Mc",,
"PO00371",4935.72,493.57,5429.29,0,5429.29,"AUD",4935.72,493.57,5429.29,0,5429.29,"Received","Not invoiced","Unpaid","Admin","10/04/2026","15/04/2026","22/04/2026",,"10/04/2026",,,,,7,"151193+","SELECTION STEEL",,"14.4 m²","STOCK",,"DERRYN F",,"N"
"PO00370",364.5,36.45,400.95,0,400.95,"AUD",364.5,36.45,400.95,0,400.95,"Received","Not invoiced","Unpaid","Admin","10/04/2026","17/04/2026","22/04/2026",,"10/04/2026",,,,,5,"V00128","BUILD IT FASTENERS",,"150 pcs","marto",,"DERRYN F",,
"PO00369",20,2,22,0,22,"AUD",20,2,22,0,22,"Received","Not invoiced","Unpaid","Admin","08/04/2026","08/04/2026","11/05/2026",,"08/04/2026",,,,,33,"V00150","NOEL K SHEETMETAL",,"20 pcs","TRIMS","Y","DERRYN F",,
"PO00368",3090.6,309.06,3399.66,3399.66,0,"$",3090.6,309.06,3399.66,3399.66,0,"Received","Invoiced","Paid","David C","08/04/2026","01/05/2026","27/04/2026",,"08/04/2026",01,"27/04/2026","27/04/2026",,0,"CU0001","ALLIED RUBBER",,36 ,"STOCK","Y","JOHN Mc",,
"PO00367",1070,107,1177,0,1177,"$",1070,107,1177,0,1177,"Received","Not invoiced","Unpaid","Admin","08/04/2026","10/04/2026","23/04/2026",,"08/04/2026",,,,,13,"V00324","ASD AUSTRALIAN STAINLESS DISTRIBUTORS PTY LTD",,,"TRIMS","Y","DERRYN F",,"N"
"PO00366",11,1.1,12.1,12.1,0,"$",11,1.1,12.1,12.1,0,"Received","Invoiced","Paid","David C","07/04/2026","07/04/2026","15/04/2026",,"07/04/2026",01,,,,8,"V00122","GOLD COAST ELECTROPLATING",,"11 pcs","SN698 & 699","Y","JOHN Mc",,
"PO00365",2380,238,2618,0,2618,"AUD",2380,238,2618,0,2618,"Received","Not invoiced","Unpaid","Admin","02/04/2026","02/04/2026","13/04/2026",,"02/04/2026",,,,,11,"V00198","INDUSTRIAL MINERALS",,"4 pcs","JET","Y","DERRYN F",,
"PO00364",1,0.1,1.1,0,1.1,"AUD",1,0.1,1.1,0,1.1,"Received","Not invoiced","Unpaid","Admin","02/04/2026","02/04/2026","11/05/2026",,"02/04/2026",,,,,39,"V00150","NOEL K SHEETMETAL",,1 ,"letter box","Y","DERRYN F",,
"PO00363",17,1.7,18.7,0,18.7,"AUD",17,1.7,18.7,0,18.7,"Received","Not invoiced","Unpaid","Admin","01/04/2026","01/04/2026","13/04/2026",,"01/04/2026",,,,,12,"V00183","BUNDALL POWDER COATING",,17 ,"VAC","Y","JOHN Mc",,"Y"
"PO00362",1,0.1,1.1,0,1.1,"AUD",1,0.1,1.1,0,1.1,"Received","Not invoiced","Unpaid","Admin","01/04/2026","01/04/2026","13/04/2026",,"01/04/2026",,,,,12,"V00128","BUILD IT FASTENERS",,"0.05 BOX","DARREN",,"JOHN Mc",,
"PO00361",2,0.2,2.2,0,2.2,"$",2,0.2,2.2,0,2.2,"Received","Not invoiced","Unpaid","Admin","30/03/2026","30/03/2026","13/04/2026",,"30/03/2026",,,,,14,"V00279","SOUTHERN STAINLESS",,,"BOOKER","Y","DERRYN F",,"Y"
"PO00360",1430.35,143.04,1573.39,0,1573.39,"$",1430.35,143.04,1573.39,0,1573.39,"Received","Not invoiced","Unpaid","Admin","27/03/2026","27/03/2026","09/04/2026",,"27/03/2026",,,,,13,"V00245","MIDWAY METALS",,,130840,,"DERRYN F",,"Y"
"PO00359",1215,121.5,1336.5,0,1336.5,"AUD",1215,121.5,1336.5,0,1336.5,"Received","Not invoiced","Unpaid","Admin","27/03/2026","03/04/2026","13/04/2026",,,,,,,10,"V00128","BUILD IT FASTENERS",,"500 pcs","NUT",,"DERRYN F",,
"PO00358",0,0,0,0,0,"AUD",0,0,0,0,0,"Received","Invoiced","Paid","Admin","27/03/2026","27/03/2026","13/04/2026",,"27/03/2026",,,,,17,"V00142","AUSTECH SAW & TOOLING",,2 ,"saw",,"DERRYN F",,
"PO00357",181.44,18.14,199.58,0,199.58,"AUD",181.44,18.14,199.58,0,199.58,"Received","Not invoiced","Unpaid","Admin","26/03/2026","26/03/2026","30/03/2026",,"26/03/2026",,,,,4,"V00114","ACTION ALUMINIUM",,"2.88 m²","BWE",,"DERRYN F",,"N"
"PO00356",36,3.6,39.6,0,39.6,"$",36,3.6,39.6,0,39.6,"Received","Not invoiced","Unpaid","David C","26/03/2026","06/04/2026","07/04/2026",,,,,,,1,"V00183","BUNDALL POWDER COATING",,"36 pcs","STOCK","Y","DAVID C",,"Y"
"PO00355",76.8,7.68,84.48,84.48,0,"$",76.8,7.68,84.48,84.48,0,"Received","Invoiced","Paid","David C","25/03/2026","08/04/2026","24/04/2026",1,"21/04/2026",1,"22/04/2026",,,16,"V00016","Ledsales.com.au",,"80 pcs","STOCK",,"JOHN Mc",,
"PO00354",531.69,53.17,584.86,0,584.86,"$",531.69,53.17,584.86,0,584.86,"Received","Not invoiced","Unpaid","Admin","25/03/2026","31/03/2026","07/04/2026",,"25/03/2026",,,,,7,9340011,"BLUESCOPE DISTRIBUTION",,,"NQ",,"DERRYN F",,
"PO00353",192.42,19.24,211.66,0,211.66,"$",192.42,19.24,211.66,0,211.66,"Received","Not invoiced","Unpaid","Admin","25/03/2026","25/03/2026","13/04/2026",,,,,,,19,"V00128","BUILD IT FASTENERS",,,"VAC LIFT",,"JOHN Mc",,
"PO00352",5203.7,520.37,5724.07,0,5724.07,"AUD",5203.7,520.37,5724.07,0,5724.07,"Received","Not invoiced","Unpaid","Admin","25/03/2026","25/03/2026","13/04/2026",,"25/03/2026",,,,,19,"V00125","INFRABUILD STEEL CENTRE",,3 ,"FOOT",,"DERRYN F",,
"PO00351",60,6,66,0,66,"AUD",60,6,66,0,66,"Received","Not invoiced","Unpaid","Admin","24/03/2026","24/03/2026","20/05/2026",,"24/03/2026",,,,,57,"V00206","SPECIALISED ANODISING SERVICE",,"60 pcs","LIDS","Y","DERRYN F",,
"PO00350",110,11,121,0,121,"AUD",110,11,121,0,121,"Ordered","Not invoiced","Unpaid","Admin","24/03/2026","24/03/2026",,,"24/03/2026",,,,,133,"V00122","GOLD COAST ELECTROPLATING",,,"NATIONWIDE","Y","DERRYN F",,
"PO00349",260,26,286,0,286,"AUD",260,26,286,0,286,"Received","Not invoiced","Unpaid","Admin","24/03/2026","24/03/2026","13/04/2026",,"24/03/2026",,,,,20,"V00145","CUSTOM TRUCK BODIES AND TRAILERS",,"6 pcs","TECHSYS","Y","DERRYN F",,
"PO00348",1323,132.3,1455.3,0,1455.3,"AUD",1323,132.3,1455.3,0,1455.3,"Received","Not invoiced","Unpaid","Admin","24/03/2026","31/03/2026","20/05/2026",,"24/03/2026",,,,,50,"V00245","MIDWAY METALS",,,"LINK, GEM, WICK",,"DERRYN F",,"Y"
"PO00347",423.25,42.33,465.58,0,465.58,"AUD",423.25,42.33,465.58,0,465.58,"Received","Not invoiced","Unpaid","Admin","24/03/2026","31/03/2026","13/04/2026",,,,,,,13,"V00120","GWS (GEORGE WESTON AND SONS)",,,"link",,"DERRYN F",,
"PO00346",25,2.5,27.5,0,27.5,"AUD",25,2.5,27.5,0,27.5,"Received","Not invoiced","Unpaid","Admin","18/03/2026","18/03/2026","03/04/2026",,"18/03/2026",,,,,16,"V00122","GOLD COAST ELECTROPLATING",,"25 pcs","VAC","Y","DERRYN F",,
"PO00345",1,0.1,1.1,0,1.1,"AUD",1,0.1,1.1,0,1.1,"Received","Not invoiced","Unpaid","Admin","18/03/2026","18/03/2026","13/04/2026",,"18/03/2026",,,,,26,"V00279","SOUTHERN STAINLESS",,"1 pcs","BOOKER","Y","DERRYN F",,"Y"
"PO00344",1673.52,167.35,1840.87,0,1840.87,"AUD",1673.52,167.35,1840.87,0,1840.87,"Received","Not invoiced","Unpaid","Admin","17/03/2026","17/03/2026","07/04/2026",,"17/03/2026",,,,,21,"151193+","SELECTION STEEL",,"40.5 m²","TECHSYS/MARITIMO","Y","DERRYN F",,"N"
"PO00343",4925,492.5,5417.5,0,5417.5,"AUD",4925,492.5,5417.5,0,5417.5,"Received","Not invoiced","Unpaid","Admin","17/03/2026","24/03/2026","27/03/2026",,"17/03/2026",,,,,3,"V00245","MIDWAY METALS",,,"STOCK","Y","DERRYN F",,"Y"
"PO00342",1708.5,0,1708.5,1708.5,0,"USD",1139,0,1139,1139,0,"Received","Invoiced","Paid","David C","17/03/2026","14/04/2026","09/04/2026",001,"18/03/2026",002,"20/03/2026","20/03/2026","30/03/2026",0,"V00060","NINGBO KEPLER AUTOMATION CO., LTD (NINGBO SHIMAOTONG INTERNATIONAL",,,"STOCK","Y","JOHN Mc",,"N"
"PO00341",1612.5,0,1612.5,0,1612.5,"USD",1075,0,1075,0,1075,"Ordered","Not invoiced","Unpaid","David C","16/03/2026","28/04/2026",,"A306-CI-260316","17/03/2026",,"17/03/2026","17/03/2026",,98,"V00111","CORESUN DRIVE EQUIPMENT CHANGZHOU CO.,LTD",,,"STOCK","Y","JOHN Mc",,"N"
"PO00340",174.26,17.44,191.7,0,191.7,"AUD",174.26,17.44,191.7,0,191.7,"Received","Not invoiced","Unpaid","Admin","13/03/2026","13/03/2026","07/04/2026",,"13/03/2026",,,,,25,"V00113","ABL DISTRIBUTION",,,"CLEAN",,"DERRYN F",,
"PO00339",0,0,0,0,0,"AUD",0,0,0,0,0,"Received","Invoiced","Paid","Admin","12/03/2026","12/03/2026","07/04/2026",,"12/03/2026",,,"17/03/2026",,26,"V00279","SOUTHERN STAINLESS",,2 ,"BOOKER","Y","DERRYN F",,"Y"
"PO00338",1964.27,196.43,2160.7,0,2160.7,"AUD",1964.27,196.43,2160.7,0,2160.7,"Received","Not invoiced","Unpaid","Admin","11/03/2026","30/03/2026","23/03/2026",,"11/03/2026",,,,,0,"V00120","GWS (GEORGE WESTON AND SONS)",,,"GEM","Y","DERRYN F",,
"PO00337",171,,171,0,171,"$",171,,171,0,171,"Received","Not invoiced","Unpaid","Admin","10/03/2026","10/03/2026","07/04/2026",,"10/03/2026",,,,,28,"V00328","SUPAGAS",,7 ,"GAS","Y","DERRYN F","FORKLIFT GAS = $1.50 PER MONTH RENT / ARGON = $8 / SUPASHIELD","N"
"PO00336",15,1.5,16.5,0,16.5,"$",15,1.5,16.5,0,16.5,"New PO","Not invoiced","Unpaid","David C","06/03/2026","06/03/2026",,,,,,,,151,"V00145","CUSTOM TRUCK BODIES AND TRAILERS",,"8 pcs","STOCK","Y","DAVID C",,
"PO00335",3,0.3,3.3,0,3.3,"$",3,0.3,3.3,0,3.3,"Received","Not invoiced","Unpaid","Admin","05/03/2026","05/03/2026","11/05/2026",,"05/03/2026",,,,,67,"V00128","BUILD IT FASTENERS",,,"VAC","Y","JOHN Mc",,
"PO00334",1,0.1,1.1,0,1.1,"$",1,0.1,1.1,0,1.1,"Received","Not invoiced","Unpaid","Admin","04/03/2026","04/03/2026","16/04/2026",,"04/03/2026",,,,,43,"V00145","CUSTOM TRUCK BODIES AND TRAILERS",,1 ,"STEPHEN","Y","STEPHEN P",,
"PO00333",460,46,506,0,506,"$",460,46,506,0,506,"Received","Not invoiced","Unpaid","David C","03/03/2026","24/03/2026","18/03/2026",,,,,,,0,"V00279","SOUTHERN STAINLESS",,"23 pcs","STOCK","Y","DAVID C",,"Y"
"PO00332",1421,142.1,1563.1,0,1563.1,"AUD",1421,142.1,1563.1,0,1563.1,"Received","Not invoiced","Unpaid","Admin","03/03/2026","05/03/2026","09/03/2026",,"03/03/2026",,,,,4,"V00105","TSM - THE STEEL MARKET PTY. LTD",,,"KMP - VIBRO","Y","DERRYN F",,"Y"
"PO00331",30.27,3.03,33.3,0,33.3,"$",30.27,3.03,33.3,0,33.3,"Received","Not invoiced","Unpaid","Admin","02/03/2026","09/03/2026","07/04/2026",,"02/03/2026",,,,,29,"V00128","BUILD IT FASTENERS",,,"STOCK","Y","DERRYN F",,
"PO00330",1047.5,104.75,1152.25,0,1152.25,"AUD",1047.5,104.75,1152.25,0,1152.25,"Received","Not invoiced","Unpaid","Admin","02/03/2026","02/03/2026","03/03/2026",,"02/03/2026",,,,,1,"151193+","SELECTION STEEL",,"20.16 m²","N WIDE","Y","DERRYN F",,"N"
"PO00329",1405,140.5,1545.5,0,1545.5,"AUD",1405,140.5,1545.5,0,1545.5,"Received","Not invoiced","Unpaid","Admin","02/03/2026","02/03/2026","03/03/2026",,"02/03/2026",,,,,1,"V00324","ASD AUSTRALIAN STAINLESS DISTRIBUTORS PTY LTD",,,"ENDLESS","Y","DERRYN F",,"N"
"PO00328",25,2.5,27.5,0,27.5,"AUD",25,2.5,27.5,0,27.5,"Received","Not invoiced","Unpaid","Admin","27/02/2026","06/03/2026","09/03/2026",,"27/02/2026",,,,,3,"V00279","SOUTHERN STAINLESS",,"1 pcs","RACV","Y","DERRYN F",,"Y"
"PO00327",131.28,13.14,144.42,144.42,0,"AUD",131.28,13.14,144.42,144.42,0,"Received","Invoiced","Paid","David C","27/02/2026","30/03/2026","04/03/2026",1,,1838520,"03/03/2026",,,0,"V00042","ALTRONICS","PLEASE DELIVER TO OUR ADDRESS",,"STOCK","Y","JOHN Mc",,
"PO00326",467.66,46.76,514.42,514.42,0,"$",467.66,46.76,514.42,514.42,0,"Received","Invoiced","Paid","David C","27/02/2026","10/04/2026","27/02/2026","SF287985","27/02/2026","SF287985","27/02/2026","27/02/2026",,0,"V00294","Electus Distribution",,,"STOCK","Y","JOHN Mc",,
"PO00325",242.55,24.26,266.81,266.81,0,"AUD",242.55,24.26,266.81,266.81,0,"Received","Invoiced","Paid","David C","25/02/2026","27/02/2026","02/03/2026","HNSO165603","27/02/2026","HNSO165603","27/02/2026",,,3,"V00202","HYDRAULICS NETWORK","PLEASE ORGANISE A COURIER TO PICKUP & DELIVER","3 pcs","STOCK","Y","JOHN Mc",,
"PO00324",3,0.3,3.3,0,3.3,"$",3,0.3,3.3,0,3.3,"Received","Not invoiced","Unpaid","Admin","25/02/2026","04/03/2026","09/03/2026",,"25/02/2026",,,,,5,"V00206","SPECIALISED ANODISING SERVICE",,3 ,"LIDS",,"DERRYN F",,
"PO00323",1,0.1,1.1,0,1.1,"AUD",1,0.1,1.1,0,1.1,"Received","Not invoiced","Unpaid","Admin","25/02/2026","27/02/2026","07/04/2026",,"25/02/2026",,,,,39,"V00114","ACTION ALUMINIUM",,"1 m","MACHINE","Y","DERRYN F",,"N"
"PO00322",2329.5,0,2329.5,2329.5,0,"USD",1553,0,1553,1553,0,"Received","Invoiced","Paid","David C","25/02/2026","09/04/2026","23/03/2026",1,"27/02/2026",1,"27/02/2026",,,0,"V00101","AIRBEST (CHANGXING) TECHNOLOGY CO., LTD",,,"STOCK","Y","JOHN Mc","15-12-2025 I had no response from 3 emails for the email address clara@air-best.com","N"
"PO00321",3,0.3,3.3,0,3.3,"AUD",3,0.3,3.3,0,3.3,"Received","Not invoiced","Unpaid","Admin","25/02/2026","26/02/2026","06/03/2026",,"25/02/2026",,,,,8,"V00114","ACTION ALUMINIUM",,"3 m","GEM N250226-1","Y","DERRYN F",,"N"
"PO00320",260,26,286,0,286,"AUD",260,26,286,0,286,"Received","Not invoiced","Unpaid","Admin","25/02/2026","25/02/2026","05/03/2026",,"25/02/2026",,,,,8,"V00145","CUSTOM TRUCK BODIES AND TRAILERS",,20 ,27696,"Y","DERRYN F",,
"PO00319",1747.66,0,1747.66,1747.66,0,"$",1747.66,0,1747.66,1747.66,0,"Received","Invoiced","Paid","David C","25/02/2026","08/04/2026","23/02/2026",1,"27/02/2026",1,"27/02/2026",,,0,"V00020","Ningbo Yinzhou Maisi Mechanical & Electrical Co., Ltd",,,"STOCK","Y","JOHN Mc",,"N"
"PO00318",165,16.5,181.5,0,181.5,"AUD",165,16.5,181.5,0,181.5,"Received","Not invoiced","Unpaid","Admin","25/02/2026","04/03/2026","06/03/2026",,"25/02/2026",,,,,2,"V00279","SOUTHERN STAINLESS",,"11 pcs","RACV","Y","DERRYN F",,"Y"
"PO00317",2380,238,2618,0,2618,"AUD",2380,238,2618,0,2618,"Received","Not invoiced","Unpaid","Admin","25/02/2026","25/02/2026","03/03/2026",,"25/02/2026",,,"02/03/2026",,6,"V00198","INDUSTRIAL MINERALS",,"4 pcs","WATER JET","Y","DERRYN F",,
"PO00316",6,0.6,6.6,156.28,-149.68,"AUD",6,0.6,6.6,156.28,-149.68,"Received","Invoiced","Paid","Admin","24/02/2026","24/02/2026","04/03/2026",1,"24/02/2026",1,"24/02/2026",,,8,"V00122","GOLD COAST ELECTROPLATING",,6 ,"VAC LIFT","Y","DERRYN F",,
"PO00315",4,0.4,4.4,0,4.4,"AUD",4,0.4,4.4,0,4.4,"Ordered","Not invoiced","Unpaid","Admin","24/02/2026","24/02/2026",,,"24/02/2026",,,,,161,"V00183","BUNDALL POWDER COATING",,4 ,"VAC LIFT","Y","DERRYN F",,"Y"
"PO00314",682.59,68.26,750.85,0,750.85,"AUD",682.59,68.26,750.85,0,750.85,"Received","Not invoiced","Unpaid","Admin","24/02/2026","24/02/2026","24/02/2026",,"24/02/2026",,,"24/02/2026",,0,"V00114","ACTION ALUMINIUM",,"1.62 m²","LIDS","Y","DERRYN F",,"N"
"PO00312",8,0.8,8.8,0,8.8,"$",8,0.8,8.8,0,8.8,"Ordered","Not invoiced","Unpaid","Admin","24/02/2026","27/02/2026",,,"24/02/2026",,,,,158,"V00279","SOUTHERN STAINLESS",,"8 pcs","VAC","Y","DERRYN F",,"Y"
"PO00311",1039.2,103.92,1143.12,0,1143.12,"$",1039.2,103.92,1143.12,0,1143.12,"Received","Not invoiced","Unpaid","Admin","23/02/2026","26/02/2026","25/02/2026",,"23/02/2026",,,"25/02/2026",,0,"V00245","MIDWAY METALS",,,"RACV/MARTO","Y","DERRYN F",,"Y"
"PO00310",167.21,16.72,183.93,0,183.93,"AUD",167.21,16.72,183.93,0,183.93,"Received","Not invoiced","Unpaid","Admin","20/02/2026","20/02/2026","24/02/2026",,"20/02/2026",,,"25/02/2026",,4,"V00114","ACTION ALUMINIUM",,"1 pcs",294049,"Y","DERRYN F",,"N"
"PO00309",1482.3,148.23,1630.53,0,1630.53,"$",1482.3,148.23,1630.53,0,1630.53,"Received","Not invoiced","Unpaid","Admin","20/02/2026","27/02/2026","23/02/2026",,"20/02/2026",,,"27/02/2026",,0,"V00128","BUILD IT FASTENERS",,"610 pcs","MARTO","Y","DERRYN F",,
"PO00308",3,0.3,3.3,0,3.3,"$",3,0.3,3.3,0,3.3,"Received","Not invoiced","Unpaid","Admin","19/02/2026","19/02/2026","09/03/2026",,"19/02/2026",,,"27/02/2026",,18,"V00279","SOUTHERN STAINLESS",,"3 pcs","SIGNS","Y","DERRYN F",,"Y"
"PO00307",10,1,11,0,11,"AUD",10,1,11,0,11,"New PO","Not invoiced","Unpaid","Admin","18/02/2026","18/02/2026",,,,,,,,167,"V00136","RITE PRICE DISTRIBUTORS",,,"POLISHING","Y","DERRYN F",,
"PO00306",3,0.3,3.3,0,3.3,"$",3,0.3,3.3,0,3.3,"Received","Not invoiced","Unpaid","Admin","17/02/2026","20/02/2026","02/03/2026",,"17/02/2026",,,"24/02/2026",,10,"V1210369","BOC GASES",,,"GAS","Y","DERRYN F",,
"PO00304",53,5.3,58.3,0,58.3,"$",53,5.3,58.3,0,58.3,"Received","Not invoiced","Unpaid","Admin","12/02/2026","12/02/2026","11/05/2026",,"12/02/2026",,,,,88,"V00128","BUILD IT FASTENERS",,,"STOCK",,"JOHN Mc",,
"PO00303",1,0.1,1.1,0,1.1,"AUD",1,0.1,1.1,0,1.1,"Received","Not invoiced","Unpaid","Admin","12/02/2026","12/02/2026","16/02/2026",,"12/02/2026",,,,,4,"V00183","BUNDALL POWDER COATING",,1 ,"CVL500PT_EL_01MF_001","Y","DAVID C",,"Y"
"PO00302",612.93,61.29,674.22,0,674.22,"AUD",612.93,61.29,674.22,0,674.22,"Received","Not invoiced","Unpaid","Admin","10/02/2026","17/02/2026","24/02/2026",,"10/02/2026",,,"16/02/2026",,7,"V00114","ACTION ALUMINIUM",,"0.96 m²","C WALKER","Y","DERRYN F",,"N"
"PO00301",1751,175.1,1926.1,0,1926.1,"$",1751,175.1,1926.1,0,1926.1,"Received","Not invoiced","Unpaid","David C","06/02/2026","20/03/2026","09/02/2026",,,,,,,0,"V00037-del1771991734","HYDRAULICS NETWORK","BWE TO PICK UP ON MONDAY THE 9TH OF FEBRUARY","2 pcs","STOCK","Y","DAVID C",,"N"
"PO00299",1105.95,110.6,1216.55,0,1216.55,"AUD",1105.95,110.6,1216.55,0,1216.55,"Received","Not invoiced","Unpaid","David C","05/02/2026","12/02/2026","12/02/2026",,"05/02/2026",,,"11/02/2026",,0,"V00245","MIDWAY METALS",,,"VAC STOCK","Y","DERRYN F",,"Y"
"PO00298",945,94.5,1039.5,0,1039.5,"AUD",945,94.5,1039.5,0,1039.5,"Received","Not invoiced","Unpaid","David C","04/02/2026","04/02/2026","05/02/2026",,"04/02/2026",,,,,1,"151193+","SELECTION STEEL",,"14.4 m²","SHIMS/STOCK","Y","DERRYN F",,"N"
"PO00297",7,0.7,7.7,0,7.7,"$",7,0.7,7.7,0,7.7,"Received","Not invoiced","Unpaid","David C","04/02/2026","04/02/2026","26/02/2026",,,,,,,22,"V00122","GOLD COAST ELECTROPLATING",,"7 pcs","SN695",,"DAVID C",,
"PO00296",7,0.7,7.7,0,7.7,"$",7,0.7,7.7,0,7.7,"Received","Not invoiced","Unpaid","David C","04/02/2026","04/02/2026","09/02/2026",,,,,,,5,"V00183","BUNDALL POWDER COATING",,7 ,"SN695",,"DAVID C",,"Y"
"PO00295",4,0.4,4.4,0,4.4,"AUD",4,0.4,4.4,0,4.4,"Received","Not invoiced","Unpaid","Admin","03/02/2026","06/02/2026","24/02/2026",,"03/02/2026",,,,,18,"V00114","ACTION ALUMINIUM",,"4 m","VIBROSOUND",,"DERRYN F",,"N"
"PO00294",0,,0,0,0,"$",0,,0,0,0,"Ordered","Invoiced","Paid","Admin","03/02/2026","05/02/2026",,,"03/02/2026",,,,,180,"V00326","GC SIGNS AND PLASTIC FABRICATION",,1 ,"PAC PRO",,"DERRYN F",,"N"
"PO00293",2803.4,280.34,3083.74,0,3083.74,"$",2803.4,280.34,3083.74,0,3083.74,"Received","Not invoiced","Unpaid","Admin","02/02/2026","06/02/2026","05/02/2026",,"02/02/2026",,,,"05/02/2026",0,"V00245","MIDWAY METALS",,"1 pcs","CHRISTOPHER PO#26045","Y","DERRYN F",,"Y"
"PO00292",176.76,17.68,194.44,0,194.44,"$",176.76,17.68,194.44,0,194.44,"Received","Not invoiced","Unpaid","David C","30/01/2026","13/02/2026","01/02/2026",,"30/01/2026",,,"13/02/2026",,0,"V00325","ETS",,"1 pcs","COOLANT","Y","DERRYN F",,"N"
"PO00291",5181.7,518.17,5699.87,0,5699.87,"AUD",5181.7,518.17,5699.87,0,5699.87,"Received","Not invoiced","Unpaid","David C","30/01/2026","30/01/2026","10/02/2026",,"30/01/2026",,,"11/02/2026",,11,"V00125","INFRABUILD STEEL CENTRE",,3 ,"SUPER FOOT","Y","DERRYN F",,
"PO00290",0,0,0,0,0,"AUD",0,0,0,0,0,"Ordered","Invoiced","Paid","Admin","29/01/2026","29/01/2026",,,"29/01/2026",,,"30/01/2026",,187,"V00293","HOSE SUPPLIERS AUSTRALIA",,,"STOCK",,"DERRYN F",,
"PO00289",0,0,0,0,0,"$",0,0,0,0,0,"Received","Invoiced","Paid","Admin","29/01/2026","29/01/2026","04/02/2026",,"29/01/2026",,,,,6,"V00279","SOUTHERN STAINLESS",,"54 pcs","BOOKER BADGES M55/87 - M55/86 - M55/85 - S55/022","Y","DERRYN F",,"Y"
"PO00288",1209.6,120.96,1330.56,0,1330.56,"$",1209.6,120.96,1330.56,0,1330.56,"Received","Not invoiced","Unpaid","Admin","29/01/2026","03/02/2026","02/02/2026",,"29/01/2026",,,"03/02/2026",,0,"V00105","TSM - THE STEEL MARKET PTY. LTD",,,"DAVE MCCALLUM/BOOKER","Y","DERRYN F",,"Y"
"PO00287",0,0,0,0,0,"AUD",0,0,0,0,0,"Received","Invoiced","Paid","Admin","29/01/2026","29/01/2026","11/02/2026",,"29/01/2026",,,"03/02/2026",,13,"V00142","AUSTECH SAW & TOOLING",,2 ,"SAW","Y","DERRYN F",,
"PO00286",135,13.5,148.5,0,148.5,"$",135,13.5,148.5,0,148.5,"New PO","Not invoiced","Unpaid","David C","29/01/2026","04/03/2026",,,,,,,,153,"V00122","GOLD COAST ELECTROPLATING",,"8 pcs","SN691","Y","DAVID C",,
"PO00285",910,91,1001,0,1001,"$",910,91,1001,0,1001,"Received","Not invoiced","Unpaid","Admin","28/01/2026","04/02/2026","02/02/2026",,,,,,,0,"V00324","ASD AUSTRALIAN STAINLESS DISTRIBUTORS PTY LTD",,,"MARITIMO","Y","DERRYN F",,"N"
"PO00284",444,44.4,488.4,0,488.4,"AUD",444,44.4,488.4,0,488.4,"Received","Not invoiced","Unpaid","David C","28/01/2026","02/02/2026","29/01/2026",,,,,,,0,"V00202","HYDRAULICS NETWORK","SHIP TO BWE FACTORY","1 pcs","SN695","Y","DAVID C",,
"PO00280",606,60.6,666.6,0,666.6,"AUD",606,60.6,666.6,0,666.6,"Received","Not invoiced","Unpaid","Admin","27/01/2026","04/02/2026","05/02/2026",,"27/01/2026",,,"30/01/2026",,1,"V00245","MIDWAY METALS",,,"VAC LIFT","Y","DERRYN F",,"Y"
"PO00279",60,6,66,0,66,"$",60,6,66,0,66,"Received","Not invoiced","Unpaid","David C","23/01/2026","23/01/2026","26/01/2026",,,,,,,3,"V00183","BUNDALL POWDER COATING",,"1 pcs",1,,"DAVID C",,"Y"
"PO00278",2486.34,248.63,2734.97,0,2734.97,"AUD",2486.34,248.63,2734.97,0,2734.97,"Ordered","Not invoiced","Unpaid","Admin","22/01/2026","26/01/2026",,,"22/01/2026",,,"30/01/2026",,190,"V00251","VULCAN COIL DIVISION",,2 ,"SLATS","Y","DERRYN F",,
"PO00277",60,6,66,0,66,"$",60,6,66,0,66,"Received","Not invoiced","Unpaid","David C","22/01/2026","04/03/2026","03/02/2026",,,,,,,0,"V00183","BUNDALL POWDER COATING",,"2 pcs","SN693",,"DAVID C",,"Y"
"PO00276",278.41,27.85,306.26,0,306.26,"AUD",278.41,27.85,306.26,0,306.26,"Received","Not invoiced","Unpaid","Admin","22/01/2026","28/01/2026","11/03/2026",,"22/01/2026",,,"30/01/2026",,42,"V00113","ABL DISTRIBUTION",,,"STOCK","Y","DERRYN F",,
"PO00275",15.52,1.55,17.07,0,17.07,"AUD",15.52,1.55,17.07,0,17.07,"Received","Not invoiced","Unpaid","David C","20/01/2026","20/01/2026","02/02/2026",,"20/01/2026",,,"21/01/2026",,13,"V00128","BUILD IT FASTENERS",,,"STOCK",,"JOHN Mc",,
"PO00274",652.05,65.21,717.26,0,717.26,"AUD",652.05,65.21,717.26,0,717.26,"Received","Not invoiced","Unpaid","David C","20/01/2026","22/01/2026","31/01/2026",,"20/01/2026",,,"21/01/2026",,9,"V00114","ACTION ALUMINIUM",,"9 m²","CUSTOM",,"DAVID C",,"N"
"PO00273",0,0,0,0,0,"AUD",0,0,0,0,0,"Received","Invoiced","Paid","Admin","19/01/2026","19/01/2026","21/01/2026",,"19/01/2026",,,"23/01/2026",,2,"151193+","SELECTION STEEL",,"4 m²","MARITIMO/STOCK","Y","DERRYN F",,"N"
"PO00272",182.11,18.21,200.32,0,200.32,"$",182.11,18.21,200.32,0,200.32,"Received","Not invoiced","Unpaid","Admin","19/01/2026","19/01/2026","11/03/2026",,"19/01/2026",,,"23/01/2026",,51,"V00136","RITE PRICE DISTRIBUTORS",,8 ,"POLISHING STOCK","Y","DERRYN F",,
"PO00271",459,45.9,504.9,0,504.9,"$",459,45.9,504.9,0,504.9,"Received","Not invoiced","Unpaid","David C","16/01/2026","03/02/2026","03/02/2026",,,,,,,0,"V00183","BUNDALL POWDER COATING",,"6 pcs","SN691","Y","DAVID C",,"Y"
"PO00270",70,7,77,0,77,"$",70,7,77,0,77,"Received","Not invoiced","Unpaid","David C","15/01/2026","19/01/2026","03/02/2026",,,,,,,15,"V00122","GOLD COAST ELECTROPLATING",,"70 pcs","NATION WIDE ENGINEERING","Y","DERRYN F",,
"PO00269",11,1.1,12.1,0,12.1,"$",11,1.1,12.1,0,12.1,"Received","Not invoiced","Unpaid","David C","15/01/2026","22/01/2026","03/02/2026",,,,,,,12,"V00122","GOLD COAST ELECTROPLATING",,"11 pcs","SN691","Y","DAVID C",,
"PO00268",624,,624,0,624,"AUD",624,,624,0,624,"Received","Not invoiced","Unpaid","Admin","14/01/2026","21/01/2026","20/01/2026",,"14/01/2026",,,"20/01/2026",,0,"V00199","PLASTRAL PTY LTD",,"16 pcs","SCOTT FREE","Y","DERRYN F",,"N"
"PO00267",634.4,63.44,697.84,0,697.84,"AUD",634.4,63.44,697.84,0,697.84,"Received","Not invoiced","Unpaid","Admin","13/01/2026","13/01/2026","14/01/2026",,"13/01/2026",,,"16/01/2026",,1,"V00245","MIDWAY METALS",,3 ,"MARTO","Y","DERRYN F",,"Y"
"PO00266",362,36.2,398.2,0,398.2,"AUD",362,36.2,398.2,0,398.2,"New PO","Not invoiced","Unpaid","David C","13/01/2026","31/01/2026",,,,,,,,185,"V00143","BELL FAB","MONTHLY ACCOUNT JANUARY","23.8 m","STOCK",,"DAVID C",,"Y"
"PO00265",2932.9,293.29,3226.19,0,3226.19,"$",2932.9,293.29,3226.19,0,3226.19,"Received","Not invoiced","Unpaid","David C","12/01/2026","20/01/2026","20/01/2026",,"12/01/2026",,,"15/01/2026",,0,"151193+","SELECTION STEEL",,,"MARITIMO/BOYNE","Y","DERRYN F",,"N"
"PO00264",740,74,814,0,814,"AUD",740,74,814,0,814,"Received","Not invoiced","Unpaid","Admin","08/01/2026","08/01/2026","08/01/2026",,"08/01/2026",,,"12/01/2026",,0,"V00114","ACTION ALUMINIUM",,4 ,"Huntsman","Y","DERRYN F",,"N"
"PO00263",2380,238,2618,0,2618,"AUD",2380,238,2618,0,2618,"Received","Not invoiced","Unpaid","Admin","08/01/2026","08/01/2026","13/01/2026",,"08/01/2026",,,"13/01/2026",,5,"V00198","INDUSTRIAL MINERALS",,"4 pcs","Sand","Y","DERRYN F",,
"PO00262",113.07,0,113.07,113.07,0,"AUD",113.07,0,113.07,113.07,0,"Received","Invoiced","Paid","Admin","06/01/2026","07/01/2026","07/01/2026",,"07/01/2026",1,,"08/01/2026",,0,"V00030","BUNNINGS",,"5.76 m²","Stoddart",,"DERRYN F",,
"PO00261",2026.2,0,2026.2,2026.2,0,"$",2026.2,0,2026.2,2026.2,0,"Received","Invoiced","Paid","David C","06/01/2026","28/02/2026","29/01/2026",,"07/01/2026","31A26010601","06/01/2026","06/01/2026",,0,"V00101","AIRBEST (CHANGXING) TECHNOLOGY CO., LTD","ALL PRICES ARE USD","20 pcs","SN691","Y","DAVID C","15-12-2025 I had no response from 3 emails for the email address clara@air-best.com","N"
"PO00260",595,59.5,654.5,654.5,0,"$",595,59.5,654.5,654.5,0,"Received","Invoiced","Paid","David C","18/12/2025","05/01/2026","05/01/2026",,"18/12/2025","00260 181225","18/12/2025","18/12/2025",,0,"V00198","INDUSTRIAL MINERALS",,"1 pcs","STOCK","Y","DERRYN F",,
"PO00258",380.9,38.09,418.99,418.99,0,"$",380.9,38.09,418.99,418.99,0,"Received","Invoiced","Paid","Admin","15/12/2025","09/01/2026","07/01/2026",,"15/12/2025",3370,"18/12/2025","15/12/2025","18/12/2025",0,"V00223","TYNIC AUTOMATION PTY LTD",,31 ,"Noy",,"DERRYN F",,"N"
"PO00257",2,0.2,2.2,2.2,0,"$",2,0.2,2.2,2.2,0,"Received","Invoiced","Paid","David C","12/12/2025","15/12/2025","18/12/2025",1,"18/12/2025",1,"18/12/2025","18/12/2025","18/12/2025",3,"V00128","BUILD IT FASTENERS",,"2 pcs","STOCK","Y","STEPHEN P",,
"PO00256",0,0,0,0,0,"$",0,0,0,0,0,"Received","Invoiced","Paid","Admin","11/12/2025","11/12/2025","06/01/2026",,"11/12/2025",,,"19/12/2025",,26,"V00142","AUSTECH SAW & TOOLING",,2 ,"Saw",,"DERRYN F",,
"PO00255",0,0,0,0,0,"$",0,0,0,0,0,"Received","Invoiced","Paid","Admin","11/12/2025","12/12/2025","19/12/2025",,"11/12/2025",,,"12/12/2025",,7,"V00105","TSM - THE STEEL MARKET PTY. LTD",,,"Wicked/stock","Y","DERRYN F",,"Y"
"PO00254",470,47,517,0,517,"$",470,47,517,0,517,"Received","Not invoiced","Unpaid","David C","09/12/2025","23/01/2026","26/01/2026",,,,,"31/12/2025",,3,"V00183","BUNDALL POWDER COATING",,"7 pcs","STOCK","Y","DAVID C",,"Y"
"PO00253",7,0.7,7.7,0,7.7,"$",7,0.7,7.7,0,7.7,"Received","Not invoiced","Unpaid","David C","09/12/2025","23/01/2026","26/01/2026",,,,,,,3,"V00183","BUNDALL POWDER COATING",,,"STOCK","Y","DAVID C",,"Y"
"PO00252",12,1.2,13.2,0,13.2,"$",12,1.2,13.2,0,13.2,"Received","Not invoiced","Unpaid","David C","09/12/2025","09/12/2025","11/12/2025",,,,,,,2,"V00122","GOLD COAST ELECTROPLATING",,"12 pcs","STOCK","Y","DAVID C",,
"PO00251",1835,183.5,2018.5,0,2018.5,"AUD",1835,183.5,2018.5,0,2018.5,"Received","Invoiced","Unpaid","Admin","08/12/2025","15/12/2025","19/12/2025",,"08/12/2025",1,"09/12/2025","10/12/2025",,4,"V00105","TSM - THE STEEL MARKET PTY. LTD",,,"Gem/hand rails","Y","DERRYN F",,"Y"
"PO00249",848.2,0,848.2,1325.11,-476.91,"$",848.2,0,848.2,1325.11,-476.91,"Received","Invoiced","Paid","David C","05/12/2025","21/01/2026","12/01/2026",,"05/12/2025","31A25121601","16/12/2025",,,0,"V00101","AIRBEST (CHANGXING) TECHNOLOGY CO., LTD","ALL PRICES ARE USD",,"STOCK","Y","JOHN Mc","15-12-2025 I had no response from 3 emails for the email address clara@air-best.com","N"
"PO00248",0,0,0,0,0,"$",0,0,0,0,0,"Received","Invoiced","Paid","David C","05/12/2025","05/12/2025","19/12/2025",,,,,"12/12/2025",,14,"V00279","SOUTHERN STAINLESS",,"1 pcs","STEVE P",,"STEPHEN P",,"Y"
"PO00246",940,94,1034,1034,0,"$",940,94,1034,1034,0,"Received","Invoiced","Paid","David C","04/12/2025","16/12/2025","11/12/2025",23628,"16/12/2025",23628,"16/12/2025","16/12/2025","16/12/2025",0,"V00143","BELL FAB","DECEMBER MONTHLY PO","86 m","STOCK",,"DAVID C",,"Y"
"PO00244",2620.38,262.04,2882.42,2882.42,0,"$",2620.38,262.04,2882.42,2882.42,0,"Ordered","Invoiced","Paid","David C","03/12/2025","02/02/2026",,,"03/12/2025",46099,"31/12/2025","18/12/2025",,183,"CU0001","ALLIED RUBBER",,"32 pcs","Stock","Y","DAVID C",,
"PO00238",2559.35,255.94,2815.29,2815.29,0,"$",2559.35,255.94,2815.29,2815.29,0,"Received","Invoiced","Paid","David C","03/12/2025","03/12/2025","08/01/2026",,"03/12/2025",1,"04/12/2025","12/12/2025",,36,"V00125","INFRABUILD STEEL CENTRE",,1 ,"Train","Y","DERRYN F",,
"PO00237",1,0.1,1.1,1.1,0,"$",1,0.1,1.1,1.1,0,"Received","Invoiced","Paid","David C","03/12/2025","03/12/2025","11/03/2026",,"03/12/2025",1,,"08/12/2025",,98,"V00113","ABL DISTRIBUTION",,1 ,"Stock",,"DAVID C",,
"PO00235",0,0,0,0,0,"AUD",0,0,0,0,0,"Received","Invoiced","Paid","David C","03/12/2025","03/12/2025","10/12/2025",,"03/12/2025",,,"10/12/2025",,7,"V00183","BUNDALL POWDER COATING",,"1 pcs","Pac Pro",,"DERRYN F",,"Y"
"PO00234",60,6,66,66,0,"$",60,6,66,66,0,"Received","Invoiced","Paid","David C","03/12/2025","11/12/2025","15/12/2025",19019,"09/12/2025","BPC19019","12/12/2025","12/12/2025","12/12/2025",4,"V00183","BUNDALL POWDER COATING",,"1 pcs","STOCK","Y","DAVID C",,"Y"
"PO00233",60,6,66,66,0,"$",60,6,66,66,0,"Received","Invoiced","Paid","David C","03/12/2025","03/12/2025","18/12/2025",,,"BPC19018","16/12/2025","12/12/2025",,15,"V00183","BUNDALL POWDER COATING",,"1 pcs","STOCK","Y","DAVID C",,"Y"
"PO00229",145,14.5,159.5,159.5,0,"$",145,14.5,159.5,159.5,0,"Received","Invoiced","Paid","Admin","28/11/2025","02/12/2025","08/12/2025",,,1,,"08/12/2025",,6,"V00113","ABL DISTRIBUTION","PLEASE DELIVER","1 pcs","STOCK","Y","DAVID C",,
"PO00228",420,42,462,462,0,"$",420,42,462,462,0,"Received","Invoiced","Paid","David C","28/11/2025","12/12/2025","18/12/2025",,"28/11/2025","BPC19004","12/12/2025","18/12/2025",,6,"V00183","BUNDALL POWDER COATING",,"21 pcs","STOCK","Y","DAVID C",,"Y"
"PO00227",419.81,41.99,461.8,461.8,0,"$",419.81,41.99,461.8,461.8,0,"Received","Invoiced","Paid","David C","28/11/2025","14/01/2026","09/12/2025",,"28/11/2025",621851,"04/12/2025","10/12/2025","04/12/2025",0,"V00294","Electus Distribution",,"39 pcs","STOCK","Y","JOHN Mc",,
"PO00225",459.1,45.91,505.01,505.01,0,"$",459.1,45.91,505.01,505.01,0,"Received","Invoiced","Paid","David C","27/11/2025","27/11/2025","11/12/2025",,"27/11/2025",265039,,"05/12/2025",,14,"V00162","VULCAN STAINLESS",,2 ,"Neu",,"DERRYN F",,
"PO00224",76.34,7.63,83.97,83.97,0,"AUD",76.34,7.63,83.97,83.97,0,"Received","Invoiced","Paid","Kemal","26/11/2025","26/11/2025","26/11/2025",,"26/11/2025",75231345,"27/11/2025","30/12/2025",,0,"V00114","ACTION ALUMINIUM",,"1 pcs","Brawl","Y",,,"N"
"PO00223",1965,196.5,2161.5,2161.5,0,"$",1965,196.5,2161.5,2161.5,0,"Received","Invoiced","Paid","Kemal","26/11/2025","26/11/2025","11/12/2025",,"26/11/2025","014848IB","28/11/2025","28/11/2025",,15,"V00105","TSM - THE STEEL MARKET PTY. LTD",,3 ,"Perie - Signmakers - stock","Y","DAVID C",,"Y"
"PO00222",580,58,638,638,0,"$",580,58,638,638,0,"Received","Invoiced","Paid","David C","26/11/2025","26/11/2025","05/12/2025",,"02/12/2025","BPC18995","05/12/2025","11/12/2025",,9,"V00183","BUNDALL POWDER COATING",,"60 pcs","10,002","Y","DAVID C",,"Y"
"PO00221",112,11.2,123.2,123.2,0,"$",112,11.2,123.2,123.2,0,"Received","Invoiced","Paid","David C","26/11/2025","03/12/2025","05/12/2025",,,"BPC-18996","04/12/2025","31/01/2026",,2,"V00183","BUNDALL POWDER COATING",,"32 pcs","STOCK",,"DAVID C",,"Y"
"PO00220",364.9696,36.5,401.4696,401.47,-0.0004,"USD",536.72,53.67,590.39,590.39,0,"Ordered","Invoiced","Paid","David C","26/11/2025","12/01/2026",,,"26/11/2025",1,,,,204,"V00317","ZG WATER JET",,"2 pcs","STOCK",,"STEPHEN P",,
"PO00219",366.61,36.67,403.28,403.28,0,"AUD",366.61,36.67,403.28,403.28,0,"Received","Invoiced","Paid","Kemal","25/11/2025","26/11/2025","11/03/2026",,"25/11/2025",4040553792,"28/11/2025",,,105,"V1210369","BOC GASES",,14 ,"Gas",,"DAVID C",,
"PO00218",56.8,5.68,62.48,62.48,0,"$",56.8,5.68,62.48,62.48,0,"Received","Invoiced","Paid","Kemal","25/11/2025","25/11/2025","25/11/2025",,"25/11/2025","INV-48063","25/11/2025","30/12/2025",,0,"V00128","BUILD IT FASTENERS",,,"Stock",,,,
"PO00217",40,4,44,44,0,"AUD",40,4,44,44,0,"Received","Invoiced","Paid","Kemal","25/11/2025","25/11/2025","11/03/2026",,"25/11/2025",63721,"01/12/2025","30/01/2026",,106,"V00279","SOUTHERN STAINLESS",,"1 pcs","Booker","Y","DAVID C",,"Y"
"PO002151",365,36.5,401.5,401.5,0,"$",365,36.5,401.5,401.5,0,"Received","Invoiced","Paid","Kemal","24/11/2025","25/11/2025","11/12/2025",,"24/11/2025",1,"01/12/2025","28/11/2025",,16,"V00143","BELL FAB",,"1 pcs","Pacific",,"DERRYN F",,"Y"
"PO00214",4355,435.5,4790.5,4790.5,0,"$",4355,435.5,4790.5,4790.5,0,"Received","Invoiced","Paid","Kemal","24/11/2025","24/11/2025","25/11/2025",,"24/11/2025","014782IB","26/11/2025","30/12/2025",,1,"V00105","TSM - THE STEEL MARKET PTY. LTD",,,"Southern S, Vac Lift, Purpose Built",,,,"Y"
"PO00213",0,0,0,0,0,"$",0,0,0,0,0,"Received","Invoiced","Paid","Kemal","24/11/2025","24/11/2025","01/12/2025",,"24/11/2025",,,"01/12/2025",,7,"V00206","SPECIALISED ANODISING SERVICE",,"14 pcs","Rampage",,"DERRYN F",,
"PO00212",3091.8,309.18,3400.98,3400.98,0,"AUD",3091.8,309.18,3400.98,3400.98,0,"Received","Invoiced","Paid","Kemal","20/11/2025","20/11/2025","25/11/2025",,"20/11/2025","SO1160727","20/11/2025","25/11/2025",,5,"151193+","SELECTION STEEL",,,"Bins/Kerb/Pacific Pro",,,,"N"
"PO00211",0,0,0,0,0,"$",0,0,0,0,0,"Received","Invoiced","Paid","Kemal","20/11/2025","20/11/2025","25/11/2025",,"10/11/2025",,,,,5,"V00279","SOUTHERN STAINLESS",,3 ,"Booker",,,,"Y"
"PO00210",1,0.1,1.1,1.1,0,"$",1,0.1,1.1,1.1,0,"Received","Invoiced","Paid","Kemal","20/11/2025","20/11/2025","11/12/2025",1,"20/11/2025",1,,"30/11/2025",,21,"V00214","NPA (NEON PRODUCTS AUSTRALIA) PTY LTD",,"1 pcs","Arrivederci",,"DERRYN F",,
"PO00208",352.4,35.24,387.64,387.64,0,"$",352.4,35.24,387.64,387.64,0,"Received","Invoiced","Paid","Kemal","19/11/2025","19/11/2025","25/11/2025",,"20/11/2025",137519,"20/11/2025","21/11/2025",,6,"V00061","BFS PLASTICS PTY LTD",,,"Corflute","Y",,,"N"
"PO00207",250.45,25.05,275.5,275.5,0,"AUD",250.45,25.05,275.5,275.5,0,"Received","Invoiced","Paid","David C","18/11/2025","20/11/2025","25/11/2025",,,1,,,,5,"V00113","ABL DISTRIBUTION","PLEASE DELIVER TO OUR MOLENDINAR ADDRESS","113 m","STOCK","Y","DAVID C",,
"PO00206",0,,0,0,0,"$",0,,0,0,0,"Received","Invoiced","Paid","Kemal","14/11/2025","14/11/2025","14/11/2025",,,,,,,0,"V00310","TECHSYS ENGINEERING",,"10 pcs",17540,"Y",,,
"PO00205",2006.646,200.66,2207.306,2207.31,-0.004,"USD",2950.95,295.1,3246.05,3246.05,0,"Received","Invoiced","Paid","David C","14/11/2025","30/12/2025","30/12/2025",,,1,,,,0,"XM-AU-001-250530","ZAIGEO MACHINERY TECHNOLOGY CO., LTD",,,"STOCK",,"STEPHEN P",,"N"
"PO00203",476,0,476,476,0,"USD",700,0,700,700,0,"Received","Invoiced","Paid","David C","13/11/2025","13/11/2025","14/01/2026",20251112,"13/11/2025",20251112,"14/11/2025","14/11/2025","21/12/2025",62,"V00013","www.faryuan.com","FARYUAN ELECTRIC
ON FY-20251119
IN FY-20251119",,"STOCK","Y","DAVID C",,
"PO00202",120,12,132,132,0,"AUD",120,12,132,132,0,"Received","Invoiced","Paid","David C","10/11/2025","17/11/2025","18/11/2025",,,63632,"13/11/2025","30/12/2025",,1,"V00279","SOUTHERN STAINLESS",,"4 pcs","SN686 - CVLBMP_DVS Unitherm","Y","DAVID C",,"Y"
"PO00201",1993.08,199.31,2192.39,2249.5,-57.11,"AUD",1993.08,199.31,2192.39,2249.5,-57.11,"Received","Invoiced","Paid","Kemal","10/11/2025","17/11/2025","25/11/2025",,"10/11/2025","014499ib",,"12/11/2025",,8,"V00105","TSM - THE STEEL MARKET PTY. LTD",,,"Stella","Y","DAVID C",,"Y"
"PO00200",951.6,95.16,1046.76,1046.76,0,"AUD",951.6,95.16,1046.76,1046.76,0,"Received","Invoiced","Paid","Kemal","10/11/2025","10/11/2025","25/11/2025",,"12/11/2025",2262668,"12/11/2025","30/12/2025",,15,"V00245","MIDWAY METALS",,4 ,"Marto","Y","DERRYN F",,"Y"
"PO00199",1520,152,1672,1672,0,"AUD",1520,152,1672,1672,0,"Received","Invoiced","Paid","Kemal","06/11/2025","07/11/2025","10/11/2025",,"06/11/2025","014456IB","10/11/2025","10/11/2025",,3,"V00105","TSM - THE STEEL MARKET PTY. LTD",,,"Vac Lift & 5mm ally for Dave McCallum","Y","DAVID C",,"Y"
"PO00198",1022.21,102.22,1124.43,1124.43,0,"AUD",1022.21,102.22,1124.43,1124.43,0,"Received","Invoiced","Paid","Kemal","06/11/2025","26/11/2025","18/11/2025",,"06/11/2025",75228710,"06/11/2025","30/12/2025",,0,"V00114","ACTION ALUMINIUM",,4 ,"Gem Cuts","Y",,,"N"
"PO00197",120,12,132,132,0,"$",120,12,132,132,0,"Received","Invoiced","Paid","Kemal","06/11/2025","06/11/2025","18/11/2025",,"06/11/2025",63631,"13/11/2025","30/12/2025",,12,"V00279","SOUTHERN STAINLESS",,3 ,"Polishing","Y","DAVID C",,"Y"
"PO00196",205,20.5,225.5,225.5,0,"$",205,20.5,225.5,225.5,0,"Received","Invoiced","Paid","David C","05/11/2025","21/11/2025","05/12/2025",,,"INV-BPC18962","21/11/2025","30/12/2025",,14,"V00183","BUNDALL POWDER COATING",,"3 pcs","STOCK","Y","DAVID C",,"Y"
"PO00195",247.81,24.78,272.59,272.59,0,"$",247.81,24.78,272.59,272.59,0,"Received","Invoiced","Paid","Kemal","05/11/2025","05/11/2025","18/11/2025",,"05/11/2025",2632503,"12/11/2025","30/12/2025",,13,"V00161","VULCAN PLATE PROCESSING",,3 ,"STOCK","Y","DAVID C",,
"PO00193",32.5,3.25,35.75,35.75,0,"$",32.5,3.25,35.75,35.75,0,"Received","Invoiced","Paid","David C","05/11/2025","10/11/2025","07/11/2025",,,20260314,"07/11/2025",,,0,"V00145","CUSTOM TRUCK BODIES AND TRAILERS",,"8 pcs","VACLIFT SN686","Y","DAVID C",,
"PO00192",130,13,143,143,0,"AUD",130,13,143,143,0,"Received","Invoiced","Paid","Kemal","04/11/2025","04/11/2025","07/11/2025",,"04/11/2025",20260313,"07/11/2025","07/11/2025",,3,"V00145","CUSTOM TRUCK BODIES AND TRAILERS",,2 ,"SN686 CVLBMP Unitherm","Y","DAVID C",,
"PO00191",355.14,35.51,390.65,390.65,0,"$",355.14,35.51,390.65,390.65,0,"Received","Invoiced","Paid","Kemal","04/11/2025","04/11/2025","05/11/2025",,"04/11/2025",30312,"04/11/2025","07/11/2025",,1,"V00136","RITE PRICE DISTRIBUTORS",,69 ,"WORKSHOP SUPPLIES","Y","DAVID C",,
"PO00190",4898,489.8,5387.8,5387.8,0,"AUD",4898,489.8,5387.8,5387.8,0,"Received","Invoiced","Paid","Kemal","04/11/2025","05/11/2025","05/11/2025",,"04/11/2025","SO 5059556SB-1","05/11/2025","06/11/2025",,0,"V00313","Dalsteel Metals",,3 ,"V00313",,"DERRYN F",,
"PO00189",2380,238,2618,2618,0,"AUD",2380,238,2618,2618,0,"Received","Invoiced","Paid","Kemal","03/11/2025","03/11/2025","07/11/2025",1,"03/12/2025",1,"03/12/2025","03/12/2025",,4,"V00198","INDUSTRIAL MINERALS",,,"STOCK",,"DERRYN F",,
"PO00188",2195,219.5,2414.5,2414.5,0,"$",2195,219.5,2414.5,2414.5,0,"Received","Invoiced","Paid","Kemal","03/11/2025","03/11/2025","03/11/2025",,"03/11/2025","014350IB","04/11/2025","05/11/2025",,0,"V00105","TSM - THE STEEL MARKET PTY. LTD",,2 ,"V00105","Y",,,"Y"
"PO00187",230.63,23.07,253.7,253.7,0,"AUD",230.63,23.07,253.7,253.7,0,"Received","Invoiced","Paid","David C","30/10/2025","11/12/2025","11/11/2025",,"30/10/2025",1817714,"30/10/2025","31/10/2025",,0,"V00042","ALTRONICS","DO NOT CHARGE TO ANY CREDIT CARDS, INVOICE BLUE WATER ENGINEERING & WE WILL TRANSFER REQUIRED FUNDS",,"CVL CONTROL BOX REVISION","Y",,,
"PO00186",650,65,715,715,0,"$",650,65,715,715,0,"Received","Invoiced","Paid","Kemal","30/10/2025","30/10/2025","07/11/2025",,,20260312,"07/11/2025",,,8,"V00145","CUSTOM TRUCK BODIES AND TRAILERS",,71 ,"Nationwide Engineering","Y","DAVID C",,
"PO00185",951.6,95.16,1046.76,1046.76,0,"$",951.6,95.16,1046.76,1046.76,0,"Received","Invoiced","Paid","Kemal","29/10/2025","29/10/2025","31/10/2025",,"29/10/2025",2261317,"06/11/2025","30/11/2025",,2,"V00245","MIDWAY METALS",,4 ,34,"Y","DAVID C",,"Y"
"PO00184",156,15.6,171.6,171.6,0,"$",156,15.6,171.6,171.6,0,"Received","Invoiced","Paid","Kemal","29/10/2025","29/10/2025","07/11/2025",,"29/10/2025",20260311,,"03/10/2025",,9,"V00145","CUSTOM TRUCK BODIES AND TRAILERS",,12 ,"Dave McCallun","Y","DAVID C",,
"PO00183",2232,223.2,2455.2,2455.2,0,"AUD",2232,223.2,2455.2,2455.2,0,"Received","Invoiced","Paid","Kemal","28/10/2025","28/10/2025","05/11/2025",,"28/10/2025",5900026526,"28/10/2025","03/11/2025",,8,"V00269","THYSSENKRUPP MATERIALS AUSTRALIA PTY LTD",,4 ,,,,,
"PO00182",60,6,66,66,0,"$",60,6,66,66,0,"Received","Invoiced","Paid","David C","27/10/2025","07/11/2025","27/10/2025",,,1,,,,0,"V00279","SOUTHERN STAINLESS",,"3 pcs","STOCK","Y","DAVID C",,"Y"
"PO00181",122.33,12.23,134.56,134.56,0,"$",122.33,12.23,134.56,134.56,0,"Received","Invoiced","Paid","Admin","27/10/2025","27/10/2025","24/10/2025",,"24/10/2025","INV-47292","24/10/2025","30/11/2025",,0,"V00128","BUILD IT FASTENERS",,,"STOCK",,"DAVID C",,
"PO00180",274.87,27.49,302.36,302.36,0,"$",274.87,27.49,302.36,302.36,0,"Received","Invoiced","Paid","David C","24/10/2025","03/11/2025","04/11/2025",,"24/10/2025","INV-22396","04/11/2025","06/11/2025",,1,"V00122","GOLD COAST ELECTROPLATING",,"8 pcs",,"Y",,,
"PO00179",464.9,46.49,511.39,511.39,0,"AUD",464.9,46.49,511.39,511.39,0,"Received","Invoiced","Paid","Admin","24/10/2025","24/10/2025","24/10/2025",,"24/10/2025",1361340,"24/10/2025","30/11/2025",,0,"V00293","HOSE SUPPLIERS AUSTRALIA",,"58 pcs","STOCK",,"DAVID C",,
"PO00178",15.5,1.55,17.05,17.05,0,"AUD",15.5,1.55,17.05,17.05,0,"Received","Invoiced","Paid","Admin","24/10/2025","24/10/2025","24/10/2025",,"24/10/2025",1,,"28/10/2025",,0,"V00128","BUILD IT FASTENERS",,,"STOCK",,"DERRYN F",,
"PO00177",360,36,396,396,0,"$",360,36,396,396,0,"Received","Invoiced","Paid","David C","23/10/2025","23/10/2025","31/10/2025",,"23/10/2025","INV-BPC18929","05/11/2025","30/12/2025",,8,"V00183","BUNDALL POWDER COATING",,"6 pcs","VACLIFT","Y","DAVID C",,"Y"
"PO00175",2622.39,262.24,2884.63,2884.63,0,"$",2622.39,262.24,2884.63,2884.63,0,"Received","Invoiced","Paid","David C","22/10/2025","05/11/2025","06/11/2025",,"22/10/2025","SO: 23761968","22/10/2025","29/10/2025",,1,"V00125","INFRABUILD STEEL CENTRE",,,"CO00035","Y",,,
"PO00174",2353,235.3,2588.3,2588.3,0,"$",2353,235.3,2588.3,2588.3,0,"Received","Invoiced","Paid","Kemal","22/10/2025","22/10/2025","24/10/2025",,"22/10/2025",2259669,"30/10/2025","30/11/2025",,2,"V00245","MIDWAY METALS",,,,"Y",,,"Y"
"PO00173",237.21,23.72,260.93,260.93,0,"$",237.21,23.72,260.93,260.93,0,"Received","Invoiced","Paid","Kemal","22/10/2025","22/10/2025","31/10/2025",,"22/10/2025","SOAU064830","22/10/2025","27/10/2025",,9,"V00199","PLASTRAL PTY LTD",,6 ,,"Y",,,"N"
"PO00172",30,3,33,33,0,"$",30,3,33,33,0,"Received","Invoiced","Paid","David C","22/10/2025","22/10/2025","22/10/2025",1,"22/10/2025",1,"22/10/2025","24/10/2025","22/10/2025",0,"V00122","GOLD COAST ELECTROPLATING",,"1 pcs","STOCK","Y","DAVID C",,
"PO00171",150,15,165,165,0,"$",150,15,165,165,0,"Received","Invoiced","Paid","David C","22/10/2025","22/10/2025","23/10/2025",,"22/10/2025",20260255,"23/10/2025","23/11/2025",,1,"V00145","CUSTOM TRUCK BODIES AND TRAILERS",,"16 pcs",,"Y",,,
"PO00170",8274,827.4,9101.4,3783.18,5318.22,"$",8274,827.4,9101.4,3783.18,5318.22,"Received","Invoiced","Paid partially 41.57%","David C","21/10/2025","03/11/2025","11/11/2025",,"21/10/2025",45973,"20/10/2025","28/10/2025",,8,"CU0001","ALLIED RUBBER",,"42 pcs","STOCK","Y","DAVID C",,
"PO00168",98.8,9.88,108.68,108.68,0,"AUD",98.8,9.88,108.68,108.68,0,"Received","Invoiced","Paid","David C","17/10/2025","24/10/2025","23/10/2025",,"20/10/2025",75226868,"22/10/2025","30/11/2025",,0,"V00114","ACTION ALUMINIUM",,"0.5 LENGTH 6.5M","STOCK","Y","DAVID C",,"N"
"PO00167",455,45.5,500.5,500.5,0,"AUD",455,45.5,500.5,500.5,0,"Received","Invoiced","Paid","Kemal","16/10/2025","17/10/2025","22/10/2025",,"16/10/2025","SO 5059088SB-1","16/10/2025","20/10/2025",,5,"V00313","Dalsteel Metals",,,,,,,
"PO00166",1034.04,103.4,1137.44,1166,-28.56,"AUD",1034.04,103.4,1137.44,1166,-28.56,"Received","Invoiced","Paid","Kemal","15/10/2025","22/10/2025","21/10/2025",,"15/10/2025","014019IB","21/10/2025","17/10/2025",,0,"V00105","TSM - THE STEEL MARKET PTY. LTD",,,1,"Y","DERRYN F",,"Y"
"PO00165",490,49,539,539,0,"$",490,49,539,539,0,"Received","Invoiced","Paid","David C","15/10/2025","23/10/2025","21/10/2025",,"17/10/2025",20260249,"22/10/2025","19/11/2025","01/12/2025",0,"V00145","CUSTOM TRUCK BODIES AND TRAILERS",,,"STOCK",,,,
"PO00164",8223.6,822.36,9045.96,9045.96,0,"AUD",8223.6,822.36,9045.96,9045.96,0,"Received","Invoiced","Paid","David C","15/10/2025","22/10/2025","21/10/2025",,"15/10/2025","INV-BPC18903","23/10/2025","30/11/2025",,0,"V00183","BUNDALL POWDER COATING",,"42 pcs","STOCK","Y","DAVID C",,"Y"
"PO00163",580,58,638,638,0,"$",580,58,638,638,0,"Received","Invoiced","Paid","David C","15/10/2025","24/10/2025","29/10/2025",,"15/10/2025","INV-BPC18902","05/11/2025","30/12/2025",,5,"V00183","BUNDALL POWDER COATING",,"60 pcs","NOY INDUSTRIES","Y","DAVID C",,"Y"
"PO00162",415,41.5,456.5,456.5,0,"$",415,41.5,456.5,456.5,0,"Received","Invoiced","Paid","David C","15/10/2025","23/10/2025","20/10/2025",,"15/10/2025",63488,"20/10/2025","30/11/2025",,0,"V00279","SOUTHERN STAINLESS",,,,,,,"Y"
"PO00161",3,0.3,3.3,3.3,0,"$",3,0.3,3.3,3.3,0,"Received","Invoiced","Paid","Kemal","15/10/2025","15/10/2025","17/10/2025",,"15/10/2025",1,,"17/10/2025",,2,"V00279","SOUTHERN STAINLESS",,"3 pcs","STOCK","Y","DERRYN F",,"Y"
"PO00160",3631.6,363.16,3994.76,3994.76,0,"AUD",3631.6,363.16,3994.76,3994.76,0,"Received","Invoiced","Paid","David C","13/10/2025","24/11/2025","17/10/2025",,"13/10/2025",39044178,"14/10/2025","18/10/2025",,0,"V00314","PSI FLUID POWER","CONTACT MARTIN TURNER",,,,,,
"PO00159",792.9,79.29,872.19,872.19,0,"$",792.9,79.29,872.19,872.19,0,"Received","Invoiced","Paid","Kemal","10/10/2025","10/10/2025","22/10/2025",,"10/10/2025",00051118,"22/10/2025","24/10/2025",,12,"V00249","BELOVED ORANGE",,2 ,,,,,
"PO00158",2211,221.1,2432.1,2432.1,0,"$",2211,221.1,2432.1,2432.1,0,"Received","Invoiced","Paid","Kemal","09/10/2025","09/10/2025","03/11/2025",1,"09/10/2025",1,"03/11/2025","30/11/2025","03/11/2025",25,"V00214","NPA (NEON PRODUCTS AUSTRALIA) PTY LTD",,3 ,"STOCK","Y","DERRYN F",,
"PO00157",2486.34,248.63,2734.97,2734.97,0,"AUD",2486.34,248.63,2734.97,2734.97,0,"Received","Invoiced","Paid","Kemal","09/10/2025","13/10/2025","10/10/2025",,"09/10/2025",2608566,"10/10/2025","16/10/2025",,0,"V00251","VULCAN COIL DIVISION",,2 ,0,"Y","DAVID C",,
"PO00156",553,55.3,608.3,608.3,0,"AUD",553,55.3,608.3,608.3,0,"Received","Invoiced","Paid","Kemal","09/10/2025","10/10/2025","13/10/2025",,"09/10/2025","PF 5058929B-1","09/10/2025","10/10/2025",,3,"V00313","Dalsteel Metals",,,,,,,
"PO00155",978.84,97.89,1076.73,1076.73,0,"$",978.84,97.89,1076.73,1076.73,0,"Received","Invoiced","Paid","Kemal","09/10/2025","09/10/2025","13/10/2025",,"09/10/2025","PF INV SO1058923","09/10/2025","10/10/2025",,4,"151193+","SELECTION STEEL",,5 ,,,,,"N"
"PO00154",145,14.5,159.5,159.5,0,"$",145,14.5,159.5,159.5,0,"Received","Invoiced","Paid","David C","08/10/2025","17/10/2025","23/10/2025",,"08/10/2025","INV-BPC18878","23/10/2025","30/11/2025",,6,"V00183","BUNDALL POWDER COATING",,"1 pcs","STOCK",,"DAVID C",,"Y"
"PO00153",0,0,0,0,0,"$",0,0,0,0,0,"Received","Invoiced","Paid","Kemal","07/10/2025","07/10/2025","07/10/2025",,"07/10/2025",,,"07/10/2025","07/10/2025",0,"V00310","TECHSYS ENGINEERING",,"10 pcs",,,,,
"PO00152",28.27,2.83,31.1,31.1,0,"$",28.27,2.83,31.1,31.1,0,"Received","Invoiced","Paid","Admin","07/10/2025","07/10/2025","20/09/2025",,"18/09/2025","INV-29272","19/09/2025","30/10/2025",,0,"V00136","RITE PRICE DISTRIBUTORS",,"1 pcs","STOCK",,"DERRYN F",,
"PO00151",95.92,9.59,105.51,105.51,0,"$",95.92,9.59,105.51,105.51,0,"Received","Invoiced","Paid","Kemal","02/10/2025","10/10/2025","03/10/2025",,"02/10/2025","INV-46837","02/10/2025","03/10/2025",,0,"V00128","BUILD IT FASTENERS",,,,,,,
"PO00149",58.5,5.85,64.35,64.35,0,"AUD",58.5,5.85,64.35,64.35,0,"Received","Invoiced","Paid","David C","01/10/2025","01/10/2025","02/10/2025",,"01/10/2025",75224278,"01/10/2025","30/11/2025",,1,"V00114","ACTION ALUMINIUM","BWE TO PICKUP","6 m",,,,,"N"
"PO00148",1511.81,151.18,1662.99,1662.99,0,"$",1511.81,151.18,1662.99,1662.99,0,"Received","Invoiced","Paid","Kemal","30/09/2025","01/10/2025","01/10/2025",,"29/09/2025",2600024,"01/10/2025","30/11/2025",,0,"V00161","VULCAN PLATE PROCESSING",,,0,,"DAVID C",,
"PO00147",360,36,396,396,0,"AUD",360,36,396,396,0,"Received","Invoiced","Paid","David C","30/09/2025","30/09/2025","31/10/2025",,"15/10/2025","PF 132236","15/10/2025","15/10/2025",,31,"V00312","BENDWORX",,"3 pcs",,,,,
"PO00141",500,50,550,550,0,"$",500,50,550,550,0,"Received","Invoiced","Paid","David C","24/09/2025","08/10/2025","30/09/2025",,"24/09/2025",63389,"30/09/2025","30/10/2025",,0,"V00279","SOUTHERN STAINLESS",,"25 pcs",,,,,"Y"
"PO00140",200.02,20.01,220.03,220.03,0,"$",200.02,20.01,220.03,220.03,0,"Received","Invoiced","Paid","Kemal","23/09/2025","23/09/2025","26/09/2025",,"23/09/2025",4040212155,"29/09/2025","30/09/2025",,3,"V1210369","BOC GASES",,10 ,,,,,
"PO00139",2774.6,277.46,3052.06,2986.5,65.56,"$",2774.6,277.46,3052.06,2986.5,65.56,"Received","Invoiced","Paid partially 97.85%","Kemal","23/09/2025","23/09/2025","01/10/2025",,"30/09/2025","013709IB","01/10/2025","02/10/2025",,8,"V00105","TSM - THE STEEL MARKET PTY. LTD",,,"STOCK","Y","DERRYN F",,"Y"
"PO00138",2380,238,2618,2618,0,"AUD",2380,238,2618,2618,0,"Received","Invoiced","Paid","Kemal","23/09/2025","23/09/2025","18/09/2025",,"23/09/2025","PRO FORMA 23/9/2025","23/09/2025","26/09/2025",,0,"V00198","INDUSTRIAL MINERALS",,"4 pcs",,,,,
"PO00137",174.25,17.43,191.68,191.68,0,"$",174.25,17.43,191.68,191.68,0,"Received","Invoiced","Paid","Admin","22/09/2025","30/09/2025","03/10/2025",,"22/09/2025","SF275497","25/09/2025","29/09/2025",,3,"V00294","Electus Distribution",,,,,,,
"PO00136",73,7.3,80.3,80.3,0,"AUD",73,7.3,80.3,80.3,0,"Received","Invoiced","Paid","Admin","22/09/2025","05/12/2025","01/10/2025",,"22/09/2025",3133,"17/11/2025",,"22/09/2025",0,"V00206","SPECIALISED ANODISING SERVICE",,,0,,"DAVID C",,
"PO00135",1313.8,131.38,1445.18,1445.18,0,"AUD",1313.8,131.38,1445.18,1445.18,0,"Received","Invoiced","Paid","Kemal","19/09/2025","19/09/2025","30/09/2025",,"19/09/2025","SO0959388","29/09/2025","24/09/2025",,11,"151193+","SELECTION STEEL",,,,,,,"N"
"PO00134",2109.97,211,2320.97,2337.5,-16.53,"$",2109.97,211,2320.97,2337.5,-16.53,"Received","Invoiced","Paid","Kemal","17/09/2025","24/09/2025","18/09/2025",,"17/09/2025","013457IB","19/09/2025","30/10/2025",,0,"V00105","TSM - THE STEEL MARKET PTY. LTD",,,"STOCK","Y","DERRYN F",,"Y"
"PO00133",209.48,20.95,230.43,230.43,0,"$",209.48,20.95,230.43,230.43,0,"Received","Invoiced","Paid","Kemal","17/09/2025","24/09/2025","17/09/2025",,"17/09/2025","INV-46501","17/09/2025","30/10/2025",,0,"V00128","BUILD IT FASTENERS",,,,,,,
"PO00132",1680,168,1848,1714.89,133.11,"AUD",1680,168,1848,1714.89,133.11,"Received","Invoiced","Paid partially 92.8%","Kemal","15/09/2025","17/09/2025","18/09/2025",,"15/09/2025",2587048,"18/09/2025","30/10/2025",,1,"V00251","VULCAN COIL DIVISION","Quote #2378707",,"STOCK",,"DERRYN F",,
"PO00130",5,0.5,5.5,5.5,0,"$",5,0.5,5.5,5.5,0,"Received","Invoiced","Paid","David C","12/09/2025","12/09/2025","12/09/2025",01,"12/09/2025",01,"12/09/2025","12/09/2025","12/09/2025",0,"V00014","'-",,"5 pcs","STOCK",,"DAVID C",,
"PO00129",256.68,25.68,282.36,282.36,0,"$",256.68,25.68,282.36,282.36,0,"Received","Invoiced","Paid","David C","11/09/2025","24/10/2025","16/09/2025",,"11/09/2025","SF274671","12/09/2025","16/09/2025",,0,"V00294","Electus Distribution",,,,,,,
"PO00128",3,0.3,3.3,3.3,0,"AUD",3,0.3,3.3,3.3,0,"Received","Invoiced","Paid","Kemal","11/09/2025","11/09/2025","30/09/2025",,"11/09/2025",1,,,,19,"V00279","SOUTHERN STAINLESS",,3 ,"STOCK","Y","DERRYN F",,"Y"
"PO00127",263.2,26.32,289.52,289.52,0,"$",263.2,26.32,289.52,289.52,0,"Received","Invoiced","Paid","Kemal","10/09/2025","10/09/2025","10/09/2025",,"10/09/2025",73809,"10/09/2025","30/09/2025",,0,"V00196","PACIFIC COATINGS",,3 ,,,,,
"PO00126",134.77,13.48,148.25,148.25,0,"AUD",134.77,13.48,148.25,148.25,0,"Received","Invoiced","Paid","Admin","10/09/2025","10/09/2025","27/08/2025",6982,"19/08/2025","INV-BPC18735","27/08/2025","30/10/2025",,0,"V00183","BUNDALL POWDER COATING",,1 ,"STOCK","Y","DAVID C",,"Y"
"PO00125",78.55,7.86,86.41,86.41,0,"$",78.55,7.86,86.41,86.41,0,"Received","Invoiced","Paid","Kemal","10/09/2025","16/10/2025","11/10/2025",,"10/09/2025","INV-27646","10/09/2025","30/10/2025",,0,"V00136","RITE PRICE DISTRIBUTORS",,3 ,"STOCK",,"DERRYN F",,
"PO00124",1680,168,1848,1714.89,133.11,"AUD",1680,168,1848,1714.89,133.11,"Received","Invoiced","Paid partially 92.8%","Kemal","10/09/2025","12/09/2025","11/09/2025",,"10/09/2025",2581604,"11/09/2025","30/10/2025",,0,"V00251","VULCAN COIL DIVISION","Quote #2378707",,"STOCK",,"DERRYN F",,
"PO00123",122.73,12.27,135,135,0,"AUD",122.73,12.27,135,135,0,"Received","Invoiced","Paid","Admin","09/09/2025","09/09/2025","08/09/2025",,"08/09/2025",156624,"08/09/2025","09/09/2025",,0,"V00311","BATTERY CENTRAL","PAID BY JOHNNY MAC","1 pcs",,,,,
"PO00122",144,14.4,158.4,158.4,0,"$",144,14.4,158.4,158.4,0,"Received","Invoiced","Paid","David C","09/09/2025","17/09/2025","30/09/2025",,"17/09/2025",1,,"30/09/2025",,13,"V00183","BUNDALL POWDER COATING",,"16 pcs","STOCK","Y","DAVID C",,"Y"
"PO00121",144,14.4,158.4,158.4,0,"$",144,14.4,158.4,158.4,0,"Received","Invoiced","Paid","David C","09/09/2025","17/09/2025","13/10/2025",,,1,,,,26,"V00183","BUNDALL POWDER COATING",,"16 pcs","STOCK",,"DAVID C",,"Y"
"PO00120",440,44,484,484,0,"$",440,44,484,484,0,"Received","Invoiced","Paid","David C","09/09/2025","17/09/2025","18/09/2025",,"09/09/2025","INV-BPC18792","17/09/2025","30/10/2025",,1,"V00183","BUNDALL POWDER COATING",,"16 pcs",0,"Y","DAVID C",,"Y"
"PO00119",0,0,0,0,0,"$",0,0,0,0,0,"Received","Invoiced","Paid","David C","08/09/2025","08/09/2025","08/09/2025",,,,,,,0,"V00310","TECHSYS ENGINEERING",,"1 pcs",,,,,
"PO00118",2184.97,218.5,2403.47,6922.08,-4518.61,"AUD",2184.97,218.5,2403.47,6922.08,-4518.61,"Received","Invoiced","Paid","Kemal","08/09/2025","08/09/2025","12/09/2025",,"08/09/2025",2249103,"12/09/2025","30/10/2025",,4,"V00245","MIDWAY METALS",,"5.76 m²","STOCK",,"DERRYN F",,"Y"
"PO00117",1190,119,1309,1309,0,"$",1190,119,1309,1309,0,"Received","Invoiced","Paid","Admin","08/09/2025","08/09/2025","09/08/2025",6978,"12/08/2025","012783IB","21/08/2025","30/10/2025","08/08/2025",0,"V00105","TSM - THE STEEL MARKET PTY. LTD",,,"STOCK","Y","DERRYN F",,"Y"
"PO00116",2200,220,2420,2420,0,"$",2200,220,2420,2420,0,"Received","Invoiced","Paid","Admin","08/09/2025","08/09/2025","21/08/2025",6978,"12/08/2025","012784IB","21/08/2025","30/10/2025","21/08/2025",0,"V00105","TSM - THE STEEL MARKET PTY. LTD",,4 ,"STOCK","Y","DERRYN F",,"Y"
"PO00115",144.17,14.42,158.59,158.59,0,"AUD",144.17,14.42,158.59,158.59,0,"Received","Invoiced","Paid","Admin","08/09/2025","08/09/2025","25/08/2025",,"25/08/2025",75219421,"25/08/2025","30/09/2025",,0,"V00114","ACTION ALUMINIUM",,"1.5 pcs",,,,,"N"
"PO00114",2549.44,254.94,2804.38,2804.4,-0.02,"$",2549.44,254.94,2804.38,2804.4,-0.02,"Received","Invoiced","Paid","Kemal","08/09/2025","08/09/2025","18/09/2025",,"08/09/2025","PF135115","08/09/2025","10/09/2025",,10,"V00120","GWS (GEORGE WESTON AND SONS)","2000 X 1000 X 6MM BRASS SHEET",,"STOCK",,"DERRYN F",,
"PO00113",130,13,143,143,0,"$",130,13,143,143,0,"Received","Invoiced","Paid","Kemal","08/09/2025","16/09/2025","08/09/2025",,"03/09/2025",20260157,"08/09/2025","30/09/2025",,0,"V00145","CUSTOM TRUCK BODIES AND TRAILERS",,"10 pcs",,,,,
"PO00112",400,40,440,440,0,"$",400,40,440,440,0,"Received","Invoiced","Paid","David C","08/09/2025","15/09/2025","12/09/2025",,"09/09/2025",2249104,"12/09/2025","30/10/2025",,0,"V00245","MIDWAY METALS",,"200 pcs",,,,,"Y"
"PO00111",13.92,1.4,15.32,15.32,0,"$",13.92,1.4,15.32,15.32,0,"Received","Invoiced","Paid","Admin","05/09/2025","05/09/2025","04/09/2025",,"04/09/2025","INV-46212","04/09/2025","30/10/2025",,0,"V00128","BUILD IT FASTENERS",,,,,,,
"PO00110",74.03,7.4,81.43,81.43,0,"$",74.03,7.4,81.43,81.43,0,"Received","Invoiced","Paid","Admin","05/09/2025","05/09/2025","10/09/2025",,"27/08/2025",436148,"04/09/2025","06/09/2025",,5,"V00142","AUSTECH SAW & TOOLING",,1 ,,,,,
"PO00109",105,10.5,115.5,115.5,0,"$",105,10.5,115.5,115.5,0,"Received","Invoiced","Paid","Admin","04/09/2025","04/09/2025","27/08/2025",,"25/08/2025",63228,"27/08/2025","30/09/2025",,0,"V00279","SOUTHERN STAINLESS",,3 ,"STOCK","Y","DAVID C",,"Y"
"PO00108",2622.39,262.24,2884.63,2884.63,0,"AUD",2622.39,262.24,2884.63,2884.63,0,"Received","Invoiced","Paid","Kemal","03/09/2025","03/09/2025","29/09/2025",,"03/09/2025",23729112,"19/09/2025","19/09/2025",,26,"V00125","INFRABUILD STEEL CENTRE",,,,,,,
"PO00107",1262.08,126.21,1388.29,1388.29,0,"AUD",1262.08,126.21,1388.29,1388.29,0,"Received","Invoiced","Paid","Kemal","03/09/2025","05/09/2025","05/09/2025",,"03/09/2025",2574752,"05/09/2025","30/10/2025",,0,"V00251","VULCAN COIL DIVISION",,,,,,,
"PO00105",1270,127,1397,1397,0,"$",1270,127,1397,1397,0,"Received","Invoiced","Paid","Admin","01/09/2025","01/09/2025","27/08/2025",6987,"26/08/2025","013009IB","27/08/2025","30/09/2025",,0,"V00105","TSM - THE STEEL MARKET PTY. LTD",,,"STOCK","Y","DERRYN F",,"Y"
"PO00104",288.67,28.87,317.54,317.54,0,"AUD",288.67,28.87,317.54,317.54,0,"Received","Invoiced","Paid","Admin","01/09/2025","01/09/2025","23/08/2025",6976,"11/08/2025","INV-21555","21/08/2025","23/08/2025",,0,"V00122","GOLD COAST ELECTROPLATING",,"1 pcs","STOCK",,"DAVID C",,
"PO00101",3691.55,369.16,4060.71,4060.71,0,"$",3691.55,369.16,4060.71,4060.71,0,"Received","Invoiced","Paid","David C","01/09/2025","22/09/2025","01/10/2025",,"01/09/2025","PF45830","03/09/2025","10/09/2025",,9,"CU0001","ALLIED RUBBER",,43 ,,,,,
"PO00100",288.68,28.87,317.55,317.55,0,"$",288.68,28.87,317.55,317.55,0,"Received","Invoiced","Paid","Kemal","26/08/2025","29/08/2025","23/08/2025",6976,"15/08/2025","INV-21555","21/08/2025","23/08/2025",,0,"V00122","GOLD COAST ELECTROPLATING",,"2 pcs","STOCK",,"DAVID C",,
"PO00099",141.77,14.18,155.95,155.95,0,"$",141.77,14.18,155.95,155.95,0,"Received","Invoiced","Paid","Kemal","26/08/2025","26/08/2025","05/09/2025",,"26/08/2025",21684,"04/09/2025","06/09/2025",,10,"V00122","GOLD COAST ELECTROPLATING",,"3 pcs",,,,,
"PO00096",29,2.9,31.9,31.9,0,"$",29,2.9,31.9,31.9,0,"Received","Invoiced","Paid","David C","25/08/2025","25/08/2025","27/08/2025",,"25/08/2025",4039895062,"26/08/2025","30/10/2025",,2,"V1210369","BOC GASES",,"1 pcs",,,,,
"PO00095",1503.36,150.34,1653.7,1653.7,0,"$",1503.36,150.34,1653.7,1653.7,0,"Received","Invoiced","Paid","Kemal","21/08/2025","21/08/2025","28/08/2025",,"21/08/2025","012994IB","27/08/2025","30/09/2025",,7,"V00105","TSM - THE STEEL MARKET PTY. LTD",,"5.76 m²","Stock","Y","DAVID C",,"Y"
"PO00093",21.6,2.16,23.76,23.76,0,"AUD",21.6,2.16,23.76,23.76,0,"Received","Invoiced","Paid","Admin","21/08/2025","21/08/2025","18/08/2025",6954,"15/08/2025",1357944,"18/08/2025","30/09/2025","18/08/2025",0,"V00293","HOSE SUPPLIERS AUSTRALIA",,"3 pcs",,,,,
"PO00092",310.2,31.02,341.22,341.22,0,"AUD",310.2,31.02,341.22,341.22,0,"Received","Invoiced","Paid","Admin","21/08/2025","21/08/2025","22/08/2025",,"21/08/2025",1,"01/10/2025",,"21/08/2025",1,"V00202","HYDRAULICS NETWORK",,6 ,"STOCK",,"DAVID C",,
"PO00091",223.26,22.34,245.6,245.6,0,"AUD",223.26,22.34,245.6,245.6,0,"Received","Invoiced","Paid","David C","21/08/2025","04/09/2025","04/09/2025",,"01/09/2025",1806278,"01/09/2025","05/09/2025",,0,"V00042","ALTRONICS",,,,,,,
"PO00090",184.76,18.48,203.24,203.24,0,"$",184.76,18.48,203.24,203.24,0,"Received","Invoiced","Paid","Admin","20/08/2025","20/08/2025","19/08/2025",6980,"15/08/2025","INV490099","20/08/2025","30/09/2025",,0,"V00113","ABL DISTRIBUTION",,"2 pcs","STOCK","Y","DAVID C",,
"PO00089",81.8,8.18,89.98,89.98,0,"$",81.8,8.18,89.98,89.98,0,"Received","Invoiced","Paid","Admin","19/08/2025","19/08/2025","18/08/2025",,"15/08/2025","INV-45775","15/08/2025","30/09/2025",,0,"V00128","BUILD IT FASTENERS",,,,,,,
"PO00088",200,20,220,220,0,"AUD",200,20,220,220,0,"Received","Invoiced","Paid","David C","18/08/2025","01/09/2025","01/10/2025",,"22/08/2025",00010459,"01/10/2025","01/10/2025",,30,"V00290","NERANG CABINETS",,"1 pcs",,,,,
"PO00087",250,25,275,275,0,"$",250,25,275,275,0,"Received","Invoiced","Paid","David C","15/08/2025","18/08/2025","18/08/2025",,"15/08/2025",63165,"18/08/2025","30/09/2025",,0,"V00279","SOUTHERN STAINLESS",,,"STOCK","Y","DAVID C",,"Y"
"PO00085",780,78,858,858,0,"AUD",780,78,858,858,0,"Received","Invoiced","Paid","Admin","14/08/2025","14/08/2025","31/08/2025",,"14/08/2025",402046,"14/08/2025","15/08/2025",,17,"V00307","BARNES MOULDING AND CASTING SUPPLIES",,,,,,,
"PO00084",17.8,1.78,19.58,19.58,0,"$",17.8,1.78,19.58,19.58,0,"Received","Invoiced","Paid","Admin","14/08/2025","14/08/2025","14/08/2025",,"13/08/2025","INV-45725","13/08/2025","30/09/2025",,0,"V00128","BUILD IT FASTENERS",,"20 pcs",,,,,
"PO00083",220,22,242,242,0,"$",220,22,242,242,0,"Received","Invoiced","Paid","David C","14/08/2025","14/08/2025","22/08/2025",,"20/08/2025","INV-BPC18727","27/08/2025","30/10/2025",,8,"V00183","BUNDALL POWDER COATING",,"11 pcs","STOCK","Y","DAVID C",,"Y"
"PO00082",4510,451,4961,4961,0,"$",4510,451,4961,4961,0,"Received","Invoiced","Paid","David C","14/08/2025","25/09/2025","01/09/2025",,"14/08/2025","PF 45755","14/08/2025","01/09/2025",,0,"CU0001","ALLIED RUBBER",,"200 m",,,,,
"PO00081",191.52,19.15,210.67,210.67,0,"AUD",191.52,19.15,210.67,210.67,0,"Received","Invoiced","Paid","Admin","13/08/2025","13/08/2025","13/08/2025",,"12/08/2025",75217965,"13/08/2025","30/09/2025",,0,"V00114","ACTION ALUMINIUM",,"1.5 m",,,,,"N"
"PO00080",176.6,17.66,194.26,194.26,0,"AUD",176.6,17.66,194.26,194.26,0,"Received","Invoiced","Paid","Admin","13/08/2025","13/08/2025","13/08/2025",6977,"12/08/2025","INV-45699","12/08/2025","30/09/2025","13/08/2025",0,"V00128","BUILD IT FASTENERS",,,,,,,
"PO00079",163.42,16.35,179.77,179.77,0,"AUD",163.42,16.35,179.77,179.77,0,"Received","Invoiced","Paid","Admin","12/08/2025","12/08/2025","03/07/2025",,"03/07/2025",24412,"03/07/2025","31/07/2025",,0,"V00093","HYDRAULINK HOSE AND FITTINGS",,"2 pcs",,,,,
"PO00077",550,55,605,605,0,"AUD",550,55,605,605,0,"Received","Invoiced","Paid","David C","12/08/2025","01/09/2025","01/10/2025",,"22/08/2025",00010460,"01/10/2025","01/10/2025",,30,"V00290","NERANG CABINETS",,"3 pcs",0,,,,
"PO00075",77.6,7.76,85.36,85.36,0,"$",77.6,7.76,85.36,85.36,0,"Received","Invoiced","Paid","David C","12/08/2025","13/08/2025","12/08/2025",,"12/08/2025",00035168,"12/08/2025","12/08/2025",,0,"V00259","GOLD COAST WELDING SUPPLIES",,,,,,,
"PO00074",50,5,55,55,0,"$",50,5,55,55,0,"Received","Invoiced","Paid","David C","12/08/2025","29/08/2025","04/09/2025",,"18/08/2025",21684,"04/09/2025","09/09/2025",,6,"V00122","GOLD COAST ELECTROPLATING",,"30 pcs","STOCK","Y","DAVID C",,
"PO00071",20.4,2.04,22.44,22.44,0,"$",20.4,2.04,22.44,22.44,0,"Received","Invoiced","Paid","Admin","11/08/2025","11/08/2025","06/08/2025",,"06/08/2025","INV-45531","06/08/2025","30/09/2025",,0,"V00128","BUILD IT FASTENERS",,,,,,,
"PO00070",402.52,40.25,442.77,442.77,0,"$",402.52,40.25,442.77,442.77,0,"Received","Invoiced","Paid","Admin","11/08/2025","11/08/2025","07/08/2025",,"05/08/2025","IN487444","07/08/2025","30/09/2025",,0,"V00113","ABL DISTRIBUTION",,"22 pcs","STOCK","Y","DAVID C",,
"PO00069",120,12,132,132,0,"AUD",120,12,132,132,0,"Received","Invoiced","Paid","Admin","11/08/2025","11/08/2025","07/08/2025",,"05/08/2025",23131,"07/08/2025","30/09/2025",,0,"V00279","SOUTHERN STAINLESS",,1 ,"STOCK","Y","DAVID C",,"Y"
"PO00068",1225,122.5,1347.5,1347.5,0,"$",1225,122.5,1347.5,1347.5,0,"Received","Invoiced","Paid","Admin","08/08/2025","08/08/2025","06/08/2025",,"31/07/2025","012532IB","05/08/2025","30/09/2025",,0,"V00105","TSM - THE STEEL MARKET PTY. LTD",,,"STOCK","Y","DAVID C",,"Y"
"PO00067",369.75,36.98,406.73,406.73,0,"AUD",369.75,36.98,406.73,406.73,0,"Received","Invoiced","Paid","Admin","08/08/2025","08/08/2025","11/08/2025",,"08/08/2025",401912,"08/08/2025","09/08/2025",,3,"V00307","BARNES MOULDING AND CASTING SUPPLIES",,,,,,,
"PO00066",3,0.3,3.3,3.3,0,"AUD",3,0.3,3.3,3.3,0,"Received","Invoiced","Paid","Admin","08/08/2025","08/08/2025","08/08/2025",,"07/08/2025","INV-45602","07/08/2025","30/09/2025",,0,"V00128","BUILD IT FASTENERS",,"100 pcs","STOCK","Y","DAVID C",,
"PO00065",1314,131.4,1445.4,1445.4,0,"AUD",1314,131.4,1445.4,1445.4,0,"Received","Invoiced","Paid","Admin","07/08/2025","07/08/2025","08/08/2025",,"05/08/2025","PF 134028","05/08/2025","06/08/2025",,1,"V00120","GWS (GEORGE WESTON AND SONS)",,,,,,,
"PO00064",5211.7,521.17,5732.87,5732.87,0,"AUD",5211.7,521.17,5732.87,5732.87,0,"Received","Invoiced","Paid","Admin","07/08/2025","07/08/2025","13/08/2025",,"31/07/2025",23676062,"31/07/2025","08/08/2025","13/08/2025",6,"V00125","INFRABUILD STEEL CENTRE",,,,,,,
"PO00063",142.77,14.28,157.05,157.05,0,"AUD",142.77,14.28,157.05,157.05,0,"Received","Invoiced","Paid","Admin","05/08/2025","05/08/2025","16/08/2025",,"05/08/2025","INV01686","05/08/2025","06/08/2025","11/08/2025",11,"V00308","PJ BOWERS PTY LTD",,1 ,,,,,
"PO00062",606.02,60.61,666.63,666.63,0,"$",606.02,60.61,666.63,666.63,0,"Received","Invoiced","Paid","David C","05/08/2025","14/08/2025","14/08/2025",,"12/08/2025","1802591 1802593","12/08/2025","18/08/2025",,0,"V00042","ALTRONICS",,,"STOCK","Y","DAVID C",,
"PO00061",127.07,12.71,139.78,139.78,0,"AUD",127.07,12.71,139.78,139.78,0,"Received","Invoiced","Paid","Admin","05/08/2025","05/08/2025","31/08/2025",,"05/08/2025",4017811,"05/08/2025","06/08/2025",,26,"V00307","BARNES MOULDING AND CASTING SUPPLIES","STEPHEN PAID ON HIS CREDIT CARD",,,,,,
"PO00060",1,0.1,1.1,1.1,0,"$",1,0.1,1.1,1.1,0,"Received","Invoiced","Paid","David C","01/08/2025","08/08/2025","31/08/2025",1,"11/08/2025",1,"05/10/2025",,,23,"V00183","BUNDALL POWDER COATING",,"1 pcs","STOCK","Y","DAVID C",,"Y"
"PO00059",2380,238,2618,2618,0,"AUD",2380,238,2618,2618,0,"Received","Invoiced","Paid","Admin","31/07/2025","31/07/2025","01/08/2025",,"31/07/2025","PF INV JULY","31/07/2025","01/08/2025",,1,"V00198","INDUSTRIAL MINERALS",,"4 pcs",,,,,
"PO00058",675,67.5,742.5,742.5,0,"$",675,67.5,742.5,742.5,0,"Received","Invoiced","Paid","Admin","30/07/2025","30/07/2025","17/07/2025",,"17/07/2025","012273IB","25/07/2025","30/08/2025","17/07/2025",0,"V00105","TSM - THE STEEL MARKET PTY. LTD",,,,,,,"Y"
"PO00057",208.8,20.88,229.68,229.68,0,"$",208.8,20.88,229.68,229.68,0,"Received","Invoiced","Paid","Kemal","30/07/2025","30/07/2025","07/08/2025",,"30/07/2025","BWSO006266880","31/07/2025","31/07/2025",,8,"V00274","BLACKWOODS","PLEASE FREIGHT TO BLUE WATER ENGINEERING",,,,,,
"PO00056",675,67.5,742.5,742.5,0,"$",675,67.5,742.5,742.5,0,"Received","Invoiced","Paid","Admin","30/07/2025","30/07/2025","14/07/2025",,"14/07/2025","012169IB","18/07/2025","30/08/2025","14/07/2025",0,"V00105","TSM - THE STEEL MARKET PTY. LTD",,,"STOCK","Y","DAVID C",,"Y"
"PO00055",2165,216.5,2381.5,2381.5,0,"$",2165,216.5,2381.5,2381.5,0,"Received","Invoiced","Paid","David C","28/07/2025","31/07/2025","31/08/2025",,"28/07/2025","012431IB","31/07/2025","30/08/2025",,31,"V00105","TSM - THE STEEL MARKET PTY. LTD",,,"STOCK",,"DERRYN F",,"Y"
"PO00054",674.18,67.41,741.59,741.59,0,"$",674.18,67.41,741.59,741.59,0,"Received","Invoiced","Paid","David C","24/07/2025","01/08/2025","29/07/2025",,"24/07/2025","INV-21272","28/07/2025","30/07/2025",,0,"V00122","GOLD COAST ELECTROPLATING",,"16 pcs",,,,,
"PO00053",505,50.5,555.5,555.5,0,"$",505,50.5,555.5,555.5,0,"Received","Invoiced","Paid","David C","24/07/2025","13/08/2025","18/08/2025",,"24/07/2025",3132,"17/11/2025",,,5,"V00206","SPECIALISED ANODISING SERVICE",,,0,,"DAVID C",,
"PO00052",1820,182,2002,2002,0,"$",1820,182,2002,2002,0,"Received","Invoiced","Paid","Admin","23/07/2025","23/07/2025","22/07/2025",,"19/07/2025","INV-366","19/07/2025","30/08/2025",,0,"V00074","HANDCRAFT STUDIO",,,,,,,
"PO00051",2652.36,265.24,2917.6,2917.59,0.01,"$",2652.36,265.24,2917.6,2917.59,0.01,"Received","Invoiced","Paid","Admin","23/07/2025","23/07/2025","25/07/2025",,"23/07/2025",23667550,"23/07/2025","23/07/2025",,2,"V00125","INFRABUILD STEEL CENTRE",,,,,,,
"PO00050",197.5,19.75,217.25,217.25,0,"$",197.5,19.75,217.25,217.25,0,"Received","Invoiced","Paid","Admin","23/07/2025","23/07/2025","22/07/2025",,"22/07/2025","INV-45164","22/07/2025","30/08/2025",,0,"V00128","BUILD IT FASTENERS",,,,,,,
"PO00049",2736.01,273.61,3009.62,3009.62,0,"AUD",2736.01,273.61,3009.62,3009.62,0,"Received","Invoiced","Paid","Admin","22/07/2025","22/07/2025","23/07/2025",,"17/07/2025",75215037,"21/07/2025","30/08/2025",,1,"V00114","ACTION ALUMINIUM",,"3.31 pcs",,,,,"N"
"PO00048",595,59.5,654.5,654.5,0,"AUD",595,59.5,654.5,654.5,0,"Received","Invoiced","Paid","Admin","22/07/2025","22/07/2025","26/07/2025",,"16/07/2025",63047,"21/07/2025","30/08/2025",,4,"V00279","SOUTHERN STAINLESS",,52 ,"STOCK","Y","DAVID C",,"Y"
"PO00047",130,13,143,143,0,"AUD",130,13,143,143,0,"Received","Invoiced","Paid","Admin","21/07/2025","21/07/2025","28/08/2025",,"10/07/2025",20260032,"18/07/2025","21/08/2025",,38,"V00145","CUSTOM TRUCK BODIES AND TRAILERS",,1 ,,,,,
"PO00046",124.43,12.45,136.88,136.88,0,"$",124.43,12.45,136.88,136.88,0,"Received","Invoiced","Paid","Admin","21/07/2025","21/07/2025","18/07/2025",,"18/07/2025",15484417,"18/07/2025","30/08/2025",,0,"V00047","REXEL ELECTRICAL SUPPLIES",,,"STOCK","Y","DAVID C",,
"PO00045",200,20,220,220,0,"AUD",200,20,220,220,0,"Received","Invoiced","Paid","Admin","21/07/2025","28/07/2025","17/07/2025",,"17/07/2025",00010391,"17/07/2025","30/08/2025",,0,"V00290","NERANG CABINETS",,"1 pcs","STOCK",,"DAVID C",,
"PO00044",40.91,4.09,45,45,0,"$",40.91,4.09,45,45,0,"Received","Invoiced","Paid","Admin","21/07/2025","21/07/2025","20/08/2025",,"17/07/2025",445738,"17/07/2025","30/08/2025","17/07/2025",30,"V00181","ALLIED BEARINGS & SEALS",,"6 pcs","STOCK",,"DAVID C",,
"PO00043",1721,172.1,1893.1,1893.1,0,"$",1721,172.1,1893.1,1893.1,0,"Received","Invoiced","Paid","Admin","21/07/2025","21/07/2025","18/07/2025",,"11/07/2025",2235558,"17/07/2025","30/08/2025","18/07/2025",0,"V00245","MIDWAY METALS",,,"STOCK","Y","DAVID C",,"Y"
"PO00042",1440,144,1584,1584,0,"AUD",1440,144,1584,1584,0,"Received","Invoiced","Paid","Admin","21/07/2025","21/07/2025","29/08/2025",,"18/06/2025",20250762,"18/06/2025","29/08/2025",,39,"V00145","CUSTOM TRUCK BODIES AND TRAILERS","FOR BOYNE SMELTERS LIMITED","1 pcs",,,,,
"PO00041",3,0.3,3.3,0,3.3,"$",3,0.3,3.3,0,3.3,"Received","Not invoiced","Unpaid","David C","18/07/2025","18/07/2025","22/07/2025",,"18/07/2025",,,,,4,"V00043","MELBOURNE ROPE AND SPLICING","FOR STOCK",,,,,,
"PO00040",810.33,81.03,891.36,891.36,0,"AUD",810.33,81.03,891.36,891.36,0,"Received","Invoiced","Paid","Admin","17/07/2025","17/07/2025","17/07/2025",,"17/07/2025","503-2644122-2903864","17/07/2025","18/07/2025",,0,"V00268","AMAZON","ANNA PAID ON HER CREDIT CARD",,,,,,
"PO00039",176.76,17.68,194.44,194.44,0,"AUD",176.76,17.68,194.44,194.44,0,"Received","Invoiced","Paid","Admin","16/07/2025","16/07/2025","16/08/2025",,"15/07/2025","INV021502","15/07/2025","30/08/2025","15/07/2025",31,"V00297","ENGINEERING TOOLING SUPPLIES PTY LTD",,"1 pcs",0,,"DAVID C",,
"PO00038",537.35,53.75,591.1,591.1,0,"$",537.35,53.75,591.1,591.1,0,"Received","Invoiced","Paid","David C","16/07/2025","18/07/2025","23/07/2025",,"17/07/2025","SF269913","17/07/2025","18/07/2025",,5,"V00294","Electus Distribution",,,,,,,
"PO00037",274.87,27.49,302.36,302.36,0,"$",274.87,27.49,302.36,302.36,0,"Received","Invoiced","Paid","David C","15/07/2025","21/07/2025","30/07/2025",,"15/07/2025","INV-21200","21/07/2025","23/07/2025",,9,"V00122","GOLD COAST ELECTROPLATING","Zincplate all parts",,,,,,
"PO00035",414.69,41.48,456.17,456.17,0,"$",414.69,41.48,456.17,456.17,0,"Received","Invoiced","Paid","Admin","15/07/2025","15/07/2025","11/07/2025",,"01/07/2025",1794655,"03/07/2025","15/07/2025",,0,"V00042","ALTRONICS","ORDERED AND PAID FOR BY JOHNNY MAC",,,,,,
"PO00034",3429.06,,3429.06,3429.06,0,"$",3429.06,,3429.06,3429.06,0,"Received","Invoiced","Paid","David C","15/07/2025","19/08/2025","07/08/2025",,"15/07/2025","SV-BWE-250715","15/07/2025","18/07/2025",,0,"V00291","STONKAM",,,,,,,
"PO00033",63,6.3,69.3,69.3,0,"$",63,6.3,69.3,69.3,0,"Received","Invoiced","Paid","Admin","15/07/2025","15/07/2025","16/07/2025",,"14/07/2025",266567,"14/07/2025","16/07/2025",,1,"V00286","ISCAR AUSTRALIA PTY LTD",,,,,,,
"PO00032",140,14,154,154,0,"$",140,14,154,154,0,"Received","Invoiced","Paid","David C","15/07/2025","22/07/2025","30/08/2025","BUNDALL POWDER COATING","15/07/2025","INV-BPC18650","29/07/2025","30/08/2025",,39,"V00183","BUNDALL POWDER COATING",,,"STOCK","Y","DAVID C",,"Y"
"PO00031",163.41,16.35,179.76,179.76,0,"$",163.41,16.35,179.76,179.76,0,"Received","Invoiced","Paid","Admin","14/07/2025","14/07/2025","30/08/2025",,"03/07/2025",24412,"03/07/2025","30/08/2025",,47,"V00093","HYDRAULINK HOSE AND FITTINGS",,"2 pcs","STOCK","Y","DAVID C",,
"PO00030",180,18,198,198,0,"AUD",180,18,198,198,0,"Received","Invoiced","Paid","Admin","14/07/2025","21/07/2025","01/07/2025",,"18/06/2025",00010373,"01/07/2025","01/07/2025",,0,"V00290","NERANG CABINETS",,"1 pcs","STOCK","Y","DERRYN F",,
"PO00029",11.2,1.12,12.32,12.32,0,"$",11.2,1.12,12.32,12.32,0,"Received","Invoiced","Paid","Admin","14/07/2025","14/07/2025","30/08/2025",,"11/07/2025","INV-44942","11/07/2025","30/08/2025",,47,"V00128","BUILD IT FASTENERS",,"8 pcs",,,,,
"PO00028",437.75,43.78,481.53,481.53,0,"AUD",437.75,43.78,481.53,481.53,0,"Received","Invoiced","Paid","Admin","14/07/2025","14/07/2025","30/08/2025",,"08/07/2025",1355794,"08/07/2025","30/08/2025",,47,"V00293","HOSE SUPPLIERS AUSTRALIA",,,,,,,
"PO00027",257.9,25.8,283.7,283.7,0,"$",257.9,25.8,283.7,283.7,0,"Received","Invoiced","Paid","Admin","14/07/2025","14/07/2025","14/07/2025",,"10/07/2025",808531,"10/07/2025","14/07/2025",,0,"V00135","SEI CARBIDE",,"25 pcs",,,,,"N"
"PO00026",2996.5,299.65,3296.15,3296.15,0,"AUD",2996.5,299.65,3296.15,3296.15,0,"Received","Invoiced","Paid","Admin","11/07/2025","11/07/2025","24/07/2025",,"10/07/2025","INV-1767","10/07/2025","24/07/2025",,13,"V00292","MACHINE TOOL SERVICE & REPAIR PTY LTD",,18 ,,,,,
"PO00025",188.2,18.82,207.02,207.02,0,"$",188.2,18.82,207.02,207.02,0,"Received","Invoiced","Paid","Admin","11/07/2025","18/07/2025","30/08/2025",,"08/07/2025","INV-44862","08/07/2025","30/08/2025",,43,"V00128","BUILD IT FASTENERS",,,,,,,
"PO00024",1136.84,113.71,1250.55,1250.55,0,"$",1136.84,113.71,1250.55,1250.55,0,"Received","Invoiced","Paid","Admin","10/07/2025","10/07/2025","29/08/2025",,"02/07/2025",808005,"02/07/2025","10/07/2025",,50,"V00135","SEI CARBIDE",,,,,,,"N"
"PO00023",2835,283.5,3118.5,3118.5,0,"$",2835,283.5,3118.5,3118.5,0,"Received","Invoiced","Paid","David C","10/07/2025","17/07/2025","16/07/2025",,"10/07/2025",0000,,,,0,"V00279","SOUTHERN STAINLESS",,"27 pcs","STOCK","Y","DAVID C",,"Y"
"PO00022",180,18,198,198,0,"AUD",180,18,198,198,0,"Received","Invoiced","Paid","Admin","09/07/2025","09/07/2025","30/07/2025",,"16/06/2025",000103372,"01/07/2025","30/08/2025",,21,"V00290","NERANG CABINETS",,"1 pcs","STOCK","Y","DAVID C",,
"PO00021",188.2,18.82,207.02,207.02,0,"AUD",188.2,18.82,207.02,207.02,0,"Received","Invoiced","Paid","Admin","09/07/2025","16/07/2025","30/07/2025",,"08/07/2025","INV-44868","08/07/2025","30/08/2025",,14,"V00128","BUILD IT FASTENERS",,,"STOCK","Y","DAVID C",,
"PO00020",110.31,11.03,121.34,121.34,0,"AUD",110.31,11.03,121.34,121.34,0,"Received","Invoiced","Paid","Admin","09/07/2025","09/07/2025","09/07/2025",,"07/07/2025","INV-21035","07/07/2025","09/07/2025",,0,"V00122","GOLD COAST ELECTROPLATING",,,,,,,
"PO00019",2850.96,285.1,3136.06,3136.06,0,"$",2850.96,285.1,3136.06,3136.06,0,"Received","Invoiced","Paid","David C","09/07/2025","23/07/2025","21/07/2025",,"09/07/2025","INV-BPC18635","17/07/2025","30/08/2025","17/07/2025",0,"V00183","BUNDALL POWDER COATING",,"11 pcs","STOCK","Y","DAVID C",,"Y"
"PO00018",2004.5,,2004.5,2004.5,0,"AUD",2004.5,,2004.5,2004.5,0,"Received","Invoiced","Paid","Admin","07/07/2025","07/07/2025","21/07/2025",,"03/07/2025","2025XM00030","03/07/2025",,,14,"V00289","ZAIGEO GROUP",,,,,,,
"PO00017",10.51,1.06,11.57,11.57,0,"$",10.51,1.06,11.57,11.57,0,"Received","Invoiced","Paid","Admin","07/07/2025","07/07/2025","02/07/2025","V00128","02/07/2025","INV-44743","02/07/2025","02/07/2025","02/07/2025",0,"V00128","BUILD IT FASTENERS",,,,,,,
"PO00015",620,62,682,231,451,"$",620,62,682,231,451,"Received","Invoiced","Paid partially 33.87%","David C","01/07/2025","11/07/2025","30/07/2025",,"01/07/2025","INV-BPC18623","10/07/2025","30/08/2025",,19,"V00183","BUNDALL POWDER COATING",,"12 pcs","STOCK","Y","DAVID C",,"Y"
"PO00014",650.47,0,650.47,650.47,0,"$",650.47,0,650.47,650.47,0,"Received","Invoiced","Paid","Admin","01/07/2025","01/07/2025","29/09/2025","25KPL1007","01/07/2025","25KPL1007","09/08/2025","22/09/2025",,90,"V00060","NINGBO KEPLER AUTOMATION CO., LTD (NINGBO SHIMAOTONG INTERNATIONAL",,"241 pcs",,,,,"N"
"PO00013",400,40,440,440,0,"$",400,40,440,440,0,"Received","Invoiced","Paid","Admin","30/06/2025","01/07/2025","08/08/2025",,"30/06/2025",62977,"03/07/2025","30/08/2025",,38,"V00279","SOUTHERN STAINLESS",,"20 pcs","STOCK","Y","DAVID C",,"Y"
"PO00012",2575.5,257.55,2833.05,2833.05,0,"$",2575.5,257.55,2833.05,2833.05,0,"Received","Invoiced","Paid","Admin","25/06/2025","16/07/2025","07/07/2025",,"26/06/2025",45627,"25/06/2025","26/06/2025",,0,"CU0001","ALLIED RUBBER",,,,,,,
"PO00011",83.18,8.32,91.5,91.5,0,"$",83.18,8.32,91.5,91.5,0,"Received","Invoiced","Paid","Kemal","23/06/2025","23/06/2025","31/07/2025",,"23/06/2025","IN477308","23/06/2025","31/07/2025","31/07/2025",38,"V00113","ABL DISTRIBUTION",,,"STOCK","Y","STEPHEN P",,
"PO00010",703.55,70.36,773.91,773.91,0,"$",703.55,70.36,773.91,773.91,0,"Received","Invoiced","Paid","Kemal","19/06/2025","21/07/2025","31/07/2025",,"19/06/2025","I0248208","20/06/2025","30/07/2025","20/06/2025",10,"V00171","TAIPAN PTY LTD","PARTS AS PER INVOICE I0244411
CONTACT: DAVID CUMMINS 07 5597 0511",,,,,,
"PO00007",1747.66,0,1747.66,1747.66,0,"$",1747.66,0,1747.66,1747.66,0,"Received","Invoiced","Paid","Kemal","19/06/2025","08/08/2025","15/08/2025",,"19/06/2025","MS20250728-A028","28/07/2025","08/08/2025",,7,"V00020","Ningbo Yinzhou Maisi Mechanical & Electrical Co., Ltd",,,,,,,"N"
"PO00006",404,40.4,444.4,444.4,0,"$",404,40.4,444.4,444.4,0,"Received","Invoiced","Paid","Kemal","19/06/2025","08/08/2025","06/08/2025",,"19/06/2025","55010-000","04/08/2025","05/08/2025",,0,"V00004","ROWMARK",,,,,,,
"PO00005",8,,8,8,0,"$",8,,8,8,0,"Received","Invoiced","Paid","David C","18/06/2025","02/07/2025","27/06/2025",,"19/06/2025","INV-BPC18597","27/06/2025","30/07/2025",,0,"V00183","BUNDALL POWDER COATING","All items to be powder coated as per previously supplied drawings","8 pcs","STOCK","Y","DAVID C",,"Y"
"PO00004",2822.677,0,2822.677,2822.68,-0.003,"AUD",4342.58,0,4342.58,4342.58,0,"Received","Invoiced","Paid","Kemal","18/06/2025","27/06/2025","31/07/2025",,"18/06/2025","PDM2506192032","20/06/2025",,,34,"V00287","PDMINDUSTRY LIMITED",,,,,,,
"PO00002",2,0.14,2.14,2.14,0,"$",2,0.14,2.14,2.14,0,"Received","Invoiced","Paid","David C","06/05/2025","09/05/2025","09/05/2025",1111,"05/06/2025",2222,"07/05/2025","07/05/2025","08/05/2025",0,"V00002","Light Emitting Co",,"410 pcs","test",,"DAVID C",,
"PO00001",0,0,0,9630,-9630,"$",0,0,0,9630,-9630,"Received","Invoiced","Paid","David C","06/05/2025","09/05/2025","09/05/2025",,,123,,,,0,"V00001","Big Case Molding",,,,,,,
